employee_name,employee_code,on_date,status,status_code,remarks,seed_id
Alok Kumar,AFSM-001,2024-04-01,Present,0,Generated default Present: no absent/halfday mark,afd49324-0870-5420-92b4-01ac78aa7823
Alok Kumar,AFSM-001,2024-04-02,Present,0,Generated default Present: no absent/halfday mark,abd8b558-91ee-58dc-932d-430276b51adc
Alok Kumar,AFSM-001,2024-04-03,Present,0,Generated default Present: no absent/halfday mark,9d143911-4d88-57b0-8a88-65e081c57916
Alok Kumar,AFSM-001,2024-04-04,Present,0,Generated default Present: no absent/halfday mark,f5e3337b-7b5e-5911-a786-f85849a45861
Alok Kumar,AFSM-001,2024-04-05,Present,0,Generated default Present: no absent/halfday mark,916fc8df-07d9-5adc-a9c4-420fe2326b36
Alok Kumar,AFSM-001,2024-04-06,Present,0,Generated default Present: no absent/halfday mark,72585170-4a39-5c8c-be0d-3f5b4e304fc2
Alok Kumar,AFSM-001,2024-04-07,Present,0,Generated default Present: no absent/halfday mark,fa05712a-6497-51df-a4d0-2aaab76d1c17
Alok Kumar,AFSM-001,2024-04-08,Present,0,Generated default Present: no absent/halfday mark,1e75bc24-33bd-53b7-9e09-25a1d8a95f04
Alok Kumar,AFSM-001,2024-04-09,Present,0,Generated default Present: no absent/halfday mark,3f59a3cd-f335-53e9-8306-244c2c491619
Alok Kumar,AFSM-001,2024-04-10,Present,0,Generated default Present: no absent/halfday mark,c0535f57-dbe5-5052-95c2-6d75732964bd
Alok Kumar,AFSM-001,2024-04-11,Present,0,Generated default Present: no absent/halfday mark,4bf765aa-f743-5e65-bdaa-222f74d9e5e5
Alok Kumar,AFSM-001,2024-04-12,Present,0,Generated default Present: no absent/halfday mark,80bc47a0-3d7c-5001-84cc-09c1bad32b5c
Alok Kumar,AFSM-001,2024-04-13,Present,0,Generated default Present: no absent/halfday mark,7ee3c541-cacf-5d39-94e2-a756a59c0144
Alok Kumar,AFSM-001,2024-04-14,Present,0,Generated default Present: no absent/halfday mark,3710e801-717c-53f8-9a16-cae4f3fece7a
Alok Kumar,AFSM-001,2024-04-15,Present,0,Generated default Present: no absent/halfday mark,8c75a174-afc8-5bf3-8bb8-dc77f5e8ebb2
Alok Kumar,AFSM-001,2024-04-16,Present,0,Generated default Present: no absent/halfday mark,4aa6dfc6-b694-5f37-b9e0-b36a7afb4059
Alok Kumar,AFSM-001,2024-04-17,Present,0,Generated default Present: no absent/halfday mark,aa381e3a-b975-5dc8-aabd-057885b5cdea
Alok Kumar,AFSM-001,2024-04-18,Present,0,Generated default Present: no absent/halfday mark,7e369eb8-2f99-5ba6-9593-b3469c076c64
Alok Kumar,AFSM-001,2024-04-19,Present,0,Generated default Present: no absent/halfday mark,5fdf5e6e-9f28-5b13-8494-c45adecbf60c
Alok Kumar,AFSM-001,2024-04-20,Present,0,Generated default Present: no absent/halfday mark,64ad727d-872e-5e1a-85d7-d4966936bb3c
Alok Kumar,AFSM-001,2024-04-21,Present,0,Generated default Present: no absent/halfday mark,68fd03ec-a087-55a7-bc4e-846cf3074d00
Alok Kumar,AFSM-001,2024-04-22,Present,0,Generated default Present: no absent/halfday mark,3d414663-a04f-5f8b-8454-b877e2ad4d30
Alok Kumar,AFSM-001,2024-04-23,Present,0,Generated default Present: no absent/halfday mark,ad0b7194-6dea-5dcd-978d-5f398285d7d1
Alok Kumar,AFSM-001,2024-04-24,Present,0,Generated default Present: no absent/halfday mark,a77e35ce-8d21-5a7b-b546-2a6533226251
Alok Kumar,AFSM-001,2024-04-25,Present,0,Generated default Present: no absent/halfday mark,0fbefb2c-5aaf-56ea-ac90-34538bec75ad
Alok Kumar,AFSM-001,2024-04-26,Present,0,Generated default Present: no absent/halfday mark,3ed2e01c-53b9-5823-ba50-8129c65e27d2
Alok Kumar,AFSM-001,2024-04-27,Present,0,Generated default Present: no absent/halfday mark,a4251e4c-8697-5269-9d78-d28ae2274a13
Alok Kumar,AFSM-001,2024-04-28,Present,0,Generated default Present: no absent/halfday mark,c585757e-8708-5c6b-a17d-b62ce4e3414a
Alok Kumar,AFSM-001,2024-04-29,Present,0,Generated default Present: no absent/halfday mark,7e3728d8-5bee-5a8d-ba9b-55b2f4f1aca8
Alok Kumar,AFSM-001,2024-04-30,Present,0,Generated default Present: no absent/halfday mark,4d4e99b8-c972-53aa-ac71-cc642466a331
Alok Kumar,AFSM-001,2024-05-01,Present,0,Generated default Present: no absent/halfday mark,8784d77c-9f40-502c-8d46-0fa854a4c90f
Alok Kumar,AFSM-001,2024-05-02,Present,0,Generated default Present: no absent/halfday mark,3eecef58-57e5-5004-b693-f24cdb792fe7
Alok Kumar,AFSM-001,2024-05-03,Present,0,Generated default Present: no absent/halfday mark,f3915319-b0ea-5def-8b53-6ce0257a1923
Alok Kumar,AFSM-001,2024-05-04,Present,0,Generated default Present: no absent/halfday mark,35e8f48a-0a0b-5100-b2bc-474c01627d16
Alok Kumar,AFSM-001,2024-05-05,Present,0,Generated default Present: no absent/halfday mark,ab77f86d-3c62-5044-96f3-c1b7208bbf7a
Alok Kumar,AFSM-001,2024-05-06,Present,0,Generated default Present: no absent/halfday mark,8175b172-a3c6-59ab-81c1-1af3508483a6
Alok Kumar,AFSM-001,2024-05-07,Present,0,Generated default Present: no absent/halfday mark,c3a7b029-3560-5ad9-9764-c852e822b708
Alok Kumar,AFSM-001,2024-05-08,Present,0,Generated default Present: no absent/halfday mark,d63a7d70-2b30-530a-935b-dcd54e348c8d
Alok Kumar,AFSM-001,2024-05-09,Present,0,Generated default Present: no absent/halfday mark,b3e07e98-3569-5449-b548-899dbc909b96
Alok Kumar,AFSM-001,2024-05-10,Present,0,Generated default Present: no absent/halfday mark,63805b31-4941-5c5a-8551-2e806ee894d5
Alok Kumar,AFSM-001,2024-05-11,Present,0,Generated default Present: no absent/halfday mark,23cc664a-e96c-5092-af36-e7b044f55131
Alok Kumar,AFSM-001,2024-05-12,Present,0,Generated default Present: no absent/halfday mark,27bdb24c-6d33-56ee-9c71-0c10d4059812
Alok Kumar,AFSM-001,2024-05-13,Present,0,Generated default Present: no absent/halfday mark,34f39af2-0521-5227-999e-2d5fb9248f5c
Alok Kumar,AFSM-001,2024-05-14,Present,0,Generated default Present: no absent/halfday mark,5bfecaf8-fe02-5f49-9efe-1d3d333fd7ae
Alok Kumar,AFSM-001,2024-05-15,Present,0,Generated default Present: no absent/halfday mark,8df9df3b-dd0d-5705-8137-e976531cf1e5
Alok Kumar,AFSM-001,2024-05-16,Present,0,Generated default Present: no absent/halfday mark,da0411d7-1625-5e3c-9ece-941e7d20f850
Alok Kumar,AFSM-001,2024-05-17,Present,0,Generated default Present: no absent/halfday mark,54dbc9be-d7d0-5498-8b10-0582b4234409
Alok Kumar,AFSM-001,2024-05-18,Present,0,Generated default Present: no absent/halfday mark,abc6bcb7-6954-546e-b3b4-362980961ebd
Alok Kumar,AFSM-001,2024-05-19,Present,0,Generated default Present: no absent/halfday mark,ffa226b5-f94b-5e6d-876d-05cf0f2f3d1a
Alok Kumar,AFSM-001,2024-05-20,Present,0,Generated default Present: no absent/halfday mark,c9998647-aaa9-58fe-8470-452faf23545e
Alok Kumar,AFSM-001,2024-05-21,Present,0,Generated default Present: no absent/halfday mark,ab2ae3b6-db63-50e6-95e8-73a78b9a9d36
Alok Kumar,AFSM-001,2024-05-22,Present,0,Generated default Present: no absent/halfday mark,22df9473-f2c7-5d73-8fb0-c0a5c1b0c5b1
Alok Kumar,AFSM-001,2024-05-23,Present,0,Generated default Present: no absent/halfday mark,8defbd2d-6846-5aeb-9f89-87b70a908d71
Alok Kumar,AFSM-001,2024-05-24,Present,0,Generated default Present: no absent/halfday mark,230d111e-f1f2-521b-984c-544cfcbb6111
Alok Kumar,AFSM-001,2024-05-25,Present,0,Generated default Present: no absent/halfday mark,2300f45d-de72-50c8-83a8-8acc2eeb8e8b
Alok Kumar,AFSM-001,2024-05-26,Present,0,Generated default Present: no absent/halfday mark,5399de8b-9eac-563f-b689-efb72161bb75
Alok Kumar,AFSM-001,2024-05-27,Present,0,Generated default Present: no absent/halfday mark,c9cf19b9-b6da-5169-b74e-643ae393216d
Alok Kumar,AFSM-001,2024-05-28,Present,0,Generated default Present: no absent/halfday mark,93c51d5f-81ae-548f-8baa-d54749ca7460
Alok Kumar,AFSM-001,2024-05-29,Present,0,Generated default Present: no absent/halfday mark,c236a922-1112-5166-974d-3e47b8b457cd
Alok Kumar,AFSM-001,2024-05-30,Present,0,Generated default Present: no absent/halfday mark,9cb685d4-fd8a-5725-8c3f-359f73f6c674
Alok Kumar,AFSM-001,2024-05-31,Present,0,Generated default Present: no absent/halfday mark,86f76686-ee78-5b7c-918b-2653e6202bbd
Alok Kumar,AFSM-001,2024-06-01,Present,0,Generated default Present: no absent/halfday mark,8cbca137-ae4f-50a1-be04-e9bc8797c069
Alok Kumar,AFSM-001,2024-06-02,Present,0,Generated default Present: no absent/halfday mark,3dea5275-71c7-51ef-a3aa-1a4e0197ba23
Alok Kumar,AFSM-001,2024-06-03,Present,0,Generated default Present: no absent/halfday mark,f09116d3-80e5-5001-917c-6dc3c48fe43b
Alok Kumar,AFSM-001,2024-06-04,Present,0,Generated default Present: no absent/halfday mark,b56e313e-2b65-56f1-9ae8-7890cc69904d
Alok Kumar,AFSM-001,2024-06-05,Present,0,Generated default Present: no absent/halfday mark,dbf4fe74-8deb-5cab-b614-3d0a6ad5d83c
Alok Kumar,AFSM-001,2024-06-06,Present,0,Generated default Present: no absent/halfday mark,77431d0b-3b16-5b8a-a6b6-286cbdc1934f
Alok Kumar,AFSM-001,2024-06-07,Present,0,Generated default Present: no absent/halfday mark,eaad9030-bc0f-563a-bd49-064bdc2e7fa0
Alok Kumar,AFSM-001,2024-06-08,Present,0,Generated default Present: no absent/halfday mark,58c0a47a-1b16-5828-bc51-cc67084af812
Alok Kumar,AFSM-001,2024-06-09,Present,0,Generated default Present: no absent/halfday mark,74d6671f-c613-59bd-b870-979ecbc5684e
Alok Kumar,AFSM-001,2024-06-10,Present,0,Generated default Present: no absent/halfday mark,edff1517-fda0-5781-9b08-e82c04b9288d
Alok Kumar,AFSM-001,2024-06-11,Present,0,Generated default Present: no absent/halfday mark,5ac7dd7f-3299-5277-8581-1ba737f49a9b
Alok Kumar,AFSM-001,2024-06-12,Present,0,Generated default Present: no absent/halfday mark,f248355e-36bb-597b-b736-b8438a90c123
Alok Kumar,AFSM-001,2024-06-13,Present,0,Generated default Present: no absent/halfday mark,6bf678bc-c9e7-5c18-b179-f9bbca100826
Alok Kumar,AFSM-001,2024-06-14,Present,0,Generated default Present: no absent/halfday mark,a0190a94-d31c-5504-8e24-fe1fbbb6b5f2
Alok Kumar,AFSM-001,2024-06-15,Present,0,Generated default Present: no absent/halfday mark,064bf648-8c6a-5d75-bed8-f611c232c365
Alok Kumar,AFSM-001,2024-06-16,Present,0,Generated default Present: no absent/halfday mark,09254dd2-4aa0-5398-82b9-5606682c017d
Alok Kumar,AFSM-001,2024-06-17,Present,0,Generated default Present: no absent/halfday mark,6d10b4ac-bc67-541a-aedf-fea5e025aa3c
Alok Kumar,AFSM-001,2024-06-18,Present,0,Generated default Present: no absent/halfday mark,c1b8cd66-ec20-5d03-a8ec-e5e84680429b
Alok Kumar,AFSM-001,2024-06-19,Present,0,Generated default Present: no absent/halfday mark,974ce87a-80db-5318-8d4b-3c76efe373c7
Alok Kumar,AFSM-001,2024-06-20,Present,0,Generated default Present: no absent/halfday mark,aed6bc4f-3f17-54eb-bce6-2def9ae665cd
Alok Kumar,AFSM-001,2024-06-21,Present,0,Generated default Present: no absent/halfday mark,764d4d10-a83b-598a-b213-f452deb5df59
Alok Kumar,AFSM-001,2024-06-22,Present,0,Generated default Present: no absent/halfday mark,1ce6adeb-a85a-51f3-9182-be084674baa8
Alok Kumar,AFSM-001,2024-06-23,Present,0,Generated default Present: no absent/halfday mark,7376d343-694c-51a9-9ae6-aa760c80fe8b
Alok Kumar,AFSM-001,2024-06-24,Present,0,Generated default Present: no absent/halfday mark,b09bb562-9579-507a-ba56-7f012eb58457
Alok Kumar,AFSM-001,2024-06-25,Present,0,Generated default Present: no absent/halfday mark,d820110f-9a9e-563a-ade1-e0f8214c84e3
Alok Kumar,AFSM-001,2024-06-26,Present,0,Generated default Present: no absent/halfday mark,1c8cc2ed-4f90-5d7f-bb2a-7a59032e5502
Alok Kumar,AFSM-001,2024-06-27,Present,0,Generated default Present: no absent/halfday mark,3ad6b16e-3bb0-5d5a-99b3-83fa7294513f
Alok Kumar,AFSM-001,2024-06-28,Present,0,Generated default Present: no absent/halfday mark,9c3579c3-d4f7-5cd3-82fb-79e931cd4fea
Alok Kumar,AFSM-001,2024-06-29,Present,0,Generated default Present: no absent/halfday mark,63c231d6-4edc-5d66-b275-2007014c1451
Alok Kumar,AFSM-001,2024-06-30,Present,0,Generated default Present: no absent/halfday mark,6af171b0-f7a1-5215-8cb3-ddabaff6de5e
Alok Kumar,AFSM-001,2024-07-01,Present,0,Generated default Present: no absent/halfday mark,f9f7c02b-daf5-58eb-97f4-bb37ccdf7a85
Alok Kumar,AFSM-001,2024-07-02,Present,0,Generated default Present: no absent/halfday mark,35a59a3a-bd3c-51b3-967b-103a546d4654
Alok Kumar,AFSM-001,2024-07-03,Present,0,Generated default Present: no absent/halfday mark,c1048e7f-02fd-5343-b1f7-fafd2ffd7ba3
Alok Kumar,AFSM-001,2024-07-04,Present,0,Generated default Present: no absent/halfday mark,de5367d0-8b67-5b96-afbf-8bbb77d34b73
Alok Kumar,AFSM-001,2024-07-05,Present,0,Generated default Present: no absent/halfday mark,0093374f-ca47-5045-82a7-37d8a32486a4
Alok Kumar,AFSM-001,2024-07-06,Present,0,Generated default Present: no absent/halfday mark,9179a490-d206-5aa7-a0d1-f8b3e1bdaf53
Alok Kumar,AFSM-001,2024-07-07,Present,0,Generated default Present: no absent/halfday mark,1d9dbccc-8684-5fd6-bea2-725b03855ba1
Alok Kumar,AFSM-001,2024-07-08,Present,0,Generated default Present: no absent/halfday mark,43eef3b0-a9d4-5432-bfd0-e48a37e8f474
Alok Kumar,AFSM-001,2024-07-09,Present,0,Generated default Present: no absent/halfday mark,cad10dc5-b4e2-50f9-9de0-2dafa9a3ea5a
Alok Kumar,AFSM-001,2024-07-10,Present,0,Generated default Present: no absent/halfday mark,b5458c6d-a364-574c-866e-1d09bd7997b7
Alok Kumar,AFSM-001,2024-07-11,Present,0,Generated default Present: no absent/halfday mark,36b4320a-9372-5c38-9a77-cf268d2f47cb
Alok Kumar,AFSM-001,2024-07-12,Present,0,Generated default Present: no absent/halfday mark,56da64c4-c8de-5495-8f2d-8e815a2718ad
Alok Kumar,AFSM-001,2024-07-13,Present,0,Generated default Present: no absent/halfday mark,840036c5-8b90-5d1a-8ab6-163b976672e3
Alok Kumar,AFSM-001,2024-07-14,Present,0,Generated default Present: no absent/halfday mark,033099e8-92d8-520c-a4a9-ca4d8ea8cea7
Alok Kumar,AFSM-001,2024-07-15,Present,0,Generated default Present: no absent/halfday mark,b887c211-320d-53ce-9e79-f464265a7cfe
Alok Kumar,AFSM-001,2024-07-16,Present,0,Generated default Present: no absent/halfday mark,d8deb931-1347-54f7-893f-84d0c50f9506
Alok Kumar,AFSM-001,2024-07-17,Present,0,Generated default Present: no absent/halfday mark,fd1b3f35-0507-5692-9ed2-62283dc60135
Alok Kumar,AFSM-001,2024-07-18,Present,0,Generated default Present: no absent/halfday mark,4f15fc6b-e3e7-5d81-abfd-61297d1d3fc0
Alok Kumar,AFSM-001,2024-07-19,Present,0,Generated default Present: no absent/halfday mark,0620f45f-617f-5c7d-b0dc-196cc06eb616
Alok Kumar,AFSM-001,2024-07-20,Present,0,Generated default Present: no absent/halfday mark,cbaf1d5c-2eaa-5266-84db-c61ef022f10d
Alok Kumar,AFSM-001,2024-07-21,Present,0,Generated default Present: no absent/halfday mark,867b1d42-bdc7-522e-8be3-2962b325807e
Alok Kumar,AFSM-001,2024-07-22,Present,0,Generated default Present: no absent/halfday mark,08fb8b02-bd94-5d75-9abe-cb9276a3b7a6
Alok Kumar,AFSM-001,2024-07-23,Present,0,Generated default Present: no absent/halfday mark,3d0b40fb-561f-5818-bbdd-fcd92de6e970
Alok Kumar,AFSM-001,2024-07-24,Present,0,Generated default Present: no absent/halfday mark,ca629746-c9a9-5a43-933e-6048de405eb9
Alok Kumar,AFSM-001,2024-07-25,Present,0,Generated default Present: no absent/halfday mark,933ed4e1-4f5d-5efb-a5ac-d24c26316b49
Alok Kumar,AFSM-001,2024-07-26,Present,0,Generated default Present: no absent/halfday mark,adbc2623-4cc7-532c-a960-61427bbeae34
Alok Kumar,AFSM-001,2024-07-27,Present,0,Generated default Present: no absent/halfday mark,83d09a9d-6bfe-5ae9-8d3d-d23df806ff99
Alok Kumar,AFSM-001,2024-07-28,Present,0,Generated default Present: no absent/halfday mark,597f58c8-a2df-5e88-baa2-b5f0ded7fd9f
Alok Kumar,AFSM-001,2024-07-29,Present,0,Generated default Present: no absent/halfday mark,4d57d7d6-b311-515c-8893-3b241a19f36a
Alok Kumar,AFSM-001,2024-07-30,Present,0,Generated default Present: no absent/halfday mark,fe2836d7-89f8-58b6-b4f4-0f5dca6eda7c
Alok Kumar,AFSM-001,2024-07-31,Present,0,Generated default Present: no absent/halfday mark,c3207584-58d4-5dff-9064-dc66f884b796
Alok Kumar,AFSM-001,2024-08-01,Present,0,Generated default Present: no absent/halfday mark,9d52ae1d-fb97-5027-b1ce-eb0d1eb28498
Alok Kumar,AFSM-001,2024-08-02,Present,0,Generated default Present: no absent/halfday mark,7660ea69-9d3b-5a8b-895d-16c5023bb084
Alok Kumar,AFSM-001,2024-08-03,Present,0,Generated default Present: no absent/halfday mark,1629eeb0-0bda-5a9e-aaae-05991c76a947
Alok Kumar,AFSM-001,2024-08-04,Present,0,Generated default Present: no absent/halfday mark,d8eb2691-984e-504c-99e6-c8d7677d59b8
Alok Kumar,AFSM-001,2024-08-05,Present,0,Generated default Present: no absent/halfday mark,c2b78fee-fb7d-52f0-b31a-d164441f70be
Alok Kumar,AFSM-001,2024-08-06,Present,0,Generated default Present: no absent/halfday mark,37b9f478-5260-5005-a812-25a502050fe4
Alok Kumar,AFSM-001,2024-08-07,Present,0,Generated default Present: no absent/halfday mark,f58654ce-ed4b-52b2-8fa0-8277b69dbb96
Alok Kumar,AFSM-001,2024-08-08,Present,0,Generated default Present: no absent/halfday mark,0217be42-efc5-5983-b9e8-c12e0a7eafab
Alok Kumar,AFSM-001,2024-08-09,Present,0,Generated default Present: no absent/halfday mark,5f8b3705-7483-50e1-ac15-a52f7127e340
Alok Kumar,AFSM-001,2024-08-10,Present,0,Generated default Present: no absent/halfday mark,cca6d51b-877e-5500-bb30-ae159fd90214
Alok Kumar,AFSM-001,2024-08-11,Present,0,Generated default Present: no absent/halfday mark,9d907513-1198-5897-8274-aeff414b9a3c
Alok Kumar,AFSM-001,2024-08-12,Present,0,Generated default Present: no absent/halfday mark,f74e51c1-b988-5cf2-8522-bd1bd81a7335
Alok Kumar,AFSM-001,2024-08-13,Present,0,Generated default Present: no absent/halfday mark,7ce3a08d-6b95-5bbf-91f9-0d4e89de8b72
Alok Kumar,AFSM-001,2024-08-14,Present,0,Generated default Present: no absent/halfday mark,55064f15-ae7d-5b04-8adf-f206645d842e
Alok Kumar,AFSM-001,2024-08-15,Present,0,Generated default Present: no absent/halfday mark,61a2379a-7637-5765-9960-0dd712b0278a
Alok Kumar,AFSM-001,2024-08-16,Present,0,Generated default Present: no absent/halfday mark,1e5d266f-7001-5f45-bc97-d5c301345221
Alok Kumar,AFSM-001,2024-08-17,Present,0,Generated default Present: no absent/halfday mark,5f710a74-13b8-53d7-8249-b3adb53c0152
Alok Kumar,AFSM-001,2024-08-18,Present,0,Generated default Present: no absent/halfday mark,f839f5b5-6c3e-5032-8594-7b919126b674
Alok Kumar,AFSM-001,2024-08-19,Present,0,Generated default Present: no absent/halfday mark,3f4c579d-b49b-5023-9be4-a22f1201c72a
Alok Kumar,AFSM-001,2024-08-20,Present,0,Generated default Present: no absent/halfday mark,b9ce5af9-b25d-5d22-91b7-ff0baeb4ba25
Alok Kumar,AFSM-001,2024-08-21,Present,0,Generated default Present: no absent/halfday mark,94e1f997-573e-5535-a069-7603aedf03bf
Alok Kumar,AFSM-001,2024-08-22,Present,0,Generated default Present: no absent/halfday mark,294e4849-24c4-5930-b998-bedde0e06cc6
Alok Kumar,AFSM-001,2024-08-23,Present,0,Generated default Present: no absent/halfday mark,a73603e4-0ad3-54ae-a628-a1a4e99c41f8
Alok Kumar,AFSM-001,2024-08-24,Present,0,Generated default Present: no absent/halfday mark,b7621073-9533-514c-8e8f-500664e0d100
Alok Kumar,AFSM-001,2024-08-25,Present,0,Generated default Present: no absent/halfday mark,1927afef-a706-5da5-ac3b-3d8b058f9f86
Alok Kumar,AFSM-001,2024-08-26,Present,0,Generated default Present: no absent/halfday mark,ff45c3c0-a32b-5a14-9b75-7fc45d8f37d8
Alok Kumar,AFSM-001,2024-08-27,Present,0,Generated default Present: no absent/halfday mark,5629b106-8e99-5a9d-874c-d4035d85868f
Alok Kumar,AFSM-001,2024-08-28,Present,0,Generated default Present: no absent/halfday mark,9457c6ab-e40a-5237-b2d8-1e0dccaf1fdd
Alok Kumar,AFSM-001,2024-08-29,Present,0,Generated default Present: no absent/halfday mark,67d0179f-f658-5572-9411-ae898c9f47ab
Alok Kumar,AFSM-001,2024-08-30,Present,0,Generated default Present: no absent/halfday mark,d8352fbe-6c82-53d9-8fab-5f6db2433f73
Alok Kumar,AFSM-001,2024-08-31,Present,0,Generated default Present: no absent/halfday mark,bd6fad63-d2ce-510a-9114-38889e198c19
Alok Kumar,AFSM-001,2024-09-01,Present,0,Generated default Present: no absent/halfday mark,abfa71e1-a2ea-5743-975e-4cbb08c01667
Alok Kumar,AFSM-001,2024-09-02,Present,0,Generated default Present: no absent/halfday mark,dc28ec58-0253-555f-ad10-518d44456b52
Alok Kumar,AFSM-001,2024-09-03,Present,0,Generated default Present: no absent/halfday mark,d4489760-c30f-5915-aa71-3c5e4d3e80e4
Alok Kumar,AFSM-001,2024-09-04,Present,0,Generated default Present: no absent/halfday mark,623ed204-01a4-599e-9693-01730b9315a3
Alok Kumar,AFSM-001,2024-09-05,Present,0,Generated default Present: no absent/halfday mark,3e6ffc6e-2245-5f06-a6ca-79c009e0f74b
Alok Kumar,AFSM-001,2024-09-06,Present,0,Generated default Present: no absent/halfday mark,912f2b2a-f0bb-519e-a782-71ec955eda47
Alok Kumar,AFSM-001,2024-09-07,Present,0,Generated default Present: no absent/halfday mark,c571163d-54ff-5a50-a2d0-8a10c5ba996f
Alok Kumar,AFSM-001,2024-09-08,Present,0,Generated default Present: no absent/halfday mark,3b0dbb2c-127d-50c1-85ce-0d601cf65984
Alok Kumar,AFSM-001,2024-09-09,Present,0,Generated default Present: no absent/halfday mark,e0b563b4-8535-5e5f-8be7-fc3936ef8278
Alok Kumar,AFSM-001,2024-09-10,Present,0,Generated default Present: no absent/halfday mark,b8ec4a7d-f4b6-5e15-854c-e1e12a483a18
Alok Kumar,AFSM-001,2024-09-11,Present,0,Generated default Present: no absent/halfday mark,47981b80-a05f-5608-a20d-1cd2003196e6
Alok Kumar,AFSM-001,2024-09-12,Present,0,Generated default Present: no absent/halfday mark,fa88eaca-3519-5282-b0cc-4424130991bc
Alok Kumar,AFSM-001,2024-09-13,Present,0,Generated default Present: no absent/halfday mark,133491b9-80ff-50fd-8404-f3a2cf851a88
Alok Kumar,AFSM-001,2024-09-14,Present,0,Generated default Present: no absent/halfday mark,00fe6683-e113-5f9d-973c-a5172591edbe
Alok Kumar,AFSM-001,2024-09-15,Present,0,Generated default Present: no absent/halfday mark,ad7dd785-2efb-5e13-ad9c-27f9c1e97bd9
Alok Kumar,AFSM-001,2024-09-16,Present,0,Generated default Present: no absent/halfday mark,6c580e50-998d-5b6a-b94c-92f6e9ddb7ed
Alok Kumar,AFSM-001,2024-09-17,Present,0,Generated default Present: no absent/halfday mark,e7fe2b97-4206-58fb-ad3d-822555d4f09b
Alok Kumar,AFSM-001,2024-09-18,Present,0,Generated default Present: no absent/halfday mark,2bdf6a09-5d00-5e44-bb4f-d71f70bb4a59
Alok Kumar,AFSM-001,2024-09-19,Present,0,Generated default Present: no absent/halfday mark,b5c3ce48-e67f-5d5b-8924-a8b21630d361
Alok Kumar,AFSM-001,2024-09-20,Present,0,Generated default Present: no absent/halfday mark,b9ff7959-739f-541b-bf35-8127e73ad4a6
Alok Kumar,AFSM-001,2024-09-21,Present,0,Generated default Present: no absent/halfday mark,c2339b3b-fc5e-5f05-83bf-a497829aacc2
Alok Kumar,AFSM-001,2024-09-22,Present,0,Generated default Present: no absent/halfday mark,bf12991f-1b17-5632-9797-91566de487f0
Alok Kumar,AFSM-001,2024-09-23,Present,0,Generated default Present: no absent/halfday mark,15a23ec0-8df1-55d6-b9bd-36ad8ec5f333
Alok Kumar,AFSM-001,2024-09-24,Present,0,Generated default Present: no absent/halfday mark,4828e7b5-babf-52b9-bafa-43f72980d35d
Alok Kumar,AFSM-001,2024-09-25,Present,0,Generated default Present: no absent/halfday mark,392e67e1-f7a5-58f1-afb2-53a2db0ea745
Alok Kumar,AFSM-001,2024-09-26,Present,0,Generated default Present: no absent/halfday mark,6e20b6e4-76e2-5d4c-b712-8c0831859653
Alok Kumar,AFSM-001,2024-09-27,Present,0,Generated default Present: no absent/halfday mark,57499a2e-0de2-5d4d-b9ed-2a55b1916fff
Alok Kumar,AFSM-001,2024-09-28,Present,0,Generated default Present: no absent/halfday mark,4d93a0ef-750f-5125-86b2-5deb5d774722
Alok Kumar,AFSM-001,2024-09-29,Present,0,Generated default Present: no absent/halfday mark,73e90606-c861-5870-905a-2288d210ee3a
Alok Kumar,AFSM-001,2024-09-30,Present,0,Generated default Present: no absent/halfday mark,c050c31b-0fd0-585d-b942-54f4cd372992
Alok Kumar,AFSM-001,2024-10-01,Present,0,Generated default Present: no absent/halfday mark,dc0d10f6-f367-59c0-ba54-9ba7d720864b
Alok Kumar,AFSM-001,2024-10-02,Present,0,Generated default Present: no absent/halfday mark,dbb76122-8376-5a96-93c9-17c70ef1f864
Alok Kumar,AFSM-001,2024-10-03,Present,0,Generated default Present: no absent/halfday mark,77c254cc-97e4-5583-88b2-48f0a131137f
Alok Kumar,AFSM-001,2024-10-04,Present,0,Generated default Present: no absent/halfday mark,d048ad21-1513-532e-bcc9-4a1bbb75503b
Alok Kumar,AFSM-001,2024-10-05,Present,0,Generated default Present: no absent/halfday mark,e3ff162a-46fd-5267-9e8f-6283590eb297
Alok Kumar,AFSM-001,2024-10-06,Present,0,Generated default Present: no absent/halfday mark,ac0c405a-7459-578c-b17f-fc1b0b8b1c35
Alok Kumar,AFSM-001,2024-10-07,Present,0,Generated default Present: no absent/halfday mark,7fccb1a3-b139-5861-b157-d7b30cd8d186
Alok Kumar,AFSM-001,2024-10-08,Present,0,Generated default Present: no absent/halfday mark,6d1ac194-4e8b-5a6f-a606-6e543ee6f5a5
Alok Kumar,AFSM-001,2024-10-09,Present,0,Generated default Present: no absent/halfday mark,e3c497b8-7e6a-5eb6-8827-496f716caece
Alok Kumar,AFSM-001,2024-10-10,Present,0,Generated default Present: no absent/halfday mark,7381f2e4-4b11-59a1-93ea-29e5b670c141
Alok Kumar,AFSM-001,2024-10-11,Present,0,Generated default Present: no absent/halfday mark,59102e5c-531c-5591-b8c0-003ef35d2e27
Alok Kumar,AFSM-001,2024-10-12,Present,0,Generated default Present: no absent/halfday mark,abf6875e-e191-5036-bdf2-fb94680a0721
Alok Kumar,AFSM-001,2024-10-13,Present,0,Generated default Present: no absent/halfday mark,791834b4-de5b-54cf-b9c5-f30625b3dc84
Alok Kumar,AFSM-001,2024-10-14,Present,0,Generated default Present: no absent/halfday mark,06a58804-f1e3-5f84-82cf-9d6c2ec54087
Alok Kumar,AFSM-001,2024-10-15,Present,0,Generated default Present: no absent/halfday mark,c05e15ed-bc92-52d0-90f9-3a89d01bc11c
Alok Kumar,AFSM-001,2024-10-16,Present,0,Generated default Present: no absent/halfday mark,64147b21-273a-5e2e-87f2-efe08f32b500
Alok Kumar,AFSM-001,2024-10-17,Present,0,Generated default Present: no absent/halfday mark,bda0f4fe-cd3e-5265-8062-58d901bd35d3
Alok Kumar,AFSM-001,2024-10-18,Present,0,Generated default Present: no absent/halfday mark,df22e497-fc0e-5090-a253-95df26ff5eac
Alok Kumar,AFSM-001,2024-10-19,Present,0,Generated default Present: no absent/halfday mark,3b459867-7a5c-597e-8b2f-1ee9346daa8c
Alok Kumar,AFSM-001,2024-10-20,Present,0,Generated default Present: no absent/halfday mark,73052aaa-8864-5d0c-8f56-e1b1d07646e6
Alok Kumar,AFSM-001,2024-10-21,Present,0,Generated default Present: no absent/halfday mark,126cc04f-37c0-5548-954d-fbdda1797c51
Alok Kumar,AFSM-001,2024-10-22,Present,0,Generated default Present: no absent/halfday mark,f07fdb9d-03a6-5cd9-b7a4-9022bc1c956f
Alok Kumar,AFSM-001,2024-10-23,Present,0,Generated default Present: no absent/halfday mark,4706bf89-b6b4-54f6-a4aa-e385a6f91216
Alok Kumar,AFSM-001,2024-10-24,Present,0,Generated default Present: no absent/halfday mark,432994f0-3db1-5123-bc35-245a49627da8
Alok Kumar,AFSM-001,2024-10-25,Present,0,Generated default Present: no absent/halfday mark,d606cffb-32a6-510f-ba1c-7ddd3f1a440d
Alok Kumar,AFSM-001,2024-10-26,Present,0,Generated default Present: no absent/halfday mark,8e7e5a92-41e1-5a33-83ae-8b7ea373df61
Alok Kumar,AFSM-001,2024-10-27,Present,0,Generated default Present: no absent/halfday mark,2d80fc9e-d280-53d3-9319-9c67f34e08c6
Alok Kumar,AFSM-001,2024-10-28,Present,0,Generated default Present: no absent/halfday mark,40154c58-fb5b-59c8-90c7-824d6ce0c85b
Alok Kumar,AFSM-001,2024-10-29,Present,0,Generated default Present: no absent/halfday mark,564d49ef-e684-536f-b57e-fb8c5af7d2aa
Alok Kumar,AFSM-001,2024-10-30,Present,0,Generated default Present: no absent/halfday mark,fbd6978b-9bcc-5e95-887d-df792ba9b33b
Alok Kumar,AFSM-001,2024-10-31,Present,0,Generated default Present: no absent/halfday mark,6fa026f7-e962-52a9-8d06-e5077fa9da56
Alok Kumar,AFSM-001,2024-11-01,Present,0,Generated default Present: no absent/halfday mark,1b474b85-eadc-5c30-88ef-bb110a0d09c6
Alok Kumar,AFSM-001,2024-11-02,Present,0,Generated default Present: no absent/halfday mark,2b63f37d-a16c-5e04-b8f6-e494a9063e03
Alok Kumar,AFSM-001,2024-11-03,Present,0,Generated default Present: no absent/halfday mark,0dc60db4-09bf-5464-bb5b-66be169253d1
Alok Kumar,AFSM-001,2024-11-04,Present,0,Generated default Present: no absent/halfday mark,caf18638-4518-586e-a595-8aeea18be565
Alok Kumar,AFSM-001,2024-11-05,Present,0,Generated default Present: no absent/halfday mark,a621e5ff-685b-514b-ac58-e8dfc72b5001
Alok Kumar,AFSM-001,2024-11-06,Present,0,Generated default Present: no absent/halfday mark,f05889b8-9846-573a-a951-8f4ec6afe916
Alok Kumar,AFSM-001,2024-11-07,Present,0,Generated default Present: no absent/halfday mark,5f0b8cb4-d5d6-5754-b76b-e5a61c46e9f4
Alok Kumar,AFSM-001,2024-11-08,Present,0,Generated default Present: no absent/halfday mark,eb99221b-2625-568e-9ab3-71f78db7f054
Alok Kumar,AFSM-001,2024-11-09,Present,0,Generated default Present: no absent/halfday mark,43ade24a-f4d0-57d8-ace6-1798e2d6b14c
Alok Kumar,AFSM-001,2024-11-10,Present,0,Generated default Present: no absent/halfday mark,44c61973-8fcf-5e59-a783-5e56e1c9b983
Alok Kumar,AFSM-001,2024-11-11,Present,0,Generated default Present: no absent/halfday mark,d58e2b78-98b2-53f8-8df3-12a7ac3e4fef
Alok Kumar,AFSM-001,2024-11-12,Present,0,Generated default Present: no absent/halfday mark,0acececd-546b-5e36-9396-78d402c03f35
Alok Kumar,AFSM-001,2024-11-13,Present,0,Generated default Present: no absent/halfday mark,c1ca89c0-7036-5588-bf9c-c19f3430efe1
Alok Kumar,AFSM-001,2024-11-14,Present,0,Generated default Present: no absent/halfday mark,855d274f-6a77-54e2-9b38-52b51cdc5c71
Alok Kumar,AFSM-001,2024-11-15,Present,0,Generated default Present: no absent/halfday mark,4e92859d-cda5-546f-a3d5-3601f1fe86fb
Alok Kumar,AFSM-001,2024-11-16,Present,0,Generated default Present: no absent/halfday mark,6438ba7f-3029-5878-be88-8d2d3ed4bd68
Alok Kumar,AFSM-001,2024-11-17,Present,0,Generated default Present: no absent/halfday mark,edad650e-ddbb-52dc-941e-86b2a1cc3d58
Alok Kumar,AFSM-001,2024-11-18,Present,0,Generated default Present: no absent/halfday mark,9c3bcb2b-3850-5354-9975-a69d3dc332eb
Alok Kumar,AFSM-001,2024-11-19,Present,0,Generated default Present: no absent/halfday mark,4bd04bda-884d-551f-8cb2-18cd372a30d8
Alok Kumar,AFSM-001,2024-11-20,Present,0,Generated default Present: no absent/halfday mark,99cfb45f-4058-53f3-9bfe-67b866bb6c87
Alok Kumar,AFSM-001,2024-11-21,Present,0,Generated default Present: no absent/halfday mark,afc561b5-8b27-55dd-b327-c527e42d0bcf
Alok Kumar,AFSM-001,2024-11-22,Present,0,Generated default Present: no absent/halfday mark,7eed1c7b-9519-5478-a08a-603a0a1acedc
Alok Kumar,AFSM-001,2024-11-23,Present,0,Generated default Present: no absent/halfday mark,ceb20ba9-6f7e-5245-958c-64b4083453af
Alok Kumar,AFSM-001,2024-11-24,Present,0,Generated default Present: no absent/halfday mark,10911dca-4fd9-5d08-b0e6-4f92337afb76
Alok Kumar,AFSM-001,2024-11-25,Present,0,Generated default Present: no absent/halfday mark,fcf74ce6-bdd7-5ad9-ad42-2c8db7672972
Alok Kumar,AFSM-001,2024-11-26,Present,0,Generated default Present: no absent/halfday mark,bd4f2ec8-cd0f-5f71-b397-8e190301ba27
Alok Kumar,AFSM-001,2024-11-27,Present,0,Generated default Present: no absent/halfday mark,9f6de48b-ad20-5709-898a-ab2b33a2c5ea
Alok Kumar,AFSM-001,2024-11-28,Present,0,Generated default Present: no absent/halfday mark,ff036f70-1d8e-5e71-a96f-d4e01696546f
Alok Kumar,AFSM-001,2024-11-29,Present,0,Generated default Present: no absent/halfday mark,9f1413f6-51f2-5f97-93a6-3fd21e742e81
Alok Kumar,AFSM-001,2024-11-30,Present,0,Generated default Present: no absent/halfday mark,6e9b67e2-b2d4-5124-9d25-36778ac2e723
Alok Kumar,AFSM-001,2024-12-01,Present,0,Generated default Present: no absent/halfday mark,6341dea0-d868-5a02-b822-fba33c768b56
Alok Kumar,AFSM-001,2024-12-02,Present,0,Generated default Present: no absent/halfday mark,8d8a42c7-f7ad-5d16-81cf-6c3eac8608f6
Alok Kumar,AFSM-001,2024-12-03,Present,0,Generated default Present: no absent/halfday mark,8062444b-05ba-5be5-90e2-06acb75d8268
Alok Kumar,AFSM-001,2024-12-04,Present,0,Generated default Present: no absent/halfday mark,cab10f96-df71-58de-9d9d-2377d61a9126
Alok Kumar,AFSM-001,2024-12-05,Present,0,Generated default Present: no absent/halfday mark,98fe5049-36d7-5cdd-b1e4-8305f9b528d3
Alok Kumar,AFSM-001,2024-12-06,Present,0,Generated default Present: no absent/halfday mark,8877940a-3a5b-5c8e-aecc-0cffbb4cce51
Alok Kumar,AFSM-001,2024-12-07,Present,0,Generated default Present: no absent/halfday mark,479b8a08-0d71-5c69-8b32-aea93a8b4374
Alok Kumar,AFSM-001,2024-12-08,Present,0,Generated default Present: no absent/halfday mark,0f2d5890-3d2d-5d4c-b190-4cd47f57fbb8
Alok Kumar,AFSM-001,2024-12-09,Present,0,Generated default Present: no absent/halfday mark,9b4ad13d-bf8d-5282-bac2-9129e2bc56d2
Alok Kumar,AFSM-001,2024-12-10,Present,0,Generated default Present: no absent/halfday mark,6412a0da-a7c0-5dc7-8be3-17d3de442b42
Alok Kumar,AFSM-001,2024-12-11,Present,0,Generated default Present: no absent/halfday mark,7d238644-2d0b-5a42-8f8a-272228e8efab
Alok Kumar,AFSM-001,2024-12-12,Present,0,Generated default Present: no absent/halfday mark,55fb6106-eab1-5314-8b99-1e7f82385126
Alok Kumar,AFSM-001,2024-12-13,Present,0,Generated default Present: no absent/halfday mark,558a451c-c5c6-5141-a912-10e2efb844eb
Alok Kumar,AFSM-001,2024-12-14,Present,0,Generated default Present: no absent/halfday mark,7ff6e7c6-0899-570d-9f21-a446e2db6399
Alok Kumar,AFSM-001,2024-12-15,Present,0,Generated default Present: no absent/halfday mark,efc472b8-d45c-5044-be6d-d5ae86978a4a
Alok Kumar,AFSM-001,2024-12-16,Present,0,Generated default Present: no absent/halfday mark,f24fd92f-aa56-5c5c-b67f-499d4bd35b81
Alok Kumar,AFSM-001,2024-12-17,Present,0,Generated default Present: no absent/halfday mark,d3bb6a81-3ded-54c2-9a15-84e5d53227da
Alok Kumar,AFSM-001,2024-12-18,Present,0,Generated default Present: no absent/halfday mark,f6ffbb24-4a32-51db-8952-67308f1edea3
Alok Kumar,AFSM-001,2024-12-19,Present,0,Generated default Present: no absent/halfday mark,317c9e21-f349-58b0-b352-321b3a1cced7
Alok Kumar,AFSM-001,2024-12-20,Present,0,Generated default Present: no absent/halfday mark,5b9c5673-247e-5f38-a384-8ede58ecaefd
Alok Kumar,AFSM-001,2024-12-21,Present,0,Generated default Present: no absent/halfday mark,630114af-7970-502e-a36b-61e7b661d0c9
Alok Kumar,AFSM-001,2024-12-22,Present,0,Generated default Present: no absent/halfday mark,884c9d2d-d428-53c0-aff0-9c2db3272af9
Alok Kumar,AFSM-001,2024-12-23,Present,0,Generated default Present: no absent/halfday mark,a1a14621-807b-5377-95fb-2eb678eeb454
Alok Kumar,AFSM-001,2024-12-24,Present,0,Generated default Present: no absent/halfday mark,20ec969b-7a0e-5f48-819f-4f0aa798cae5
Alok Kumar,AFSM-001,2024-12-25,Present,0,Generated default Present: no absent/halfday mark,962072ea-ed68-581d-a500-a18fa2afd1dd
Alok Kumar,AFSM-001,2024-12-26,Present,0,Generated default Present: no absent/halfday mark,42949630-4cec-58f1-aa0c-09e09f0da5fb
Alok Kumar,AFSM-001,2024-12-27,Present,0,Generated default Present: no absent/halfday mark,1ce6c927-92e9-5ddf-9ce3-222cee228677
Alok Kumar,AFSM-001,2024-12-28,Present,0,Generated default Present: no absent/halfday mark,f7066c38-fad2-55ab-a2e9-cc7c70d1a96a
Alok Kumar,AFSM-001,2024-12-29,Present,0,Generated default Present: no absent/halfday mark,06791110-0726-5533-bb2b-e90ba01085af
Alok Kumar,AFSM-001,2024-12-30,Present,0,Generated default Present: no absent/halfday mark,1623cde7-f84c-5c53-8d84-62c78d62b12c
Alok Kumar,AFSM-001,2024-12-31,Present,0,Generated default Present: no absent/halfday mark,973c3249-f315-52c3-bf48-8621eff53171
Alok Kumar,AFSM-001,2025-01-01,Present,0,Generated default Present: no absent/halfday mark,cf6e11c8-57c4-58a2-a93b-1c0f45d32afa
Alok Kumar,AFSM-001,2025-01-02,Present,0,Generated default Present: no absent/halfday mark,9c2fcf14-d848-5c93-bd79-1a1bbee08818
Alok Kumar,AFSM-001,2025-01-03,Present,0,Generated default Present: no absent/halfday mark,88d4dd77-ade5-5d60-9400-7be498476040
Alok Kumar,AFSM-001,2025-01-04,Present,0,Generated default Present: no absent/halfday mark,4e398416-e9f6-5d48-8e26-6ea0a07a238a
Alok Kumar,AFSM-001,2025-01-05,Present,0,Generated default Present: no absent/halfday mark,5c744e42-2a4a-57ca-bd43-4b86f6f29533
Alok Kumar,AFSM-001,2025-01-06,Present,0,Generated default Present: no absent/halfday mark,fccb7154-4947-5a48-b0e6-4286d9c3554a
Alok Kumar,AFSM-001,2025-01-07,Present,0,Generated default Present: no absent/halfday mark,27aa921b-2746-504b-9622-af8055ffa4c4
Alok Kumar,AFSM-001,2025-01-08,Present,0,Generated default Present: no absent/halfday mark,75165a6f-bebb-504b-818e-cba9f6163433
Alok Kumar,AFSM-001,2025-01-09,Present,0,Generated default Present: no absent/halfday mark,943a8687-fe97-5c34-95e6-880d4e034cd7
Alok Kumar,AFSM-001,2025-01-10,Present,0,Generated default Present: no absent/halfday mark,b1ec16fe-f0eb-55c3-bd4e-4f3a99692e42
Alok Kumar,AFSM-001,2025-01-11,Present,0,Generated default Present: no absent/halfday mark,5b3f1cfc-d23a-521e-a7d5-d5e520e9132e
Alok Kumar,AFSM-001,2025-01-12,Present,0,Generated default Present: no absent/halfday mark,518f8ab7-f61c-5911-a1d5-82d30ad607a1
Alok Kumar,AFSM-001,2025-01-13,Present,0,Generated default Present: no absent/halfday mark,b503826c-b52f-5a9d-a1b3-7afc4436658f
Alok Kumar,AFSM-001,2025-01-14,Present,0,Generated default Present: no absent/halfday mark,5813827c-86f3-5ca0-ad0b-c067a3a4b3e8
Alok Kumar,AFSM-001,2025-01-15,Present,0,Generated default Present: no absent/halfday mark,6230d65b-d6ea-50b6-b030-603a302870ac
Alok Kumar,AFSM-001,2025-01-16,Present,0,Generated default Present: no absent/halfday mark,618a5fdf-741e-5089-b2dc-4ad40ea76962
Alok Kumar,AFSM-001,2025-01-17,Present,0,Generated default Present: no absent/halfday mark,358ec127-8c3e-526c-bf90-7fac163d6e2a
Alok Kumar,AFSM-001,2025-01-18,Present,0,Generated default Present: no absent/halfday mark,4d09a90a-4719-544a-b7d7-bf457f2ea309
Alok Kumar,AFSM-001,2025-01-19,Present,0,Generated default Present: no absent/halfday mark,84b6aec2-b8ca-5757-bf5a-1a74e29b93fc
Alok Kumar,AFSM-001,2025-01-20,Present,0,Generated default Present: no absent/halfday mark,3240bd90-1f36-5119-8671-903051e8dbb0
Alok Kumar,AFSM-001,2025-01-21,Present,0,Generated default Present: no absent/halfday mark,db4fa313-af7c-52a5-92df-31a15cd46f69
Alok Kumar,AFSM-001,2025-01-22,Present,0,Generated default Present: no absent/halfday mark,61ddcc57-2665-53a3-b781-17aa10e857ca
Alok Kumar,AFSM-001,2025-01-23,Present,0,Generated default Present: no absent/halfday mark,998c92a7-ebe6-52c7-8ac1-4aa55361ca35
Alok Kumar,AFSM-001,2025-01-24,Present,0,Generated default Present: no absent/halfday mark,7c8f192f-e90c-5386-8b93-2ac23e20c892
Alok Kumar,AFSM-001,2025-01-25,Present,0,Generated default Present: no absent/halfday mark,78b981d7-d736-550e-a761-53021240b872
Alok Kumar,AFSM-001,2025-01-26,Present,0,Generated default Present: no absent/halfday mark,3ea38bf6-cd8b-5184-a19a-a694aa40b26a
Alok Kumar,AFSM-001,2025-01-27,Present,0,Generated default Present: no absent/halfday mark,497aa90d-ec4b-5d7a-aec2-8b8a07d7567d
Alok Kumar,AFSM-001,2025-01-28,Present,0,Generated default Present: no absent/halfday mark,1584437e-3b1a-53d0-b415-fdd9eaeb8860
Alok Kumar,AFSM-001,2025-01-29,Present,0,Generated default Present: no absent/halfday mark,d4bf5afa-e9eb-5f93-8d25-2b523f1e0d55
Alok Kumar,AFSM-001,2025-01-30,Present,0,Generated default Present: no absent/halfday mark,7d9dc006-6df6-5771-bf94-17f07b3d53fe
Alok Kumar,AFSM-001,2025-01-31,Present,0,Generated default Present: no absent/halfday mark,c3b831c5-5057-5d15-b746-1366cca3d9a8
Alok Kumar,AFSM-001,2025-02-01,Present,0,Generated default Present: no absent/halfday mark,42e2af21-6cf1-57ef-ab13-1456881512f6
Alok Kumar,AFSM-001,2025-02-02,Present,0,Generated default Present: no absent/halfday mark,5c9c36ac-b615-51a5-922e-08f164354dd1
Alok Kumar,AFSM-001,2025-02-03,Present,0,Generated default Present: no absent/halfday mark,d0357d32-10a3-58b8-b21a-e1fddc5c8b6a
Alok Kumar,AFSM-001,2025-02-04,Present,0,Generated default Present: no absent/halfday mark,f75d8a84-08ff-55c6-ad56-a758a2590784
Alok Kumar,AFSM-001,2025-02-05,Present,0,Generated default Present: no absent/halfday mark,f78e9bf8-4392-5dfe-94c6-1ea2b24ca789
Alok Kumar,AFSM-001,2025-02-06,Present,0,Generated default Present: no absent/halfday mark,520491ed-fe53-5872-9d26-884484f793d6
Alok Kumar,AFSM-001,2025-02-07,Present,0,Generated default Present: no absent/halfday mark,8afc9ae4-8b2c-54ff-b5c0-14b36949a42b
Alok Kumar,AFSM-001,2025-02-08,Present,0,Generated default Present: no absent/halfday mark,b26f3cf7-c590-5351-8b42-03f65ce141a1
Alok Kumar,AFSM-001,2025-02-09,Present,0,Generated default Present: no absent/halfday mark,c2020859-15d2-528c-a46c-7dfef83ad13d
Alok Kumar,AFSM-001,2025-02-10,Present,0,Generated default Present: no absent/halfday mark,dec66bbc-e8ce-51d8-827e-27b2d8f0c5cb
Alok Kumar,AFSM-001,2025-02-11,Present,0,Generated default Present: no absent/halfday mark,1c61a8dd-6695-5bab-aab1-87ccd5f19d0d
Alok Kumar,AFSM-001,2025-02-12,Present,0,Generated default Present: no absent/halfday mark,f4bab18d-20e3-56e6-9804-83dc00db29d3
Alok Kumar,AFSM-001,2025-02-13,Present,0,Generated default Present: no absent/halfday mark,920a5829-911a-5bd0-b8c1-d8f9d9ffd5f1
Alok Kumar,AFSM-001,2025-02-14,Present,0,Generated default Present: no absent/halfday mark,615b78b6-af73-5dc9-8c5d-41a31bbfb4c6
Alok Kumar,AFSM-001,2025-02-15,Present,0,Generated default Present: no absent/halfday mark,9b0ea5f8-8a73-5230-842f-a8923068c054
Alok Kumar,AFSM-001,2025-02-16,Present,0,Generated default Present: no absent/halfday mark,3f225f6f-fc00-5f66-be8d-b35eb014e6c4
Alok Kumar,AFSM-001,2025-02-17,Present,0,Generated default Present: no absent/halfday mark,1796b9eb-4c29-5e38-8140-e98dcb03d319
Alok Kumar,AFSM-001,2025-02-18,Present,0,Generated default Present: no absent/halfday mark,9235acfa-f029-5e0d-89b4-31eb28111cc0
Alok Kumar,AFSM-001,2025-02-19,Present,0,Generated default Present: no absent/halfday mark,dbb8e976-f9ff-586f-af29-8b44d8f27cc6
Alok Kumar,AFSM-001,2025-02-20,Present,0,Generated default Present: no absent/halfday mark,aaa51262-8312-56e6-acdb-a3efef3e8124
Alok Kumar,AFSM-001,2025-02-21,Present,0,Generated default Present: no absent/halfday mark,80865d57-1d02-5e8d-8b7e-20a840acf2e1
Alok Kumar,AFSM-001,2025-02-22,Present,0,Generated default Present: no absent/halfday mark,0d902495-69eb-5c8c-a9c9-0ec27db6486c
Alok Kumar,AFSM-001,2025-02-23,Present,0,Generated default Present: no absent/halfday mark,581de77b-dc64-51c8-9114-37e549e7919c
Alok Kumar,AFSM-001,2025-02-24,Present,0,Generated default Present: no absent/halfday mark,41fb5aba-dab2-577a-9037-e2002d7c9ee7
Alok Kumar,AFSM-001,2025-02-25,Present,0,Generated default Present: no absent/halfday mark,c8f27957-3b19-5a13-a672-1a86bf4061e0
Alok Kumar,AFSM-001,2025-02-26,Present,0,Generated default Present: no absent/halfday mark,5263b949-2c48-5135-993b-ea08f4ede619
Alok Kumar,AFSM-001,2025-02-27,Present,0,Generated default Present: no absent/halfday mark,9ec1b76d-f220-5f81-96fe-7f94bc38a7a7
Alok Kumar,AFSM-001,2025-02-28,Present,0,Generated default Present: no absent/halfday mark,1a8b45dd-8728-531f-82e2-2dc5450145d8
Alok Kumar,AFSM-001,2025-03-01,Present,0,Generated default Present: no absent/halfday mark,429e7ed7-457c-5da5-a104-e4f253ca8889
Alok Kumar,AFSM-001,2025-03-02,Present,0,Generated default Present: no absent/halfday mark,73a6b141-a2bb-5bb3-a691-03cc526f2afa
Alok Kumar,AFSM-001,2025-03-03,Present,0,Generated default Present: no absent/halfday mark,deb179cb-1148-537a-946c-2f0da9db3cad
Alok Kumar,AFSM-001,2025-03-04,Present,0,Generated default Present: no absent/halfday mark,7333150d-220c-5753-a3f3-625a39f11e5c
Alok Kumar,AFSM-001,2025-03-05,Present,0,Generated default Present: no absent/halfday mark,ae160ac8-5d06-5736-a232-447c6e1404f2
Alok Kumar,AFSM-001,2025-03-06,Present,0,Generated default Present: no absent/halfday mark,890ed7e8-f120-5ca1-8e01-bf438e4c73f1
Alok Kumar,AFSM-001,2025-03-07,Present,0,Generated default Present: no absent/halfday mark,1a420419-468f-5ed2-9739-8f87fc39ca81
Alok Kumar,AFSM-001,2025-03-08,Present,0,Generated default Present: no absent/halfday mark,2be9ffa6-59d6-5843-ba97-557057c2c69f
Alok Kumar,AFSM-001,2025-03-09,Present,0,Generated default Present: no absent/halfday mark,60cef649-147f-586f-b3d9-9550df7f5704
Alok Kumar,AFSM-001,2025-03-10,Present,0,Generated default Present: no absent/halfday mark,a4e15044-a82d-50e4-b44b-937183f54f17
Alok Kumar,AFSM-001,2025-03-11,Present,0,Generated default Present: no absent/halfday mark,c687a487-6868-524a-a315-0b1fbe27595b
Alok Kumar,AFSM-001,2025-03-12,Present,0,Generated default Present: no absent/halfday mark,a2ba90e8-b563-5235-8624-c33fba2fcb06
Alok Kumar,AFSM-001,2025-03-13,Present,0,Generated default Present: no absent/halfday mark,c8127932-73c4-564a-b23a-bbe4b28571fb
Alok Kumar,AFSM-001,2025-03-14,Present,0,Generated default Present: no absent/halfday mark,0ee21320-d1cf-5fdf-9967-488876bb1c0e
Alok Kumar,AFSM-001,2025-03-15,Present,0,Generated default Present: no absent/halfday mark,9769be16-5f2e-56e9-b7c2-45565a4ffa44
Alok Kumar,AFSM-001,2025-03-16,Present,0,Generated default Present: no absent/halfday mark,ef1c82d9-3e1f-59cb-8979-56bf0e1c8e25
Alok Kumar,AFSM-001,2025-03-17,Present,0,Generated default Present: no absent/halfday mark,9954253d-c726-505c-9774-d2912690f4ca
Alok Kumar,AFSM-001,2025-03-18,Present,0,Generated default Present: no absent/halfday mark,fdd528c4-f148-5bc5-b362-032983975aaf
Alok Kumar,AFSM-001,2025-03-19,Present,0,Generated default Present: no absent/halfday mark,8ef8e66b-bd13-578b-9503-1db223a577dc
Alok Kumar,AFSM-001,2025-03-20,Present,0,Generated default Present: no absent/halfday mark,067c9fce-f0af-50e5-a04c-2281bec04f8b
Alok Kumar,AFSM-001,2025-03-21,Present,0,Generated default Present: no absent/halfday mark,aba847d3-0db1-5741-b5ed-ab1f7f0e767c
Alok Kumar,AFSM-001,2025-03-22,Present,0,Generated default Present: no absent/halfday mark,b40dcf2f-7c3e-5c3e-a348-80f021a0b0b0
Alok Kumar,AFSM-001,2025-03-23,Present,0,Generated default Present: no absent/halfday mark,52edc6a6-3535-5e87-8151-14cb2125576c
Alok Kumar,AFSM-001,2025-03-24,Present,0,Generated default Present: no absent/halfday mark,021ac077-39d2-514a-b299-a87489db06cb
Alok Kumar,AFSM-001,2025-03-25,Present,0,Generated default Present: no absent/halfday mark,830c13e9-ee35-5f1e-917f-00608483b102
Alok Kumar,AFSM-001,2025-03-26,Present,0,Generated default Present: no absent/halfday mark,d2b54245-db58-5c75-bca0-3b83eefeae1d
Alok Kumar,AFSM-001,2025-03-27,Present,0,Generated default Present: no absent/halfday mark,7fd491c1-460e-51ef-9084-12753e91be06
Alok Kumar,AFSM-001,2025-03-28,Present,0,Generated default Present: no absent/halfday mark,eeb54aab-d0f5-5f6b-9952-60d53cb706dd
Alok Kumar,AFSM-001,2025-03-29,Present,0,Generated default Present: no absent/halfday mark,75d3b537-4045-5c1c-bfb5-abac6d4ed604
Alok Kumar,AFSM-001,2025-03-30,Present,0,Generated default Present: no absent/halfday mark,0fd6dd4a-00fd-5ca1-8792-eced84f6a1d2
Alok Kumar,AFSM-001,2025-03-31,Present,0,Generated default Present: no absent/halfday mark,789a9473-5c3c-5a74-b6cc-14f5056ab936
Alok Kumar,AFSM-001,2025-04-01,Present,0,Generated default Present: no absent/halfday mark,0b26af3f-02ec-532e-8709-128056060e6b
Alok Kumar,AFSM-001,2025-04-02,Present,0,Generated default Present: no absent/halfday mark,76d1686a-5f86-5beb-adfe-1e60ac58db53
Alok Kumar,AFSM-001,2025-04-03,Present,0,Generated default Present: no absent/halfday mark,02a64604-9fbe-561f-8d8f-a3fe75db2fee
Alok Kumar,AFSM-001,2025-04-04,Present,0,Generated default Present: no absent/halfday mark,7545aa7b-da3a-53d9-9063-230e6b47016a
Alok Kumar,AFSM-001,2025-04-05,Present,0,Generated default Present: no absent/halfday mark,55b18835-137c-5e7c-8ae2-80fccbce57fb
Alok Kumar,AFSM-001,2025-04-06,Present,0,Generated default Present: no absent/halfday mark,f9810df0-61c2-5921-aa04-2d4f28a06e61
Alok Kumar,AFSM-001,2025-04-07,Present,0,Generated default Present: no absent/halfday mark,3c1e4058-d97c-5da4-8ea5-10289aeaa6e0
Alok Kumar,AFSM-001,2025-04-08,Present,0,Generated default Present: no absent/halfday mark,c74fdb34-62e1-5fb9-8f93-5b6a866a6557
Alok Kumar,AFSM-001,2025-04-09,Present,0,Generated default Present: no absent/halfday mark,5fb2fc21-eecb-5ffd-b9c0-066873c962bb
Alok Kumar,AFSM-001,2025-04-10,Present,0,Generated default Present: no absent/halfday mark,5ceb40c5-672d-5ba6-8b05-fe0586a53f0b
Alok Kumar,AFSM-001,2025-04-11,Present,0,Generated default Present: no absent/halfday mark,85dbf708-cd83-535f-ac26-8270fa0a879a
Alok Kumar,AFSM-001,2025-04-12,Present,0,Generated default Present: no absent/halfday mark,a755cb3c-85db-510a-8984-152afc425d6d
Alok Kumar,AFSM-001,2025-04-13,Present,0,Generated default Present: no absent/halfday mark,4a059c82-b545-5732-aa6f-6803345512e5
Alok Kumar,AFSM-001,2025-04-14,Present,0,Generated default Present: no absent/halfday mark,0b7ffebc-070d-58bc-b404-4b8263523dd7
Alok Kumar,AFSM-001,2025-04-15,Present,0,Generated default Present: no absent/halfday mark,1bc8cdc4-2db0-51db-beab-4f4f4f1586eb
Alok Kumar,AFSM-001,2025-04-16,Present,0,Generated default Present: no absent/halfday mark,103e3ccb-144c-53c9-a120-576fb9d28661
Alok Kumar,AFSM-001,2025-04-17,Present,0,Generated default Present: no absent/halfday mark,3d5121bc-57dc-50ca-9a4c-4e10ac734a20
Alok Kumar,AFSM-001,2025-04-18,Present,0,Generated default Present: no absent/halfday mark,b645af93-6fad-5d73-8272-d8f7933786d0
Alok Kumar,AFSM-001,2025-04-19,Present,0,Generated default Present: no absent/halfday mark,6c44c7b0-7986-5a53-a323-938b6d3452cf
Alok Kumar,AFSM-001,2025-04-20,Present,0,Generated default Present: no absent/halfday mark,9f447137-251e-5b30-b039-e9578cedbd68
Alok Kumar,AFSM-001,2025-04-21,Present,0,Generated default Present: no absent/halfday mark,4bc8df3f-745c-51ae-99ff-a584e3238dc8
Alok Kumar,AFSM-001,2025-04-22,Present,0,Generated default Present: no absent/halfday mark,2596728b-68a2-5c61-9110-72a871ab75fc
Alok Kumar,AFSM-001,2025-04-23,Present,0,Generated default Present: no absent/halfday mark,6b0f7528-442b-54d8-9966-df8fd0e3aaf1
Alok Kumar,AFSM-001,2025-04-24,Present,0,Generated default Present: no absent/halfday mark,1762afa6-7793-5dcb-9a27-3a15b504965a
Alok Kumar,AFSM-001,2025-04-25,Present,0,Generated default Present: no absent/halfday mark,66b0184d-9fa8-5918-8842-3d9e3fbcd072
Alok Kumar,AFSM-001,2025-04-26,Present,0,Generated default Present: no absent/halfday mark,98fbb2b9-eb6b-59a6-a07a-e95a72bd499a
Alok Kumar,AFSM-001,2025-04-27,Present,0,Generated default Present: no absent/halfday mark,08e7b2cc-5e1e-5a76-b5a9-644f91532c71
Alok Kumar,AFSM-001,2025-04-28,Present,0,Generated default Present: no absent/halfday mark,8c5b98a9-daf1-51f0-979b-16636b2ae975
Alok Kumar,AFSM-001,2025-04-29,Present,0,Generated default Present: no absent/halfday mark,87e07bda-c015-5091-bfbf-79cfa27cd49c
Alok Kumar,AFSM-001,2025-04-30,Present,0,Generated default Present: no absent/halfday mark,fc199878-f264-504d-8f20-07b19aec5583
Alok Kumar,AFSM-001,2025-05-01,Present,0,Generated default Present: no absent/halfday mark,86704e8d-effe-5102-8c51-4b77fed7090e
Alok Kumar,AFSM-001,2025-05-02,Present,0,Generated default Present: no absent/halfday mark,d3fdce40-afbd-509e-b31a-3a63c1c069b6
Alok Kumar,AFSM-001,2025-05-03,Present,0,Generated default Present: no absent/halfday mark,216d813f-e414-5af1-a4ca-4d9b7693ea46
Alok Kumar,AFSM-001,2025-05-04,Present,0,Generated default Present: no absent/halfday mark,638c53ea-943d-586f-b8de-235aed2f7930
Alok Kumar,AFSM-001,2025-05-05,Present,0,Generated default Present: no absent/halfday mark,9bce17f9-6d70-51ef-869f-7692bca1c9bc
Alok Kumar,AFSM-001,2025-05-06,Present,0,Generated default Present: no absent/halfday mark,5b76d678-105c-53a1-b4a3-a2068f0acd86
Alok Kumar,AFSM-001,2025-05-07,Present,0,Generated default Present: no absent/halfday mark,f4a48305-23c0-5614-9601-13a42e4f2685
Alok Kumar,AFSM-001,2025-05-08,Present,0,Generated default Present: no absent/halfday mark,1f38f9ac-eca0-5d6b-8c85-806ad0c2c428
Alok Kumar,AFSM-001,2025-05-09,Present,0,Generated default Present: no absent/halfday mark,e2c8b2e5-b324-5b81-94ac-20e64787b8fe
Alok Kumar,AFSM-001,2025-05-10,Present,0,Generated default Present: no absent/halfday mark,379a73b7-027f-58d3-a1e4-d820369bbc0f
Alok Kumar,AFSM-001,2025-05-11,Present,0,Generated default Present: no absent/halfday mark,88ab5a28-8fde-5a33-a5d3-a512f3dc59f9
Alok Kumar,AFSM-001,2025-05-12,Present,0,Generated default Present: no absent/halfday mark,d77ad9cb-05af-5425-8488-bb881e214bb9
Alok Kumar,AFSM-001,2025-05-13,Present,0,Generated default Present: no absent/halfday mark,b24164a9-4da3-5100-8e83-067100e2bb3d
Alok Kumar,AFSM-001,2025-05-14,Present,0,Generated default Present: no absent/halfday mark,7a32b438-dee2-54a4-af2a-918adca29dd9
Alok Kumar,AFSM-001,2025-05-15,Present,0,Generated default Present: no absent/halfday mark,046c457c-b601-55a2-a751-89ccb5b7f569
Alok Kumar,AFSM-001,2025-05-16,Present,0,Generated default Present: no absent/halfday mark,71035bfe-a6ac-5bef-b55f-a4a147bb225d
Alok Kumar,AFSM-001,2025-05-17,Present,0,Generated default Present: no absent/halfday mark,12cbd28b-643a-5f29-b1a5-ef7d56568d78
Alok Kumar,AFSM-001,2025-05-18,Present,0,Generated default Present: no absent/halfday mark,88c819c1-3b0b-51e0-b52b-2817aad613e1
Alok Kumar,AFSM-001,2025-05-19,Present,0,Generated default Present: no absent/halfday mark,9f2258b9-b0cf-506b-bf83-0787f0ea301b
Alok Kumar,AFSM-001,2025-05-20,Present,0,Generated default Present: no absent/halfday mark,34bb041a-df0c-555b-99f9-59d0c0288aa3
Alok Kumar,AFSM-001,2025-05-21,Present,0,Generated default Present: no absent/halfday mark,701c25a5-accb-5dc6-b865-e82b681954d1
Alok Kumar,AFSM-001,2025-05-22,Present,0,Generated default Present: no absent/halfday mark,a6712465-ff01-503e-a3fd-6076c2af84be
Alok Kumar,AFSM-001,2025-05-23,Present,0,Generated default Present: no absent/halfday mark,db7554da-572f-5fc4-ad4a-616aea75e359
Alok Kumar,AFSM-001,2025-05-24,Present,0,Generated default Present: no absent/halfday mark,f3f72a77-5af4-5455-9e3e-4930e1426719
Alok Kumar,AFSM-001,2025-05-25,Present,0,Generated default Present: no absent/halfday mark,581fbbcc-7901-516d-93d0-95fb83829f6f
Alok Kumar,AFSM-001,2025-05-26,Present,0,Generated default Present: no absent/halfday mark,5c9160ff-05be-5c8d-87d1-53001e189d4c
Alok Kumar,AFSM-001,2025-05-27,Present,0,Generated default Present: no absent/halfday mark,9d3580dc-575a-5507-b285-89cc549a0c38
Alok Kumar,AFSM-001,2025-05-28,Present,0,Generated default Present: no absent/halfday mark,bfd53c4f-43c6-56f8-af8e-33635f560ef8
Alok Kumar,AFSM-001,2025-05-29,Present,0,Generated default Present: no absent/halfday mark,9f73a230-81b4-5023-894f-275b195b48c6
Alok Kumar,AFSM-001,2025-05-30,Present,0,Generated default Present: no absent/halfday mark,e3c95848-ba8c-5aec-a099-de160f000f0b
Alok Kumar,AFSM-001,2025-05-31,Present,0,Generated default Present: no absent/halfday mark,464cd020-c318-522c-a13e-92a95bbaba47
Alok Kumar,AFSM-001,2025-06-01,Present,0,Generated default Present: no absent/halfday mark,302e29c9-0757-5bea-8b66-22741d1b3083
Alok Kumar,AFSM-001,2025-06-02,Present,0,Generated default Present: no absent/halfday mark,894d3999-e4a9-5bce-8e72-8b3daf68e64a
Alok Kumar,AFSM-001,2025-06-03,Present,0,Generated default Present: no absent/halfday mark,1c65ab16-7732-58d4-82ac-5029be96fff5
Alok Kumar,AFSM-001,2025-06-04,Absent,1,Excel import: Absent,be5aa566-912d-51ea-9963-8e6f5b0fb713
Alok Kumar,AFSM-001,2025-06-05,Present,0,Generated default Present: no absent/halfday mark,eb841157-642b-5970-825c-4aa65a4f8b29
Alok Kumar,AFSM-001,2025-06-06,Present,0,Generated default Present: no absent/halfday mark,94f59ee1-750e-56ac-b328-e4ac32dc53c5
Alok Kumar,AFSM-001,2025-06-07,Present,0,Generated default Present: no absent/halfday mark,43902360-a33d-5a6f-a254-3e542f51efcd
Alok Kumar,AFSM-001,2025-06-08,Present,0,Generated default Present: no absent/halfday mark,b2d0d0c0-b2b3-5a01-ae1e-b7287a538f99
Alok Kumar,AFSM-001,2025-06-09,Present,0,Generated default Present: no absent/halfday mark,3caa1390-5025-5df4-8fa3-2fcbf58cce97
Alok Kumar,AFSM-001,2025-06-10,Present,0,Generated default Present: no absent/halfday mark,ebb2e792-8cf2-5346-b8c7-bbbd9742217b
Alok Kumar,AFSM-001,2025-06-11,Present,0,Generated default Present: no absent/halfday mark,0793f4a9-1b67-50d5-8de3-9d9beff3c9d0
Alok Kumar,AFSM-001,2025-06-12,Present,0,Generated default Present: no absent/halfday mark,8a633fd3-3a8b-52e5-b2df-ac541478e24d
Alok Kumar,AFSM-001,2025-06-13,Present,0,Generated default Present: no absent/halfday mark,3a57b7c4-abb0-59bb-85ed-f2976a4c097a
Alok Kumar,AFSM-001,2025-06-14,Present,0,Generated default Present: no absent/halfday mark,dc0bf612-f561-5500-8c30-0d8b71caa9bf
Alok Kumar,AFSM-001,2025-06-15,Present,0,Generated default Present: no absent/halfday mark,71c1a260-7417-568a-99f0-f639db127972
Alok Kumar,AFSM-001,2025-06-16,Present,0,Generated default Present: no absent/halfday mark,fe2091c4-a4c7-5e45-b915-6c80647ca2e6
Alok Kumar,AFSM-001,2025-06-17,Present,0,Generated default Present: no absent/halfday mark,af5fca8f-ad31-5175-b466-033ee2fe60cc
Alok Kumar,AFSM-001,2025-06-18,Present,0,Generated default Present: no absent/halfday mark,b1f80daa-9dba-5f05-a864-5fb1f4f48b6d
Alok Kumar,AFSM-001,2025-06-19,Present,0,Generated default Present: no absent/halfday mark,3edd0e3f-2643-52d9-a15d-e5b0c8191292
Alok Kumar,AFSM-001,2025-06-20,Present,0,Generated default Present: no absent/halfday mark,a97de23f-b29f-5ba4-bfe0-614a8a214a20
Alok Kumar,AFSM-001,2025-06-21,Present,0,Generated default Present: no absent/halfday mark,aefcf01a-b24f-5312-8450-a52ee37c1bd5
Alok Kumar,AFSM-001,2025-06-22,Present,0,Generated default Present: no absent/halfday mark,a44b9275-f32d-5f61-9d89-64f024c63e08
Alok Kumar,AFSM-001,2025-06-23,Present,0,Generated default Present: no absent/halfday mark,f13fb477-3d70-5004-ac89-15ce99d4f661
Alok Kumar,AFSM-001,2025-06-24,Present,0,Generated default Present: no absent/halfday mark,a874fc5a-dce1-5f09-95d8-d79120ef6ae1
Alok Kumar,AFSM-001,2025-06-25,Present,0,Generated default Present: no absent/halfday mark,5715fe7b-5d03-5525-a89e-1b9c65b45f5b
Alok Kumar,AFSM-001,2025-06-26,Present,0,Generated default Present: no absent/halfday mark,00a51847-7a4c-52a8-b967-659e7b3f6f70
Alok Kumar,AFSM-001,2025-06-27,Present,0,Generated default Present: no absent/halfday mark,80bedab9-b883-5e70-b44d-05874b03c580
Alok Kumar,AFSM-001,2025-06-28,Present,0,Generated default Present: no absent/halfday mark,6da17caa-cac4-55e4-94f6-51a4be56a15e
Alok Kumar,AFSM-001,2025-06-29,Present,0,Generated default Present: no absent/halfday mark,befa0422-e136-5104-a216-a69da21c175f
Alok Kumar,AFSM-001,2025-06-30,Present,0,Generated default Present: no absent/halfday mark,039cb7c7-5337-56c5-81e8-578f8436164f
Alok Kumar,AFSM-001,2025-07-01,Present,0,Generated default Present: no absent/halfday mark,909ff8eb-5102-5c90-98a8-67381638f869
Alok Kumar,AFSM-001,2025-07-02,Present,0,Generated default Present: no absent/halfday mark,17932b5e-e509-5ac5-9dc5-daa05559df70
Alok Kumar,AFSM-001,2025-07-03,Present,0,Generated default Present: no absent/halfday mark,9d863739-6a3f-5258-b41f-ec64fa6fee59
Alok Kumar,AFSM-001,2025-07-04,Present,0,Generated default Present: no absent/halfday mark,3f8dd871-e44a-53fb-a45e-c18ef38a8433
Alok Kumar,AFSM-001,2025-07-05,Present,0,Generated default Present: no absent/halfday mark,caa4509b-f3d9-5d83-a41e-7f9690d2013c
Alok Kumar,AFSM-001,2025-07-06,Present,0,Generated default Present: no absent/halfday mark,6cfaa03d-88dd-560e-86c0-c2c4201565d6
Alok Kumar,AFSM-001,2025-07-07,Present,0,Generated default Present: no absent/halfday mark,04e2c465-b58f-5416-b493-a3149ec16606
Alok Kumar,AFSM-001,2025-07-08,Present,0,Generated default Present: no absent/halfday mark,d1a516b9-2f01-531b-8af4-a5b0ad7e722f
Alok Kumar,AFSM-001,2025-07-09,Present,0,Generated default Present: no absent/halfday mark,dce95e14-6643-5f59-8024-3895075cbb19
Alok Kumar,AFSM-001,2025-07-10,Present,0,Generated default Present: no absent/halfday mark,c63ca268-71ab-5f69-b5de-40696f4faa3e
Alok Kumar,AFSM-001,2025-07-11,Present,0,Generated default Present: no absent/halfday mark,e94497a4-d09a-5beb-b9f0-48634b316b6f
Alok Kumar,AFSM-001,2025-07-12,Present,0,Generated default Present: no absent/halfday mark,2c156e2e-8397-5d24-9276-89168e594379
Alok Kumar,AFSM-001,2025-07-13,Present,0,Generated default Present: no absent/halfday mark,d6cc0df6-d40b-5f5f-a6a0-094e5c3c03cc
Alok Kumar,AFSM-001,2025-07-14,Present,0,Generated default Present: no absent/halfday mark,899d502b-1580-5b37-af88-6ff5b2d831f1
Alok Kumar,AFSM-001,2025-07-15,Present,0,Generated default Present: no absent/halfday mark,0a64910e-9ede-594d-9242-635c7b99aef5
Alok Kumar,AFSM-001,2025-07-16,Present,0,Generated default Present: no absent/halfday mark,0d874b8d-f7e7-53b5-9bd2-ba145cac74b8
Alok Kumar,AFSM-001,2025-07-17,Present,0,Generated default Present: no absent/halfday mark,da13c513-39ac-5142-8bc9-f5337f8c3195
Alok Kumar,AFSM-001,2025-07-18,Present,0,Generated default Present: no absent/halfday mark,1bbdb5f8-f45e-5e4d-b81c-40f6b0c64253
Alok Kumar,AFSM-001,2025-07-19,Present,0,Generated default Present: no absent/halfday mark,e409fec1-40af-5bcb-93a1-8df722a22928
Alok Kumar,AFSM-001,2025-07-20,Present,0,Generated default Present: no absent/halfday mark,edf260af-c8b7-5882-bc52-19b85ede9262
Alok Kumar,AFSM-001,2025-07-21,Present,0,Generated default Present: no absent/halfday mark,cab18a77-00d8-53c9-850d-6cfbe1735c22
Alok Kumar,AFSM-001,2025-07-22,Present,0,Generated default Present: no absent/halfday mark,30b6aba7-ff48-59df-afe8-3692e9995391
Alok Kumar,AFSM-001,2025-07-23,Present,0,Generated default Present: no absent/halfday mark,c6cd097e-ff7f-5851-88de-56be7436f513
Alok Kumar,AFSM-001,2025-07-24,Present,0,Generated default Present: no absent/halfday mark,2a22e8fe-40d4-5b17-8ebf-f3c3178c4b5d
Alok Kumar,AFSM-001,2025-07-25,Present,0,Generated default Present: no absent/halfday mark,288a0b11-93b4-5b51-a928-ba6a39a5ff73
Alok Kumar,AFSM-001,2025-07-26,Present,0,Generated default Present: no absent/halfday mark,0151c8e6-b600-5f78-88fd-a418d97732bf
Alok Kumar,AFSM-001,2025-07-27,Present,0,Generated default Present: no absent/halfday mark,88d4ecad-436d-5b91-864d-ca7284c534a8
Alok Kumar,AFSM-001,2025-07-28,Present,0,Generated default Present: no absent/halfday mark,18ae7fa4-6459-5950-a109-ee6fd263c7f4
Alok Kumar,AFSM-001,2025-07-29,Present,0,Generated default Present: no absent/halfday mark,2471dcc4-b67f-5500-b90e-780165e5c172
Alok Kumar,AFSM-001,2025-07-30,Present,0,Generated default Present: no absent/halfday mark,5c0b2afd-f422-5f8f-aa0d-f62cd8995325
Alok Kumar,AFSM-001,2025-07-31,Present,0,Generated default Present: no absent/halfday mark,4119e7e5-9245-5042-b458-b669ae7de144
Alok Kumar,AFSM-001,2025-08-01,Present,0,Generated default Present: no absent/halfday mark,c51323fd-bc7e-51c9-a9b2-4b2827e88de6
Alok Kumar,AFSM-001,2025-08-02,Present,0,Generated default Present: no absent/halfday mark,b4d1d3bb-7dd8-5313-ba5d-04d2a0ef0472
Alok Kumar,AFSM-001,2025-08-03,Present,0,Generated default Present: no absent/halfday mark,559e28b7-dff3-5485-8a04-3e045d379dd5
Alok Kumar,AFSM-001,2025-08-04,Present,0,Generated default Present: no absent/halfday mark,42271ab0-05d1-569a-9501-ba22f054e4e7
Alok Kumar,AFSM-001,2025-08-05,Present,0,Generated default Present: no absent/halfday mark,7457a7c3-b48f-5db5-9907-d22c8ac86cca
Alok Kumar,AFSM-001,2025-08-06,Present,0,Generated default Present: no absent/halfday mark,bca31d97-afcc-58e7-ac8d-6eec2a569551
Alok Kumar,AFSM-001,2025-08-07,Present,0,Generated default Present: no absent/halfday mark,1e7eb8f1-d456-5177-a7c4-1b6cea95e98b
Alok Kumar,AFSM-001,2025-08-08,Present,0,Generated default Present: no absent/halfday mark,279ba55b-3aba-53e2-9427-619b263e197d
Alok Kumar,AFSM-001,2025-08-09,Present,0,Generated default Present: no absent/halfday mark,305cea3e-24a4-5b74-89d9-15cb77631e3e
Alok Kumar,AFSM-001,2025-08-10,Present,0,Generated default Present: no absent/halfday mark,353aee02-975a-5304-aeca-af156f65aa1c
Alok Kumar,AFSM-001,2025-08-11,Present,0,Generated default Present: no absent/halfday mark,81d434f4-7d11-519f-a1f2-9040c4bc4420
Alok Kumar,AFSM-001,2025-08-12,Present,0,Generated default Present: no absent/halfday mark,7e08881a-8d53-522b-b655-6c27f406719c
Alok Kumar,AFSM-001,2025-08-13,Present,0,Generated default Present: no absent/halfday mark,46aa2a1c-7bff-5f91-979c-ca30f8104979
Alok Kumar,AFSM-001,2025-08-14,Present,0,Generated default Present: no absent/halfday mark,3fccf5c3-8ccf-5918-be69-010ea444d7c8
Alok Kumar,AFSM-001,2025-08-15,Present,0,Generated default Present: no absent/halfday mark,c8a088a0-a567-5033-956b-7cfe0d6bea62
Alok Kumar,AFSM-001,2025-08-16,Present,0,Generated default Present: no absent/halfday mark,0be4c941-61aa-51db-b486-30034898348a
Alok Kumar,AFSM-001,2025-08-17,Present,0,Generated default Present: no absent/halfday mark,fa22ba73-52a7-5059-a48d-daf9df33dcba
Alok Kumar,AFSM-001,2025-08-18,Present,0,Generated default Present: no absent/halfday mark,04aece7e-34ff-5de1-aa42-5c57dac225a4
Alok Kumar,AFSM-001,2025-08-19,Present,0,Generated default Present: no absent/halfday mark,3f41aeab-72c3-5a02-ae5c-4374ab6e2795
Alok Kumar,AFSM-001,2025-08-20,Present,0,Generated default Present: no absent/halfday mark,683c38a0-7014-5ddb-8767-9405bf5ec75a
Alok Kumar,AFSM-001,2025-08-21,Present,0,Generated default Present: no absent/halfday mark,39bfae61-bc49-54ea-a882-12800aad46c9
Alok Kumar,AFSM-001,2025-08-22,Present,0,Generated default Present: no absent/halfday mark,1989a429-ce19-5f99-bfa8-ac287e063745
Alok Kumar,AFSM-001,2025-08-23,Present,0,Generated default Present: no absent/halfday mark,4a3d3459-fa92-5a3a-9452-ded00ac34cbd
Alok Kumar,AFSM-001,2025-08-24,Present,0,Generated default Present: no absent/halfday mark,23a0faa7-ce15-58e9-9b74-1f8da922a56d
Alok Kumar,AFSM-001,2025-08-25,Present,0,Generated default Present: no absent/halfday mark,7f71e935-efc0-5492-8f3f-c48bcd68e371
Alok Kumar,AFSM-001,2025-08-26,Present,0,Generated default Present: no absent/halfday mark,6c6529c7-f390-5506-bc54-7348c8e22d02
Alok Kumar,AFSM-001,2025-08-27,Present,0,Generated default Present: no absent/halfday mark,44764cc2-eeca-55c2-9c3d-342f40898fa1
Alok Kumar,AFSM-001,2025-08-28,Present,0,Generated default Present: no absent/halfday mark,0f5d606d-0f73-5654-b8b2-f20207c4f703
Alok Kumar,AFSM-001,2025-08-29,Present,0,Generated default Present: no absent/halfday mark,b52058fb-a71b-5730-9410-49f57730cf7a
Alok Kumar,AFSM-001,2025-08-30,Present,0,Generated default Present: no absent/halfday mark,4db03037-8f99-5c9b-b715-866106fa940d
Alok Kumar,AFSM-001,2025-08-31,Present,0,Generated default Present: no absent/halfday mark,5cdc3729-68ea-5809-99cf-5432c0f34caf
Alok Kumar,AFSM-001,2025-09-01,Present,0,Generated default Present: no absent/halfday mark,c96f8d3f-5b9d-55cf-b55e-681d27ea2eb2
Alok Kumar,AFSM-001,2025-09-02,Present,0,Generated default Present: no absent/halfday mark,5761b63b-4fbb-5ff2-b420-f5896dd7649b
Alok Kumar,AFSM-001,2025-09-03,Present,0,Generated default Present: no absent/halfday mark,cff326ed-11c2-5bd5-99c5-426eaacb605d
Alok Kumar,AFSM-001,2025-09-04,Present,0,Generated default Present: no absent/halfday mark,54d52a47-22c2-52a7-ba29-bb44d7049c32
Alok Kumar,AFSM-001,2025-09-05,Present,0,Generated default Present: no absent/halfday mark,844f57e7-4592-57cc-ab02-29b84287180d
Alok Kumar,AFSM-001,2025-09-06,Present,0,Generated default Present: no absent/halfday mark,db81cf7a-3657-5574-9ac5-ca4c43e0dc31
Alok Kumar,AFSM-001,2025-09-07,Present,0,Generated default Present: no absent/halfday mark,f2134047-9d66-5ad5-bcc0-a5ed4ed0feee
Alok Kumar,AFSM-001,2025-09-08,Present,0,Generated default Present: no absent/halfday mark,dab93abd-4b21-5fc2-9452-4ddd2a7dd58a
Alok Kumar,AFSM-001,2025-09-09,Present,0,Generated default Present: no absent/halfday mark,56db86e8-f0b0-5cd2-ab59-0c0e6d6cfbe8
Alok Kumar,AFSM-001,2025-09-10,Present,0,Generated default Present: no absent/halfday mark,59487dc7-e342-51fa-a336-bff6a8662588
Alok Kumar,AFSM-001,2025-09-11,Present,0,Generated default Present: no absent/halfday mark,61d0ea61-f3e9-5e3e-8a0d-71f164171bb0
Alok Kumar,AFSM-001,2025-09-12,Present,0,Generated default Present: no absent/halfday mark,78a146d0-1f3f-533b-a54b-9794a419a324
Alok Kumar,AFSM-001,2025-09-13,Present,0,Generated default Present: no absent/halfday mark,f4b011a6-91cb-5d35-90e9-4b12633d92f8
Alok Kumar,AFSM-001,2025-09-14,Present,0,Generated default Present: no absent/halfday mark,85f656c1-99a2-56fe-8240-850262f1d732
Alok Kumar,AFSM-001,2025-09-15,Present,0,Generated default Present: no absent/halfday mark,14c54b6c-823c-515c-9562-f63ffbc806b8
Alok Kumar,AFSM-001,2025-09-16,Present,0,Generated default Present: no absent/halfday mark,0aabca4b-1339-50a3-b5df-e18697639eec
Alok Kumar,AFSM-001,2025-09-17,Present,0,Generated default Present: no absent/halfday mark,ddc8d814-6147-5485-be18-a116bf41c8b1
Alok Kumar,AFSM-001,2025-09-18,Present,0,Generated default Present: no absent/halfday mark,f821436e-f898-538b-9bf7-403b49b80271
Alok Kumar,AFSM-001,2025-09-19,Present,0,Generated default Present: no absent/halfday mark,67af4c79-6b7a-551b-ab66-0c632f48d2fa
Alok Kumar,AFSM-001,2025-09-20,Present,0,Generated default Present: no absent/halfday mark,e5966dbf-bd3d-55d0-8fa0-63589979dd29
Alok Kumar,AFSM-001,2025-09-21,Present,0,Generated default Present: no absent/halfday mark,5d197e6c-986f-5b53-a959-cd94c2a80caf
Alok Kumar,AFSM-001,2025-09-22,Present,0,Generated default Present: no absent/halfday mark,939bfec3-9ba1-534b-98b1-9d91aea45e7f
Alok Kumar,AFSM-001,2025-09-23,Present,0,Generated default Present: no absent/halfday mark,9048c027-5a05-513c-b5bf-1a26e0bd50ad
Alok Kumar,AFSM-001,2025-09-24,Present,0,Generated default Present: no absent/halfday mark,4cdb1b95-a0bb-506d-b0cb-312f6e75d211
Alok Kumar,AFSM-001,2025-09-25,Present,0,Generated default Present: no absent/halfday mark,37b58b4a-2d2f-55e3-bc5e-20b7df414903
Alok Kumar,AFSM-001,2025-09-26,Present,0,Generated default Present: no absent/halfday mark,f1cc2915-c18c-5649-869b-8819c0786359
Alok Kumar,AFSM-001,2025-09-27,Present,0,Generated default Present: no absent/halfday mark,3a468bdd-83c3-5efd-b27a-0e2b9e2246aa
Alok Kumar,AFSM-001,2025-09-28,Present,0,Generated default Present: no absent/halfday mark,d35a8f0c-831b-58a6-8238-01e06d263e5f
Alok Kumar,AFSM-001,2025-09-29,Present,0,Generated default Present: no absent/halfday mark,5b1ff622-6f0a-5d7f-bac9-ae357a13f794
Alok Kumar,AFSM-001,2025-09-30,Present,0,Generated default Present: no absent/halfday mark,a4efe660-9fed-537b-abf5-0b0f1161963e
Alok Kumar,AFSM-001,2025-10-01,Present,0,Generated default Present: no absent/halfday mark,4b2e0315-d395-5d68-b909-0bfa604e149d
Alok Kumar,AFSM-001,2025-10-02,Present,0,Generated default Present: no absent/halfday mark,78c8f242-b640-5dd3-ad18-eaab5ba1c0bf
Alok Kumar,AFSM-001,2025-10-03,Present,0,Generated default Present: no absent/halfday mark,004a21b3-661a-54c7-9a82-279354750bab
Alok Kumar,AFSM-001,2025-10-04,Present,0,Generated default Present: no absent/halfday mark,77ae683f-3342-5363-ace8-d46547e38286
Alok Kumar,AFSM-001,2025-10-05,Present,0,Generated default Present: no absent/halfday mark,a512936a-d988-54c0-a84a-ed0f2ab46740
Alok Kumar,AFSM-001,2025-10-06,Present,0,Generated default Present: no absent/halfday mark,faa2485d-429f-5fce-9754-0256bdc184e7
Alok Kumar,AFSM-001,2025-10-07,Present,0,Generated default Present: no absent/halfday mark,15bbde85-d108-5044-9aed-1fc7ba0f73b2
Alok Kumar,AFSM-001,2025-10-08,Present,0,Generated default Present: no absent/halfday mark,518a7d7b-d413-5309-a09a-bedbe7246503
Alok Kumar,AFSM-001,2025-10-09,Present,0,Generated default Present: no absent/halfday mark,b259982f-4816-5863-966e-02b9b353e530
Alok Kumar,AFSM-001,2025-10-10,Present,0,Generated default Present: no absent/halfday mark,f1f6266e-f019-5e92-9ae3-091ed7137813
Alok Kumar,AFSM-001,2025-10-11,Present,0,Generated default Present: no absent/halfday mark,ea17a7e9-bc2d-50b9-a7d0-68aacff11c89
Alok Kumar,AFSM-001,2025-10-12,Present,0,Generated default Present: no absent/halfday mark,2dea9d72-951a-5d26-90eb-112317aa013c
Alok Kumar,AFSM-001,2025-10-13,Present,0,Generated default Present: no absent/halfday mark,ccb4cbf9-5b4a-5a8d-9731-708ce3aefddd
Alok Kumar,AFSM-001,2025-10-14,Present,0,Generated default Present: no absent/halfday mark,5348a050-6cf5-59c2-8fb8-c65fcb8601d2
Alok Kumar,AFSM-001,2025-10-15,Present,0,Generated default Present: no absent/halfday mark,29bb6d49-967b-5f42-b122-8c9238bc054c
Alok Kumar,AFSM-001,2025-10-16,Present,0,Generated default Present: no absent/halfday mark,eac79211-cb16-5f72-8681-02f76b282d28
Alok Kumar,AFSM-001,2025-10-17,Present,0,Generated default Present: no absent/halfday mark,51c3e854-79c3-51c2-8ed3-796426592f88
Alok Kumar,AFSM-001,2025-10-18,Present,0,Generated default Present: no absent/halfday mark,ffea6980-b2ff-55e2-b62f-3a41d1c15d2c
Alok Kumar,AFSM-001,2025-10-19,Present,0,Generated default Present: no absent/halfday mark,1cfab0a1-1af5-50ef-aa0f-df21fdc11f18
Alok Kumar,AFSM-001,2025-10-20,Present,0,Generated default Present: no absent/halfday mark,6e54e5fe-4023-543b-8804-c64ce18d755e
Alok Kumar,AFSM-001,2025-10-21,Present,0,Generated default Present: no absent/halfday mark,b601f270-7c48-55be-afff-722dbdd890ff
Alok Kumar,AFSM-001,2025-10-22,Present,0,Generated default Present: no absent/halfday mark,84d800b5-e644-53fc-964c-1f76c1094b8b
Alok Kumar,AFSM-001,2025-10-23,Present,0,Generated default Present: no absent/halfday mark,ef6f0dee-5c1a-54d9-b603-45a67cec013c
Alok Kumar,AFSM-001,2025-10-24,Present,0,Generated default Present: no absent/halfday mark,df44cb5b-dd71-59e1-8a65-62c257cd35e7
Alok Kumar,AFSM-001,2025-10-25,Present,0,Generated default Present: no absent/halfday mark,441ac8cb-ac18-566c-9522-f864aa149bb6
Alok Kumar,AFSM-001,2025-10-26,Present,0,Generated default Present: no absent/halfday mark,78bb4366-0088-53d6-ba60-c85594c01be8
Alok Kumar,AFSM-001,2025-10-27,Present,0,Generated default Present: no absent/halfday mark,d8ca21ef-86b7-5f29-9f68-d4686e6ee527
Alok Kumar,AFSM-001,2025-10-28,Present,0,Generated default Present: no absent/halfday mark,d58ff142-e2ea-58c6-b3ba-07a564a1c1ad
Alok Kumar,AFSM-001,2025-10-29,Present,0,Generated default Present: no absent/halfday mark,fe65723c-f641-5b1f-8be2-be21889ed7c2
Alok Kumar,AFSM-001,2025-10-30,Present,0,Generated default Present: no absent/halfday mark,9adf3536-1883-502c-96ad-2f48ce51d2c4
Alok Kumar,AFSM-001,2025-10-31,Present,0,Generated default Present: no absent/halfday mark,fddaecc9-7371-595a-9caf-50800427bc51
Alok Kumar,AFSM-001,2025-11-01,Present,0,Generated default Present: no absent/halfday mark,e40fe1d8-ee2e-57bf-b61a-6c5041e42d6c
Alok Kumar,AFSM-001,2025-11-02,Present,0,Generated default Present: no absent/halfday mark,e99a5977-9b97-555d-9752-d2d521b03cd9
Alok Kumar,AFSM-001,2025-11-03,Present,0,Generated default Present: no absent/halfday mark,e785e5d0-c4a1-5dcd-aee3-1a11db96899f
Alok Kumar,AFSM-001,2025-11-04,Present,0,Generated default Present: no absent/halfday mark,db91a536-56b0-5bc8-9dac-d25ef42eebb9
Alok Kumar,AFSM-001,2025-11-05,Present,0,Generated default Present: no absent/halfday mark,6ea116a9-4af7-575b-9a49-03cf13b51c72
Alok Kumar,AFSM-001,2025-11-06,Present,0,Generated default Present: no absent/halfday mark,43436583-d781-5ec2-9e58-4bdd9da66a24
Alok Kumar,AFSM-001,2025-11-07,Present,0,Generated default Present: no absent/halfday mark,de660e36-28f6-5abc-bf3f-2c6dba654b1f
Alok Kumar,AFSM-001,2025-11-08,Present,0,Generated default Present: no absent/halfday mark,bea55150-cc0a-520a-93f9-ce11204febaa
Alok Kumar,AFSM-001,2025-11-09,Present,0,Generated default Present: no absent/halfday mark,13c00a50-263b-570e-b8b2-e6a775420a37
Alok Kumar,AFSM-001,2025-11-10,Present,0,Generated default Present: no absent/halfday mark,84fcc7e5-6dd9-5731-9286-2a0ac9c90ecd
Alok Kumar,AFSM-001,2025-11-11,Present,0,Generated default Present: no absent/halfday mark,e78a203c-1b9f-55c5-a3de-d723eda61710
Alok Kumar,AFSM-001,2025-11-12,Present,0,Generated default Present: no absent/halfday mark,aa93c8b3-7de3-5851-b1e1-d012f0958353
Alok Kumar,AFSM-001,2025-11-13,Present,0,Generated default Present: no absent/halfday mark,223c4465-baac-56c7-afde-c0b789030c6f
Alok Kumar,AFSM-001,2025-11-14,Present,0,Generated default Present: no absent/halfday mark,e0556081-4cc7-57f7-9586-721aafc3f482
Alok Kumar,AFSM-001,2025-11-15,Present,0,Generated default Present: no absent/halfday mark,3e1c0bb9-b1d5-5cf1-8957-d4268c79df5a
Alok Kumar,AFSM-001,2025-11-16,Present,0,Generated default Present: no absent/halfday mark,ab91bc5f-7d9d-5d7d-8dd0-e364028f8d8b
Alok Kumar,AFSM-001,2025-11-17,Present,0,Generated default Present: no absent/halfday mark,b5a2aa45-ddde-5a44-9405-d71ac388fbdf
Alok Kumar,AFSM-001,2025-11-18,Present,0,Generated default Present: no absent/halfday mark,06737462-9b37-5045-a30b-4e62d1dbadff
Alok Kumar,AFSM-001,2025-11-19,Present,0,Generated default Present: no absent/halfday mark,32db82b3-b9eb-513b-9e94-6e293923cc3d
Alok Kumar,AFSM-001,2025-11-20,Present,0,Generated default Present: no absent/halfday mark,0190ef13-fba4-5084-aca0-2acfaef9d59d
Alok Kumar,AFSM-001,2025-11-21,Present,0,Generated default Present: no absent/halfday mark,5b3dea23-9ce7-5bed-a177-2387ef21b569
Alok Kumar,AFSM-001,2025-11-22,Present,0,Generated default Present: no absent/halfday mark,45deb851-7ebb-53d8-8485-3554c4ba75ee
Alok Kumar,AFSM-001,2025-11-23,Present,0,Generated default Present: no absent/halfday mark,ae7155ce-22e3-548b-8504-fd8051511ca1
Alok Kumar,AFSM-001,2025-11-24,Present,0,Generated default Present: no absent/halfday mark,5f4b1024-b031-5b78-9109-872b910442f8
Alok Kumar,AFSM-001,2025-11-25,Present,0,Generated default Present: no absent/halfday mark,a9e099f5-a191-5085-8133-b6968a1d85ba
Alok Kumar,AFSM-001,2025-11-26,Present,0,Generated default Present: no absent/halfday mark,62e618c1-0890-5548-a131-ca5e03646ff4
Alok Kumar,AFSM-001,2025-11-27,Present,0,Generated default Present: no absent/halfday mark,88d73eb5-dc67-53f0-abd8-a350f13863f9
Alok Kumar,AFSM-001,2025-11-28,Present,0,Generated default Present: no absent/halfday mark,7e5a2ef6-e220-5d6b-b2c7-0d3c04a1299f
Alok Kumar,AFSM-001,2025-11-29,Present,0,Generated default Present: no absent/halfday mark,4be80a0d-2bd9-56b9-86a5-432f7de64b89
Alok Kumar,AFSM-001,2025-11-30,Present,0,Generated default Present: no absent/halfday mark,e0064135-db73-51bc-8856-b0fb0ef1f868
Alok Kumar,AFSM-001,2025-12-01,Present,0,Generated default Present: no absent/halfday mark,14aa8def-5de2-58db-bd64-ca5eacb32878
Alok Kumar,AFSM-001,2025-12-02,Present,0,Generated default Present: no absent/halfday mark,160a1511-4f1d-5a62-9052-a40f2d38ae9a
Alok Kumar,AFSM-001,2025-12-03,Present,0,Generated default Present: no absent/halfday mark,9728b02f-d509-532b-8ded-641b7c9fe0f1
Alok Kumar,AFSM-001,2025-12-04,Present,0,Generated default Present: no absent/halfday mark,d027c7e4-6791-58e9-a17d-3b8b3fadf449
Alok Kumar,AFSM-001,2025-12-05,Present,0,Generated default Present: no absent/halfday mark,82440ac6-36de-5f38-b56b-6fd6c6c07f8d
Alok Kumar,AFSM-001,2025-12-06,Present,0,Generated default Present: no absent/halfday mark,7d66b6d1-4662-5f0b-950a-5b5b61f8b3e4
Alok Kumar,AFSM-001,2025-12-07,Present,0,Generated default Present: no absent/halfday mark,4a9381e6-5550-55f8-af6d-199f8df7a61b
Alok Kumar,AFSM-001,2025-12-08,Present,0,Generated default Present: no absent/halfday mark,853831cc-5fce-5be4-a8db-312a47579b51
Alok Kumar,AFSM-001,2025-12-09,Present,0,Generated default Present: no absent/halfday mark,6391fd37-62e2-5321-873e-1f09046f1d55
Alok Kumar,AFSM-001,2025-12-10,Present,0,Generated default Present: no absent/halfday mark,34d91576-8cef-58ca-a224-2001e7f512f5
Alok Kumar,AFSM-001,2025-12-11,Present,0,Generated default Present: no absent/halfday mark,8a73e44f-cf38-5ab8-9a5d-17b082753a61
Alok Kumar,AFSM-001,2025-12-12,Present,0,Generated default Present: no absent/halfday mark,64c80ead-b2eb-565e-9344-fbcf12ff4ff0
Alok Kumar,AFSM-001,2025-12-13,Present,0,Generated default Present: no absent/halfday mark,25d53279-5ea7-5e7e-80ee-669fd0469e32
Alok Kumar,AFSM-001,2025-12-14,Present,0,Generated default Present: no absent/halfday mark,0549fed3-8090-565d-8642-e89a66dc305b
Alok Kumar,AFSM-001,2025-12-15,Present,0,Generated default Present: no absent/halfday mark,f93e5727-1097-5b8a-8d7a-ef076068387b
Alok Kumar,AFSM-001,2025-12-16,Present,0,Generated default Present: no absent/halfday mark,7ebb982e-394e-5f46-9bec-e49239d6fef0
Alok Kumar,AFSM-001,2025-12-17,Present,0,Generated default Present: no absent/halfday mark,bae5bc51-d9c3-5ca4-aca9-f57d7617ccaa
Alok Kumar,AFSM-001,2025-12-18,Present,0,Generated default Present: no absent/halfday mark,95a43305-04d0-55fc-970d-ed8c37898ffd
Alok Kumar,AFSM-001,2025-12-19,Present,0,Generated default Present: no absent/halfday mark,5734e184-b645-58b0-b43c-6349f795c868
Alok Kumar,AFSM-001,2025-12-20,Present,0,Generated default Present: no absent/halfday mark,d4251911-2929-509d-8f2c-b8be4adde80b
Alok Kumar,AFSM-001,2025-12-21,Present,0,Generated default Present: no absent/halfday mark,d57b465e-223f-59a7-a4e9-339370b02ce0
Alok Kumar,AFSM-001,2025-12-22,Present,0,Generated default Present: no absent/halfday mark,9a7f56ff-9788-5aa7-a092-ec29dd0f75c7
Alok Kumar,AFSM-001,2025-12-23,Present,0,Generated default Present: no absent/halfday mark,f4e78027-01d4-586f-bc73-f0abd6ad457a
Alok Kumar,AFSM-001,2025-12-24,Present,0,Generated default Present: no absent/halfday mark,a6c7f9d7-cf6d-5936-a29d-2ba3499a16b9
Alok Kumar,AFSM-001,2025-12-25,Present,0,Generated default Present: no absent/halfday mark,ef1f2f6a-3114-586c-9a00-beab3ad57f52
Alok Kumar,AFSM-001,2025-12-26,Present,0,Generated default Present: no absent/halfday mark,69f44642-c215-5169-8f44-7e69cc14e44a
Alok Kumar,AFSM-001,2025-12-27,Present,0,Generated default Present: no absent/halfday mark,a5377cd9-c976-5afc-b632-31c55ea781f6
Alok Kumar,AFSM-001,2025-12-28,Present,0,Generated default Present: no absent/halfday mark,619bebb4-7318-564a-856c-ffb83c66eb59
Alok Kumar,AFSM-001,2025-12-29,Present,0,Generated default Present: no absent/halfday mark,795392a5-5842-581c-9b29-ed6828012d81
Alok Kumar,AFSM-001,2025-12-30,Present,0,Generated default Present: no absent/halfday mark,f1765465-2973-5cb2-b853-de93743eb131
Alok Kumar,AFSM-001,2025-12-31,Present,0,Generated default Present: no absent/halfday mark,4d5187a2-0c25-5473-a6be-c233c849f26e
Alok Kumar,AFSM-001,2026-01-01,Present,0,Generated default Present: no absent/halfday mark,b4b4b6d1-65d5-585a-a880-4319a16ac980
Alok Kumar,AFSM-001,2026-01-02,Present,0,Generated default Present: no absent/halfday mark,f09b1eae-9586-51e4-9faa-eae02a83b40d
Alok Kumar,AFSM-001,2026-01-03,Present,0,Generated default Present: no absent/halfday mark,d49d9157-3b13-5817-8253-691ee2e5bc11
Alok Kumar,AFSM-001,2026-01-04,Present,0,Generated default Present: no absent/halfday mark,ade96267-d5a5-584e-9d48-33cc610752fb
Alok Kumar,AFSM-001,2026-01-05,Present,0,Generated default Present: no absent/halfday mark,83566f6d-97c4-553a-bb5c-148abd50419f
Alok Kumar,AFSM-001,2026-01-06,Present,0,Generated default Present: no absent/halfday mark,d612572a-139e-55bf-8124-9c0310fe4ad4
Alok Kumar,AFSM-001,2026-01-07,Absent,1,Excel import: Absent,82a38032-8985-5c7e-857c-e8d94087c765
Alok Kumar,AFSM-001,2026-01-08,Present,0,Generated default Present: no absent/halfday mark,5900c7ae-cd68-5e50-8770-24c68a89e714
Alok Kumar,AFSM-001,2026-01-09,Present,0,Generated default Present: no absent/halfday mark,db7284b9-f788-508b-bab9-2d54b7998398
Alok Kumar,AFSM-001,2026-01-10,Present,0,Generated default Present: no absent/halfday mark,e649494c-71fb-5867-a69d-7bcd3a0742f0
Alok Kumar,AFSM-001,2026-01-11,Present,0,Generated default Present: no absent/halfday mark,f03554ec-0011-5bd3-9934-77612ba90a32
Alok Kumar,AFSM-001,2026-01-12,Present,0,Generated default Present: no absent/halfday mark,1267d460-ef76-5437-b349-3f6632af0c13
Alok Kumar,AFSM-001,2026-01-13,Present,0,Generated default Present: no absent/halfday mark,a3df9a08-f41f-5f80-8e75-a964e76ca1ee
Alok Kumar,AFSM-001,2026-01-14,Present,0,Generated default Present: no absent/halfday mark,317a6684-73ed-52eb-b711-f9c2fa40da30
Alok Kumar,AFSM-001,2026-01-15,Present,0,Generated default Present: no absent/halfday mark,95ac1634-d7e9-587c-b13b-3cbac7376692
Alok Kumar,AFSM-001,2026-01-16,Present,0,Generated default Present: no absent/halfday mark,9444cf7a-e9c0-5707-86ee-c8a56ea1149f
Alok Kumar,AFSM-001,2026-01-17,Present,0,Generated default Present: no absent/halfday mark,1482bfb2-fe71-5137-892a-1084e9ab21b0
Alok Kumar,AFSM-001,2026-01-18,Absent,1,Excel import: Absent,0718aaaf-099e-5b5d-9e35-47c3b9ce5f37
Alok Kumar,AFSM-001,2026-01-19,Absent,1,Excel import: Absent,1f3bbf02-e17c-569c-be8a-6b38c95aa1db
Alok Kumar,AFSM-001,2026-01-20,Absent,1,Excel import: Absent,24ed488d-c7a6-58b0-b672-e04cf4a9d8b9
Alok Kumar,AFSM-001,2026-01-21,Present,0,Generated default Present: no absent/halfday mark,c862e9ac-f1db-5129-8a64-11b7857eb87f
Alok Kumar,AFSM-001,2026-01-22,Present,0,Generated default Present: no absent/halfday mark,00dfc7a9-7102-5aa4-a7c2-35ec24a0d212
Alok Kumar,AFSM-001,2026-01-23,Present,0,Generated default Present: no absent/halfday mark,31a8258e-b560-58a7-9d72-2f32325c50e4
Alok Kumar,AFSM-001,2026-01-24,Absent,1,Excel import: Absent,4743d6fb-fadc-50ab-9208-9e156f0fe185
Alok Kumar,AFSM-001,2026-01-25,Absent,1,Excel import: Absent,d06e1a5d-1639-5d9b-9408-842b1c090c0d
Alok Kumar,AFSM-001,2026-01-26,Absent,1,Excel import: Absent,076ce4f7-0012-5c88-875a-67ce76fe3cf8
Alok Kumar,AFSM-001,2026-01-27,Absent,1,Excel import: Absent,cce85e55-fdca-559f-8e98-6eb14b3669cc
Alok Kumar,AFSM-001,2026-01-28,Present,0,Generated default Present: no absent/halfday mark,d9d838bb-2f4c-5320-95bb-72fbad68491d
Alok Kumar,AFSM-001,2026-01-29,Present,0,Generated default Present: no absent/halfday mark,f7a64f4b-9de0-5ca5-bbd4-14dfe00835af
Alok Kumar,AFSM-001,2026-01-30,Present,0,Generated default Present: no absent/halfday mark,91a126e6-6078-5cbd-a34c-9fbb48235064
Alok Kumar,AFSM-001,2026-01-31,Present,0,Generated default Present: no absent/halfday mark,02aa05e3-3ae2-5542-8a03-a60cb1296eeb
Alok Kumar,AFSM-001,2026-02-01,Present,0,Generated default Present: no absent/halfday mark,a19c2acf-2d7e-59d7-9a2e-d52b59b63899
Alok Kumar,AFSM-001,2026-02-02,Present,0,Generated default Present: no absent/halfday mark,c8129cf8-4688-518f-957d-bfc5052648e6
Alok Kumar,AFSM-001,2026-02-03,Present,0,Generated default Present: no absent/halfday mark,c9a47df1-89d7-5781-8ed1-be4e8f9dcbc1
Alok Kumar,AFSM-001,2026-02-04,Present,0,Generated default Present: no absent/halfday mark,8f9d49d4-ec22-5aff-a5d2-0325c72d2224
Alok Kumar,AFSM-001,2026-02-05,Present,0,Generated default Present: no absent/halfday mark,f6bc93fb-abdb-59bf-ae13-a85c4b07ae8c
Alok Kumar,AFSM-001,2026-02-06,Present,0,Generated default Present: no absent/halfday mark,8bb0672f-5f1d-5684-b05b-4254e3e85c64
Alok Kumar,AFSM-001,2026-02-07,Present,0,Generated default Present: no absent/halfday mark,4d1478e8-14b9-5ef3-b694-dffdb9ce9b02
Alok Kumar,AFSM-001,2026-02-08,Absent,1,Excel import: Absent,474f446a-05cb-5d51-a047-8abca413a5be
Alok Kumar,AFSM-001,2026-02-09,Absent,1,Excel import: Absent,34138c59-a1fa-5903-ae15-90da77abb57f
Alok Kumar,AFSM-001,2026-02-10,Absent,1,Excel import: Absent,5b6748a1-bb6f-5119-80bd-b9dd87d6b790
Alok Kumar,AFSM-001,2026-02-11,Present,0,Generated default Present: no absent/halfday mark,d6bf3d09-c0da-576f-b847-c3008af94941
Alok Kumar,AFSM-001,2026-02-12,Present,0,Generated default Present: no absent/halfday mark,d0a7b662-f863-5b48-9398-b30cf5dd7d53
Alok Kumar,AFSM-001,2026-02-13,Absent,1,Excel import: Absent,b69bb10a-d5da-50e9-82ca-42245f25d979
Alok Kumar,AFSM-001,2026-02-14,Absent,1,Excel import: Absent,96a6fe1e-d8f5-5c90-b438-af09e1c2390a
Alok Kumar,AFSM-001,2026-02-15,Present,0,Generated default Present: no absent/halfday mark,2d9d9a84-f4b3-5702-88ab-0aa5133c96a2
Alok Kumar,AFSM-001,2026-02-16,Present,0,Generated default Present: no absent/halfday mark,779a8a00-077a-5518-a8a6-78fba36a091c
Alok Kumar,AFSM-001,2026-02-17,Present,0,Generated default Present: no absent/halfday mark,53c17c51-c467-577f-923b-ee459ecd97dc
Alok Kumar,AFSM-001,2026-02-18,Present,0,Generated default Present: no absent/halfday mark,42b0e331-1d2c-54d1-990e-3f722b24c18e
Alok Kumar,AFSM-001,2026-02-19,Present,0,Generated default Present: no absent/halfday mark,c0ba3846-d892-5953-9140-38b03694c10c
Alok Kumar,AFSM-001,2026-02-20,Present,0,Generated default Present: no absent/halfday mark,5036993c-35ce-554e-ad07-a6fa6a19f7d4
Alok Kumar,AFSM-001,2026-02-21,Present,0,Generated default Present: no absent/halfday mark,dee14a8b-5887-5f20-9c9a-8602544e5189
Alok Kumar,AFSM-001,2026-02-22,Present,0,Generated default Present: no absent/halfday mark,02f0d88d-1378-52ce-8a6e-0b9229787298
Alok Kumar,AFSM-001,2026-02-23,Present,0,Generated default Present: no absent/halfday mark,7a1d698a-888b-5a05-a196-42804c8780c9
Alok Kumar,AFSM-001,2026-02-24,Present,0,Generated default Present: no absent/halfday mark,0be95473-2ead-56f4-82db-ac6f24119009
Alok Kumar,AFSM-001,2026-02-25,Present,0,Generated default Present: no absent/halfday mark,dddd215f-6815-5c9f-9a97-e8803f1e9bb4
Alok Kumar,AFSM-001,2026-02-26,Absent,1,Excel import: Absent,03bfd413-b6b0-59a6-bb1a-860f9ea3084d
Alok Kumar,AFSM-001,2026-02-27,Present,0,Generated default Present: no absent/halfday mark,70adedc9-0679-5f12-bb64-a3581f229960
Alok Kumar,AFSM-001,2026-02-28,Present,0,Generated default Present: no absent/halfday mark,6b0da28c-1846-50ea-9be4-34137bc5dd80
Alok Kumar,AFSM-001,2026-03-01,Present,0,Generated default Present: no absent/halfday mark,f65bbb24-7d34-5f72-8b39-65b453e8da5f
Alok Kumar,AFSM-001,2026-03-02,Present,0,Generated default Present: no absent/halfday mark,35c28bdf-993b-577e-9158-bde54b98b499
Alok Kumar,AFSM-001,2026-03-03,Present,0,Generated default Present: no absent/halfday mark,54aa0672-705c-57c1-bf36-9da2b41e7cac
Alok Kumar,AFSM-001,2026-03-04,Present,0,Generated default Present: no absent/halfday mark,0a37b7ec-815a-538c-a273-1bac13c2bcfa
Alok Kumar,AFSM-001,2026-03-05,Present,0,Generated default Present: no absent/halfday mark,4b153472-35e7-5fb1-94d2-799552484799
Alok Kumar,AFSM-001,2026-03-06,Present,0,Generated default Present: no absent/halfday mark,245c7476-f88e-5835-ab2b-619c3b4e3c6f
Alok Kumar,AFSM-001,2026-03-07,Present,0,Generated default Present: no absent/halfday mark,9bea1133-ed2a-5346-ad76-86b9c8761451
Alok Kumar,AFSM-001,2026-03-08,Present,0,Generated default Present: no absent/halfday mark,8cb57ef6-b0e2-5f1e-b392-ccaa2f07349f
Alok Kumar,AFSM-001,2026-03-09,Present,0,Generated default Present: no absent/halfday mark,c251e1da-8954-5a13-a193-f72184f1fb0f
Alok Kumar,AFSM-001,2026-03-10,Present,0,Generated default Present: no absent/halfday mark,64f7e096-0f9a-5514-a8f5-9d2399d32802
Alok Kumar,AFSM-001,2026-03-11,Present,0,Generated default Present: no absent/halfday mark,d7359bcf-cc7a-5d99-a542-aed2e5a32733
Alok Kumar,AFSM-001,2026-03-12,Present,0,Generated default Present: no absent/halfday mark,a15c3486-9324-5aba-a27c-7302161d0b3d
Alok Kumar,AFSM-001,2026-03-13,Present,0,Generated default Present: no absent/halfday mark,cf68db1b-7522-5d81-a476-57485d731973
Alok Kumar,AFSM-001,2026-03-14,Absent,1,Excel import: Absent,f00f63d8-f21c-5b32-a2f6-99299a1159f4
Alok Kumar,AFSM-001,2026-03-15,Absent,1,Excel import: Absent,62bf0727-7746-5e16-a493-a15394de30c0
Alok Kumar,AFSM-001,2026-03-16,Absent,1,Excel import: Absent,5e97fb9a-c5cf-5491-9e1e-ea262b6f521b
Alok Kumar,AFSM-001,2026-03-17,Present,0,Generated default Present: no absent/halfday mark,480ab71f-85da-5ece-a927-7cce95fbfe36
Alok Kumar,AFSM-001,2026-03-18,Present,0,Generated default Present: no absent/halfday mark,cc05cfba-b236-5faf-8f49-f72299a32788
Alok Kumar,AFSM-001,2026-03-19,Present,0,Generated default Present: no absent/halfday mark,4bb36639-f2c6-543f-a030-578cbe881217
Alok Kumar,AFSM-001,2026-03-20,Present,0,Generated default Present: no absent/halfday mark,2eed47ad-cca4-5b9c-bc2f-df8c4fd5747e
Alok Kumar,AFSM-001,2026-03-21,Present,0,Generated default Present: no absent/halfday mark,c7f4fa5a-fe4a-567b-97a0-3736b57222b1
Alok Kumar,AFSM-001,2026-03-22,Present,0,Generated default Present: no absent/halfday mark,93264a2f-bff7-53a8-b993-3ef745d9202a
Alok Kumar,AFSM-001,2026-03-23,Present,0,Generated default Present: no absent/halfday mark,41c6568d-7541-5e03-a0c5-9be7408f8397
Alok Kumar,AFSM-001,2026-03-24,Present,0,Generated default Present: no absent/halfday mark,1effd7ce-38fe-5196-9197-e6c6d8737bea
Alok Kumar,AFSM-001,2026-03-25,Present,0,Generated default Present: no absent/halfday mark,560d1a83-806b-5117-9129-92f59b8bd6cf
Alok Kumar,AFSM-001,2026-03-26,Present,0,Generated default Present: no absent/halfday mark,94d8ecb6-095a-5673-a621-298a33eff598
Alok Kumar,AFSM-001,2026-03-27,Present,0,Generated default Present: no absent/halfday mark,fede09fb-3d19-523a-b4ad-40fcf3809ad5
Alok Kumar,AFSM-001,2026-03-28,Present,0,Generated default Present: no absent/halfday mark,de5598f8-8421-5583-a262-eab15d4c091f
Alok Kumar,AFSM-001,2026-03-29,Present,0,Generated default Present: no absent/halfday mark,d31d4acb-2c97-59bd-9d81-1dd3ab9129a5
Alok Kumar,AFSM-001,2026-03-30,Present,0,Generated default Present: no absent/halfday mark,3bb2ac45-6aba-5e84-8d77-c92a53084e1d
Alok Kumar,AFSM-001,2026-03-31,Present,0,Generated default Present: no absent/halfday mark,374b3a64-a35e-5156-b102-6344c0f0fe0d
Alok Kumar,AFSM-001,2026-04-01,Present,0,Generated default Present: no absent/halfday mark,77ceffc4-7bfc-51b2-bf48-92941e3c8b61
Alok Kumar,AFSM-001,2026-04-02,Present,0,Generated default Present: no absent/halfday mark,def33d62-da38-5b6f-9c88-3f1c00fd16c1
Alok Kumar,AFSM-001,2026-04-03,Present,0,Generated default Present: no absent/halfday mark,ac877857-f95b-5ccb-9cd2-658cff106104
Alok Kumar,AFSM-001,2026-04-04,Present,0,Generated default Present: no absent/halfday mark,a77659a7-0229-54e4-9644-841e14ed6fb7
Alok Kumar,AFSM-001,2026-04-05,Present,0,Generated default Present: no absent/halfday mark,d77ecd16-a5fe-58c9-8864-a0dcee6e8006
Alok Kumar,AFSM-001,2026-04-06,Present,0,Generated default Present: no absent/halfday mark,b63747d9-37c0-57b5-ab95-d21bc9b35b7f
Alok Kumar,AFSM-001,2026-04-07,Present,0,Generated default Present: no absent/halfday mark,d9b226ed-4336-5725-8ce2-c0f46aacbb6e
Alok Kumar,AFSM-001,2026-04-08,Absent,1,Excel import: Absent,38d2f24d-faf9-511f-bdd6-ca45ea43e6d5
Alok Kumar,AFSM-001,2026-04-09,Absent,1,Excel import: Absent,704c6312-64e9-5bef-b08e-0bd4ede79bd1
Alok Kumar,AFSM-001,2026-04-10,Absent,1,Excel import: Absent,7c124c18-7720-56ee-8f25-25f32b13e79e
Alok Kumar,AFSM-001,2026-04-11,Absent,1,Excel import: Absent,ee0704ab-f726-50fb-af2c-a601c2bedcd9
Alok Kumar,AFSM-001,2026-04-12,Present,0,Generated default Present: no absent/halfday mark,876aebf1-8519-5d3b-9200-4f456cbcd4bc
Alok Kumar,AFSM-001,2026-04-13,Present,0,Generated default Present: no absent/halfday mark,e7d3403e-717f-5dec-a978-87d465dc3d14
Alok Kumar,AFSM-001,2026-04-14,Present,0,Generated default Present: no absent/halfday mark,63b399c6-25d1-5f8f-8571-bea32df97670
Alok Kumar,AFSM-001,2026-04-15,Present,0,Generated default Present: no absent/halfday mark,1b70a30e-42b4-5b5b-b091-efad64912c97
Alok Kumar,AFSM-001,2026-04-16,Present,0,Generated default Present: no absent/halfday mark,23971353-d9cf-5c93-b87f-1e899713a1e3
Alok Kumar,AFSM-001,2026-04-17,Present,0,Generated default Present: no absent/halfday mark,ee642f11-fbce-52e9-8ffe-fd854e0059ea
Alok Kumar,AFSM-001,2026-04-18,Present,0,Generated default Present: no absent/halfday mark,51aa880d-422f-5c42-b61c-94402c28571a
Alok Kumar,AFSM-001,2026-04-19,Present,0,Generated default Present: no absent/halfday mark,7c597672-2f64-5942-a0a1-de40d55005f6
Alok Kumar,AFSM-001,2026-04-20,Present,0,Generated default Present: no absent/halfday mark,52eac949-1fe8-509b-a2e7-6f929076917c
Alok Kumar,AFSM-001,2026-04-21,Present,0,Generated default Present: no absent/halfday mark,ef9dc701-4303-5521-a5b2-066d41fe6e4c
Alok Kumar,AFSM-001,2026-04-22,Present,0,Generated default Present: no absent/halfday mark,4e1ecd8a-8c3f-598f-bbcb-63fc2be4ba34
Alok Kumar,AFSM-001,2026-04-23,Present,0,Generated default Present: no absent/halfday mark,88863626-613b-5b79-b247-b6b77d87277f
Alok Kumar,AFSM-001,2026-04-24,Present,0,Generated default Present: no absent/halfday mark,5967054c-454c-5c19-8aee-3a4b2efb246d
Alok Kumar,AFSM-001,2026-04-25,Present,0,Generated default Present: no absent/halfday mark,95563139-a1fa-56d4-9efc-efd4dcc832c0
Alok Kumar,AFSM-001,2026-04-26,Present,0,Generated default Present: no absent/halfday mark,af0a6720-8f43-5554-b025-4947e2338c92
Alok Kumar,AFSM-001,2026-04-27,Present,0,Generated default Present: no absent/halfday mark,d598ceb2-d777-5a3e-8d4e-67a9a7915312
Alok Kumar,AFSM-001,2026-04-28,Present,0,Generated default Present: no absent/halfday mark,2923e2a1-9836-544f-8825-040ea5f11192
Alok Kumar,AFSM-001,2026-04-29,Present,0,Generated default Present: no absent/halfday mark,34acb09b-0d6b-560f-9ad0-74c9d4d2aaff
Alok Kumar,AFSM-001,2026-04-30,Present,0,Generated default Present: no absent/halfday mark,7e2f21d2-9ee4-5ddf-997d-4bb19c120258
Alok Kumar,AFSM-001,2026-05-01,Present,0,Generated default Present: no absent/halfday mark,9ceddbdf-34c5-5ea1-9f1b-51dfa54c2ba8
Alok Kumar,AFSM-001,2026-05-02,Present,0,Generated default Present: no absent/halfday mark,40fc8c43-52da-537e-88c8-474bace36f70
Alok Kumar,AFSM-001,2026-05-03,Present,0,Generated default Present: no absent/halfday mark,6b711d1f-e417-500d-99f6-998de8fefdac
Alok Kumar,AFSM-001,2026-05-04,Present,0,Generated default Present: no absent/halfday mark,2588c7b1-2ffb-547f-9e1f-8399c08650d8
Alok Kumar,AFSM-001,2026-05-05,Present,0,Generated default Present: no absent/halfday mark,ce57b447-fe7a-5b03-aa39-7b68992226a5
Alok Kumar,AFSM-001,2026-05-06,Present,0,Generated default Present: no absent/halfday mark,5caa492c-7a2f-5b87-a68c-86e4cf0e4231
Alok Kumar,AFSM-001,2026-05-07,Present,0,Generated default Present: no absent/halfday mark,3a56996e-e523-57a0-b760-21077050774f
Alok Kumar,AFSM-001,2026-05-08,Present,0,Generated default Present: no absent/halfday mark,9079b06a-2063-5f17-b6a0-09aa73cd69eb
Alok Kumar,AFSM-001,2026-05-09,Present,0,Generated default Present: no absent/halfday mark,ecf96951-c839-5ae8-bc68-179c21039478
Alok Kumar,AFSM-001,2026-05-10,Present,0,Generated default Present: no absent/halfday mark,f10fb4c0-e362-59ef-8bf4-a1eab83ea923
Alok Kumar,AFSM-001,2026-05-11,Present,0,Generated default Present: no absent/halfday mark,888e3448-164b-53e3-a25c-177d64347f14
Alok Kumar,AFSM-001,2026-05-12,Present,0,Generated default Present: no absent/halfday mark,122af0be-b6ef-5755-bc42-0419dc5b69f1
Alok Kumar,AFSM-001,2026-05-13,Present,0,Generated default Present: no absent/halfday mark,c4caca52-770a-5d94-bbe2-8f7830ed3d1f
Alok Kumar,AFSM-001,2026-05-14,Present,0,Generated default Present: no absent/halfday mark,67af189a-5d32-5a36-8fac-13f8bb0aeb79
Alok Kumar,AFSM-001,2026-05-15,Absent,1,Excel import: Absent,215f3ab5-9bf4-5d36-b2d7-a3ab7a924f3c
Alok Kumar,AFSM-001,2026-05-16,Absent,1,Excel import: Absent,3b2b9d21-da68-5649-8953-66a0c0c13e0d
Alok Kumar,AFSM-001,2026-05-17,Present,0,Generated default Present: no absent/halfday mark,0fa8bc03-9d53-587e-9ef3-0383cf51ce8b
Alok Kumar,AFSM-001,2026-05-18,Present,0,Generated default Present: no absent/halfday mark,f385d898-77a6-5c1d-9e47-d698968bdd17
Alok Kumar,AFSM-001,2026-05-19,Present,0,Generated default Present: no absent/halfday mark,e114063b-cb6d-5f21-b0db-09e0dbc96573
Alok Kumar,AFSM-001,2026-05-20,Present,0,Generated default Present: no absent/halfday mark,120a83bf-f495-54a4-8dfc-5858b79118c9
Alok Kumar,AFSM-001,2026-05-21,Present,0,Generated default Present: no absent/halfday mark,e8ae1c57-c3e2-5335-8231-cea07272ed02
Alok Kumar,AFSM-001,2026-05-22,Present,0,Generated default Present: no absent/halfday mark,56d28d9b-3479-5175-8b3b-c5887fe7cfe1
Alok Kumar,AFSM-001,2026-05-23,Present,0,Generated default Present: no absent/halfday mark,02d9cca9-c8cf-52f2-bc09-f32810dd488b
Alok Kumar,AFSM-001,2026-05-24,Present,0,Generated default Present: no absent/halfday mark,f9fd49e2-2ef4-5a14-8632-4ab8b1dbf48d
Alok Kumar,AFSM-001,2026-05-25,Present,0,Generated default Present: no absent/halfday mark,c23f2367-1363-544e-bb70-8f34b7faef52
Alok Kumar,AFSM-001,2026-05-26,Present,0,Generated default Present: no absent/halfday mark,371df26d-70cc-5ecb-8208-d7e311ec839a
Alok Kumar,AFSM-001,2026-05-27,Present,0,Generated default Present: no absent/halfday mark,96f91796-9477-50ab-863e-038a4bb46e06
Alok Kumar,AFSM-001,2026-05-28,Present,0,Generated default Present: no absent/halfday mark,9e69d11f-8dd1-5a84-8a1d-5ed3b8825be8
Alok Kumar,AFSM-001,2026-05-29,Present,0,Generated default Present: no absent/halfday mark,00ef8625-3552-5ad3-adc6-36df3307a780
Alok Kumar,AFSM-001,2026-05-30,Present,0,Generated default Present: no absent/halfday mark,2fc5ef16-4bcd-5780-b806-f338aefcbd42
Alok Kumar,AFSM-001,2026-05-31,Present,0,Generated default Present: no absent/halfday mark,a452f331-c6da-589e-87bf-6b0b325b68a2
Alok Kumar,AFSM-001,2026-06-01,Present,0,Generated default Present: no absent/halfday mark,1db7145a-9484-531b-a4c5-6d1c74e47f0e
Alok Kumar,AFSM-001,2026-06-02,Present,0,Generated default Present: no absent/halfday mark,d785bc26-7e1f-5261-a66d-834038817537
Alok Kumar,AFSM-001,2026-06-03,Present,0,Generated default Present: no absent/halfday mark,cb07b59e-c126-5cd4-8711-c3ed7e11f951
Alok Kumar,AFSM-001,2026-06-04,Present,0,Generated default Present: no absent/halfday mark,bfd07b88-c62a-5f6a-87bd-8115ee9c2afa
Alok Kumar,AFSM-001,2026-06-05,Present,0,Generated default Present: no absent/halfday mark,ee56c930-287f-595f-9c24-bee9646b1420
Alok Kumar,AFSM-001,2026-06-06,Present,0,Generated default Present: no absent/halfday mark,62009f73-af79-5a5d-b0b4-abf2866a885c
Alok Kumar,AFSM-001,2026-06-07,Present,0,Generated default Present: no absent/halfday mark,bf3ff005-8a1a-518c-a86e-3f821855547a
Alok Kumar,AFSM-001,2026-06-08,Present,0,Generated default Present: no absent/halfday mark,b70712d9-2d79-50af-a6d5-ed910605816a
Alok Kumar,AFSM-001,2026-06-09,Present,0,Generated default Present: no absent/halfday mark,46ec1af4-b164-5d9f-91af-b236500fe0ff
Alok Kumar,AFSM-001,2026-06-10,Present,0,Generated default Present: no absent/halfday mark,6944d937-6590-53f1-8ac8-582be6b5a4a0
Alok Kumar,AFSM-001,2026-06-11,Present,0,Generated default Present: no absent/halfday mark,011c5ef1-4f6a-573d-8b48-52acfe351f9b
Alok Kumar,AFSM-001,2026-06-12,Present,0,Generated default Present: no absent/halfday mark,cd1ba516-88d2-5eec-82fa-3b5d5d048d96
Alok Kumar,AFSM-001,2026-06-13,Present,0,Generated default Present: no absent/halfday mark,819062e2-bcf5-58fa-8d73-9fcd662a5914
Alok Kumar,AFSM-001,2026-06-14,Present,0,Generated default Present: no absent/halfday mark,7b416697-db09-5b82-9ed9-91363220b599
Alok Kumar,AFSM-001,2026-06-15,Present,0,Generated default Present: no absent/halfday mark,7aa6f002-642c-55f2-8881-fa4eae2083ea
Alok Kumar,AFSM-001,2026-06-16,Present,0,Generated default Present: no absent/halfday mark,0c04ac86-98e5-5cd8-997c-ba7fa8c77a22
Alok Kumar,AFSM-001,2026-06-17,Present,0,Generated default Present: no absent/halfday mark,4e8895ad-8093-5a27-a8bb-2a6686d87b9b
Alok Kumar,AFSM-001,2026-06-18,Present,0,Generated default Present: no absent/halfday mark,ff092958-83e9-5ee8-87bb-936a6d4f947e
Alok Kumar,AFSM-001,2026-06-19,Present,0,Generated default Present: no absent/halfday mark,05d3c70a-c470-566c-9870-eadcb19a8574
Alok Kumar,AFSM-001,2026-06-20,Present,0,Generated default Present: no absent/halfday mark,9b9d4661-8e22-5108-9ed6-3f1f123ff3b8
Alok Kumar,AFSM-001,2026-06-21,Present,0,Generated default Present: no absent/halfday mark,a583d987-6c3e-53fe-a5df-ba0dd01085f7
Alok Kumar,AFSM-001,2026-06-22,Present,0,Generated default Present: no absent/halfday mark,4a7b2296-da57-58c7-8cb6-0fe56eadf248
Alok Kumar,AFSM-001,2026-06-23,Present,0,Generated default Present: no absent/halfday mark,4ea02b3a-fddc-5a55-b70e-04271a01f136
Najma Bibi,AFSM-002,2025-09-14,Present,0,Generated default Present: no absent/halfday mark,f9d80b25-70fb-5edf-95f3-e77b9455bc72
Najma Bibi,AFSM-002,2025-09-15,Present,0,Generated default Present: no absent/halfday mark,ff44736c-3d36-50ed-ba15-e297223c1af0
Najma Bibi,AFSM-002,2025-09-16,Present,0,Generated default Present: no absent/halfday mark,e7fa8013-b9a9-5717-ad8f-9e873f2cda2a
Najma Bibi,AFSM-002,2025-09-17,Present,0,Generated default Present: no absent/halfday mark,5a10d341-6363-5fcc-b69c-9e745c3854ba
Najma Bibi,AFSM-002,2025-09-18,Present,0,Generated default Present: no absent/halfday mark,9c483d8f-cfa0-5aae-aee8-920b2a894152
Najma Bibi,AFSM-002,2025-09-19,Present,0,Generated default Present: no absent/halfday mark,dcbd5597-8f46-59a3-bd7f-41b0edeebb4c
Najma Bibi,AFSM-002,2025-09-20,Present,0,Generated default Present: no absent/halfday mark,a6baa62f-7447-568e-b528-2ea74dd418db
Najma Bibi,AFSM-002,2025-09-21,Present,0,Generated default Present: no absent/halfday mark,b2405b68-e51c-5c2c-a402-0241359e9790
Najma Bibi,AFSM-002,2025-09-22,Present,0,Generated default Present: no absent/halfday mark,5e88a38f-2bd2-5a7e-95ed-17b38b61f543
Najma Bibi,AFSM-002,2025-09-23,Present,0,Generated default Present: no absent/halfday mark,470c3de5-b356-51c4-b051-fbe98e887e78
Najma Bibi,AFSM-002,2025-09-24,Present,0,Generated default Present: no absent/halfday mark,cf1c2ae4-3c47-5344-b256-610cec4bc3be
Najma Bibi,AFSM-002,2025-09-25,Present,0,Generated default Present: no absent/halfday mark,94a08d1d-ae75-509f-97f2-22c457879bf5
Najma Bibi,AFSM-002,2025-09-26,Present,0,Generated default Present: no absent/halfday mark,16b98548-a536-52e6-8e99-8d3f363acafa
Najma Bibi,AFSM-002,2025-09-27,Present,0,Generated default Present: no absent/halfday mark,dd3a51f1-585f-51f3-ab98-a49bd0f7516a
Najma Bibi,AFSM-002,2025-09-28,Present,0,Generated default Present: no absent/halfday mark,77e07def-979d-59d5-8e1e-7dbee6253134
Najma Bibi,AFSM-002,2025-09-29,Present,0,Generated default Present: no absent/halfday mark,fd6528ef-12a4-5e61-b658-e7e6aa5abf43
Najma Bibi,AFSM-002,2025-09-30,Present,0,Generated default Present: no absent/halfday mark,9f86ab8e-8d84-5edf-b7c0-78488c67d0a1
Najma Bibi,AFSM-002,2025-10-01,Present,0,Generated default Present: no absent/halfday mark,1c09cff0-bd93-51fd-8766-c39b05505fe6
Najma Bibi,AFSM-002,2025-10-02,Present,0,Generated default Present: no absent/halfday mark,be241d04-7d21-5411-b178-33215549b14e
Najma Bibi,AFSM-002,2025-10-03,Present,0,Generated default Present: no absent/halfday mark,709762c2-2043-5b07-b7fb-62e1d8feb0f2
Najma Bibi,AFSM-002,2025-10-04,Present,0,Generated default Present: no absent/halfday mark,e2179381-d979-5e0e-be4b-502bcb0241f4
Najma Bibi,AFSM-002,2025-10-05,Absent,1,Excel import: Absent,3526a1b9-485a-55ad-9408-7936037a1e7f
Najma Bibi,AFSM-002,2025-10-06,Present,0,Generated default Present: no absent/halfday mark,41c33e36-f28d-539d-8676-b5b4c728b1ba
Najma Bibi,AFSM-002,2025-10-07,Present,0,Generated default Present: no absent/halfday mark,cd56c142-209a-5862-899d-4678f5ad6974
Najma Bibi,AFSM-002,2025-10-08,Present,0,Generated default Present: no absent/halfday mark,748fb066-e384-54c3-859b-a344edfe942f
Najma Bibi,AFSM-002,2025-10-09,Present,0,Generated default Present: no absent/halfday mark,bd6501d1-5906-5d02-91f8-132647965892
Najma Bibi,AFSM-002,2025-10-10,Present,0,Generated default Present: no absent/halfday mark,cef835fe-79dd-5309-a69b-e90d4bd7c23f
Najma Bibi,AFSM-002,2025-10-11,Present,0,Generated default Present: no absent/halfday mark,4f82c483-61d5-5a27-b9aa-3dd9ba3fff82
Najma Bibi,AFSM-002,2025-10-12,Present,0,Generated default Present: no absent/halfday mark,f5838485-2be6-51fe-a94c-c1b9579070d6
Najma Bibi,AFSM-002,2025-10-13,Present,0,Generated default Present: no absent/halfday mark,d72f4cd2-8e10-51db-a6af-9966ac875c44
Najma Bibi,AFSM-002,2025-10-14,Present,0,Generated default Present: no absent/halfday mark,14b4a076-aadb-5d2f-bba8-d6876b31264f
Najma Bibi,AFSM-002,2025-10-15,Present,0,Generated default Present: no absent/halfday mark,105f3965-0aa8-503b-818d-37e5a9a9c3b3
Najma Bibi,AFSM-002,2025-10-16,Present,0,Generated default Present: no absent/halfday mark,5d454ee8-6807-59f3-ac9f-522518fa64da
Najma Bibi,AFSM-002,2025-10-17,Present,0,Generated default Present: no absent/halfday mark,e48544ee-ac99-55da-b3de-539d34ec6b8d
Najma Bibi,AFSM-002,2025-10-18,Present,0,Generated default Present: no absent/halfday mark,2825a827-ce06-5b08-8225-9b797dbf3e9c
Najma Bibi,AFSM-002,2025-10-19,Absent,1,Excel import: Absent,561dc248-7b5b-5669-bb41-c8847e3f49f9
Najma Bibi,AFSM-002,2025-10-20,Present,0,Generated default Present: no absent/halfday mark,68f73b40-9b91-517d-bbf1-75fe87b2d392
Najma Bibi,AFSM-002,2025-10-21,Present,0,Generated default Present: no absent/halfday mark,9110f4c1-b135-500c-809d-708e4da070ae
Najma Bibi,AFSM-002,2025-10-22,Present,0,Generated default Present: no absent/halfday mark,5aa9f210-04d4-5e48-b851-1c29d5cbc225
Najma Bibi,AFSM-002,2025-10-23,Present,0,Generated default Present: no absent/halfday mark,62e9d83e-123b-515e-9c75-179a234cfcde
Najma Bibi,AFSM-002,2025-10-24,Present,0,Generated default Present: no absent/halfday mark,d9861331-ba01-50cc-b583-7621f8bfc9d2
Najma Bibi,AFSM-002,2025-10-25,Present,0,Generated default Present: no absent/halfday mark,7062a776-f798-575a-83b4-6513e270faa6
Najma Bibi,AFSM-002,2025-10-26,Present,0,Generated default Present: no absent/halfday mark,1c0caef8-cc20-55d9-bf90-f9590fd4917c
Najma Bibi,AFSM-002,2025-10-27,Present,0,Generated default Present: no absent/halfday mark,b7172296-a98e-5f44-b499-368ab3e628bf
Najma Bibi,AFSM-002,2025-10-28,Present,0,Generated default Present: no absent/halfday mark,fab7b77c-42b5-55e0-8b89-305a997ca3fd
Najma Bibi,AFSM-002,2025-10-29,Present,0,Generated default Present: no absent/halfday mark,3f314dfc-dc85-5819-a444-5a5e4563820c
Najma Bibi,AFSM-002,2025-10-30,Present,0,Generated default Present: no absent/halfday mark,e1d76483-267f-59bd-b9eb-bd4f7de0f3d1
Najma Bibi,AFSM-002,2025-10-31,Present,0,Generated default Present: no absent/halfday mark,8699176a-d1f8-5fde-89d1-0ba1bc0f3d0a
Najma Bibi,AFSM-002,2025-11-01,Present,0,Generated default Present: no absent/halfday mark,25d43389-8442-5e38-9d0c-581a56148fe2
Najma Bibi,AFSM-002,2025-11-02,Present,0,Generated default Present: no absent/halfday mark,5e51658b-7f97-5adb-8b3d-fecb9c1340bd
Najma Bibi,AFSM-002,2025-11-03,Present,0,Generated default Present: no absent/halfday mark,4872fb63-ba35-53e1-a157-6db436ee2b1d
Najma Bibi,AFSM-002,2025-11-04,Present,0,Generated default Present: no absent/halfday mark,a1db1ae9-eb27-5e87-8316-f214c866d8f3
Najma Bibi,AFSM-002,2025-11-05,Present,0,Generated default Present: no absent/halfday mark,a19815f1-750a-5769-895d-6596a402719a
Najma Bibi,AFSM-002,2025-11-06,Present,0,Generated default Present: no absent/halfday mark,884734f0-9e7f-5097-b3cf-35390db4357c
Najma Bibi,AFSM-002,2025-11-07,Present,0,Generated default Present: no absent/halfday mark,213cdcbb-01a0-5814-87b4-c7f908fb48e3
Najma Bibi,AFSM-002,2025-11-08,Absent,1,Excel import: Absent,ec225674-e785-53ad-bdce-9a1102329c77
Najma Bibi,AFSM-002,2025-11-09,Absent,1,Excel import: Absent,b90e127a-b126-5ec9-92b3-5683d591881e
Najma Bibi,AFSM-002,2025-11-10,Present,0,Generated default Present: no absent/halfday mark,196c0a1f-3aa5-58c8-907f-ac3df4f52a55
Najma Bibi,AFSM-002,2025-11-11,Present,0,Generated default Present: no absent/halfday mark,97f5401a-1260-56fa-8a9b-30f33f9fe7c4
Najma Bibi,AFSM-002,2025-11-12,Present,0,Generated default Present: no absent/halfday mark,0e88c2df-8a04-5212-91e2-a6b01ba9ba1f
Najma Bibi,AFSM-002,2025-11-13,Present,0,Generated default Present: no absent/halfday mark,d1f8c94e-cd44-5fc1-865f-41a8e1c76ab0
Najma Bibi,AFSM-002,2025-11-14,Present,0,Generated default Present: no absent/halfday mark,c18e1fc7-402f-5909-9b61-9679d2d50f06
Najma Bibi,AFSM-002,2025-11-15,Present,0,Generated default Present: no absent/halfday mark,aaec6953-7f0a-5798-9bc5-a37cc9dfcaff
Najma Bibi,AFSM-002,2025-11-16,Present,0,Generated default Present: no absent/halfday mark,85f1d294-43cc-5802-806f-d9d11a76c011
Najma Bibi,AFSM-002,2025-11-17,Present,0,Generated default Present: no absent/halfday mark,232197b5-4a6a-5e75-809d-39a0e003cc02
Najma Bibi,AFSM-002,2025-11-18,Present,0,Generated default Present: no absent/halfday mark,e63dbf3d-b070-50f3-b711-77e72bd79979
Najma Bibi,AFSM-002,2025-11-19,Present,0,Generated default Present: no absent/halfday mark,9aeb15b3-0669-54ce-b697-c378c54c6038
Najma Bibi,AFSM-002,2025-11-20,Present,0,Generated default Present: no absent/halfday mark,3cc1e65b-db74-5b34-a356-6e1526c3873b
Najma Bibi,AFSM-002,2025-11-21,Present,0,Generated default Present: no absent/halfday mark,2e7ef682-a887-5679-882a-c2d5a9163086
Najma Bibi,AFSM-002,2025-11-22,Present,0,Generated default Present: no absent/halfday mark,91fad14b-21cd-58b0-9359-49b8b1c19cc5
Najma Bibi,AFSM-002,2025-11-23,Present,0,Generated default Present: no absent/halfday mark,e52d2738-3c3d-55d3-bc01-0e6f93e50e0e
Najma Bibi,AFSM-002,2025-11-24,Present,0,Generated default Present: no absent/halfday mark,242f53fd-3c9b-5258-9f87-4a9b47b21ec1
Najma Bibi,AFSM-002,2025-11-25,Present,0,Generated default Present: no absent/halfday mark,4d33c31b-f63e-5c3f-831d-1ee0730d0fc3
Najma Bibi,AFSM-002,2025-11-26,Absent,1,Excel import: Absent,c8d891d5-4d8e-53bc-a77e-323b51e08754
Najma Bibi,AFSM-002,2025-11-27,Present,0,Generated default Present: no absent/halfday mark,36b2ce7a-41c6-55d0-a8af-0d1b4a1774c5
Najma Bibi,AFSM-002,2025-11-28,Present,0,Generated default Present: no absent/halfday mark,baca0561-1a2b-5fc6-8770-c27305b3316a
Najma Bibi,AFSM-002,2025-11-29,Present,0,Generated default Present: no absent/halfday mark,13f796ff-5cb9-52e2-ba90-0db249416837
Najma Bibi,AFSM-002,2025-11-30,Absent,1,Excel import: Absent,f4a6e99b-c931-5186-b60c-bb7831b5bc56
Najma Bibi,AFSM-002,2025-12-01,Present,0,Generated default Present: no absent/halfday mark,de480dd8-d83e-5a9e-b4a1-62d16a706855
Najma Bibi,AFSM-002,2025-12-02,Present,0,Generated default Present: no absent/halfday mark,ffe29c38-edf3-5b5f-936e-04a332bfe4c7
Najma Bibi,AFSM-002,2025-12-03,Present,0,Generated default Present: no absent/halfday mark,449959ab-dbfa-5f2d-bc28-6b645a3f41a7
Najma Bibi,AFSM-002,2025-12-04,Present,0,Generated default Present: no absent/halfday mark,12ffc5f3-07fa-52d9-9613-c7b45f752f8e
Najma Bibi,AFSM-002,2025-12-05,Present,0,Generated default Present: no absent/halfday mark,175ce5e2-28a6-5cc2-9462-a6f3ddbe32e3
Najma Bibi,AFSM-002,2025-12-06,Present,0,Generated default Present: no absent/halfday mark,8b3e4c06-1d8c-5dea-af52-262a8131c3b7
Najma Bibi,AFSM-002,2025-12-07,Absent,1,Excel import: Absent,651aaa66-64e3-569c-bc4c-5c66d5dd86df
Najma Bibi,AFSM-002,2025-12-08,Present,0,Generated default Present: no absent/halfday mark,add71a18-482e-58cf-abb9-8c2ab6f37634
Najma Bibi,AFSM-002,2025-12-09,Present,0,Generated default Present: no absent/halfday mark,5fd7de77-5f0c-5e25-a717-6fad57385a40
Najma Bibi,AFSM-002,2025-12-10,Present,0,Generated default Present: no absent/halfday mark,9e07d07d-d743-5cca-80d7-bfb29525639f
Najma Bibi,AFSM-002,2025-12-11,Present,0,Generated default Present: no absent/halfday mark,fb3f55af-81c1-5e95-bc15-aaf8bbb21f32
Najma Bibi,AFSM-002,2025-12-12,Present,0,Generated default Present: no absent/halfday mark,5c826446-3d62-56b7-af0e-deb6bb9ecd68
Najma Bibi,AFSM-002,2025-12-13,Present,0,Generated default Present: no absent/halfday mark,8002a89d-a58a-5a69-abda-93f6da0a576d
Najma Bibi,AFSM-002,2025-12-14,Present,0,Generated default Present: no absent/halfday mark,bb5e1de4-ef2c-5f2a-80fc-fad5d1b9fa58
Najma Bibi,AFSM-002,2025-12-15,Present,0,Generated default Present: no absent/halfday mark,993f42b0-2d92-5e26-9ab6-2668a35cece8
Najma Bibi,AFSM-002,2025-12-16,Present,0,Generated default Present: no absent/halfday mark,e513044a-f258-5ce5-9311-5297a5fd95c5
Najma Bibi,AFSM-002,2025-12-17,Present,0,Generated default Present: no absent/halfday mark,3f5f7248-240c-5fc8-89e3-cf08e7708569
Najma Bibi,AFSM-002,2025-12-18,Present,0,Generated default Present: no absent/halfday mark,bdb105cc-9a85-5da7-affa-c36f315c4723
Najma Bibi,AFSM-002,2025-12-19,Absent,1,Excel import: Absent,e5242058-30c0-5cf1-9d57-060b22c1a317
Najma Bibi,AFSM-002,2025-12-20,Present,0,Generated default Present: no absent/halfday mark,888d9282-b8b1-590b-b50f-1b980ee7abce
Najma Bibi,AFSM-002,2025-12-21,Present,0,Generated default Present: no absent/halfday mark,10836dde-a8e3-5f52-bbe9-7f8dfe50ae98
Najma Bibi,AFSM-002,2025-12-22,Present,0,Generated default Present: no absent/halfday mark,10c6ddb3-75fe-5d3c-9ccd-b29d69c8b449
Najma Bibi,AFSM-002,2025-12-23,Present,0,Generated default Present: no absent/halfday mark,02cbcc0d-cc07-539c-8955-8c7a80fa6dca
Najma Bibi,AFSM-002,2025-12-24,Present,0,Generated default Present: no absent/halfday mark,df0c00e0-2145-5e4c-9c3f-1a163245a480
Najma Bibi,AFSM-002,2025-12-25,Present,0,Generated default Present: no absent/halfday mark,79f1f6d6-4a95-51bd-9809-b98a46b71112
Najma Bibi,AFSM-002,2025-12-26,Present,0,Generated default Present: no absent/halfday mark,a751e112-8ff4-5cae-b5b1-2214a8341501
Najma Bibi,AFSM-002,2025-12-27,Present,0,Generated default Present: no absent/halfday mark,a5e98b3f-257f-5171-bbe5-a253edb8a5f6
Najma Bibi,AFSM-002,2025-12-28,Present,0,Generated default Present: no absent/halfday mark,02314392-219c-5824-b678-303702fc7ba9
Najma Bibi,AFSM-002,2025-12-29,Present,0,Generated default Present: no absent/halfday mark,40b5742e-e4de-5c71-94c5-26087eec27c8
Najma Bibi,AFSM-002,2025-12-30,Present,0,Generated default Present: no absent/halfday mark,acbd2723-270d-5472-ba3a-0d1b706fc9f5
Najma Bibi,AFSM-002,2025-12-31,Present,0,Generated default Present: no absent/halfday mark,21e0cea8-ca34-5da2-a2ad-8027a6f8586a
Najma Bibi,AFSM-002,2026-01-01,Present,0,Generated default Present: no absent/halfday mark,c366f625-657f-5421-b906-317a69784581
Najma Bibi,AFSM-002,2026-01-02,Present,0,Generated default Present: no absent/halfday mark,e012a864-6001-5735-ba52-b1e7eaab4d38
Najma Bibi,AFSM-002,2026-01-03,Present,0,Generated default Present: no absent/halfday mark,b8c56b83-0e60-5d50-a265-61f710094aa7
Najma Bibi,AFSM-002,2026-01-04,Present,0,Generated default Present: no absent/halfday mark,edad0913-3091-562a-8900-ca43c61f6559
Najma Bibi,AFSM-002,2026-01-05,Present,0,Generated default Present: no absent/halfday mark,26b23dee-69a2-5852-8d76-5b6e9b344791
Najma Bibi,AFSM-002,2026-01-06,Present,0,Generated default Present: no absent/halfday mark,76923747-4fe9-5304-9e7d-9a6fae678f30
Najma Bibi,AFSM-002,2026-01-07,Present,0,Generated default Present: no absent/halfday mark,02928b59-158f-592c-b325-f39c60c9c014
Najma Bibi,AFSM-002,2026-01-08,Present,0,Generated default Present: no absent/halfday mark,64816a45-4f74-506c-9ef0-2836b899b0e8
Najma Bibi,AFSM-002,2026-01-09,Present,0,Generated default Present: no absent/halfday mark,9cedc6ff-980d-545f-bfb1-6136c90f7a12
Najma Bibi,AFSM-002,2026-01-10,Present,0,Generated default Present: no absent/halfday mark,4b66037b-8a7f-5202-8063-5f997724bd0c
Najma Bibi,AFSM-002,2026-01-11,Present,0,Generated default Present: no absent/halfday mark,c8bf9141-7b7d-5c9e-b6d9-d8c2c38272ac
Najma Bibi,AFSM-002,2026-01-12,Present,0,Generated default Present: no absent/halfday mark,97f29953-54cf-59fd-b121-e48e1a3de206
Najma Bibi,AFSM-002,2026-01-13,Present,0,Generated default Present: no absent/halfday mark,ffcc0e3a-e99c-5635-a1fd-61521fcdebe4
Najma Bibi,AFSM-002,2026-01-14,Present,0,Generated default Present: no absent/halfday mark,9c64e9ee-95f6-5109-be5d-4aa4c3719913
Najma Bibi,AFSM-002,2026-01-15,Present,0,Generated default Present: no absent/halfday mark,7446eb75-64ec-5545-9885-fd2e726d7516
Najma Bibi,AFSM-002,2026-01-16,Present,0,Generated default Present: no absent/halfday mark,3ce9e927-792f-5206-a011-1bb00e7ed67a
Najma Bibi,AFSM-002,2026-01-17,HalfDay,2,Excel import: HalfDay,5a476750-7514-5998-bf3d-6d9ed0776988
Najma Bibi,AFSM-002,2026-01-18,Absent,1,Excel import: Absent,4aba1bb5-d7bd-5262-befd-7eb02af6e383
Najma Bibi,AFSM-002,2026-01-19,Present,0,Generated default Present: no absent/halfday mark,cc5c6fc6-6b93-55e8-a51b-7a8099b02a48
Najma Bibi,AFSM-002,2026-01-20,Present,0,Generated default Present: no absent/halfday mark,93a58ff9-914f-54c6-95f5-73ea6119deae
Najma Bibi,AFSM-002,2026-01-21,Present,0,Generated default Present: no absent/halfday mark,03008a7f-15c1-5741-b522-0ceda41a1b22
Najma Bibi,AFSM-002,2026-01-22,Present,0,Generated default Present: no absent/halfday mark,31005a9b-2742-5414-8823-a3f3dfaee8f3
Najma Bibi,AFSM-002,2026-01-23,Present,0,Generated default Present: no absent/halfday mark,dd30afd1-6923-56bf-bb60-bef32837d50f
Najma Bibi,AFSM-002,2026-01-24,Present,0,Generated default Present: no absent/halfday mark,7eb28c26-88af-5cf3-bf45-0430b46ea6fc
Najma Bibi,AFSM-002,2026-01-25,Present,0,Generated default Present: no absent/halfday mark,ff7d12e3-6ff9-5de1-8f9e-def1e465cc31
Najma Bibi,AFSM-002,2026-01-26,Present,0,Generated default Present: no absent/halfday mark,efce8aa4-f1c3-5827-bd53-1e728c80d55c
Najma Bibi,AFSM-002,2026-01-27,Present,0,Generated default Present: no absent/halfday mark,e4c1b1b4-8bab-5416-8151-d493f00abb54
Najma Bibi,AFSM-002,2026-01-28,Present,0,Generated default Present: no absent/halfday mark,4f297485-f1d7-5731-bec7-6f5908798790
Najma Bibi,AFSM-002,2026-01-29,Present,0,Generated default Present: no absent/halfday mark,1bf06928-8944-5ad2-8ec5-4dab39ea7ebe
Najma Bibi,AFSM-002,2026-01-30,Present,0,Generated default Present: no absent/halfday mark,9cce72c9-5dd2-5983-bca5-a839451b5b52
Najma Bibi,AFSM-002,2026-01-31,Present,0,Generated default Present: no absent/halfday mark,7c43c5df-62b1-5db9-8dbb-beee2da82565
Najma Bibi,AFSM-002,2026-02-01,Absent,1,Excel import: Absent,d2fbf8ce-ac2c-5cf3-9347-c1ba9a377417
Najma Bibi,AFSM-002,2026-02-02,Present,0,Generated default Present: no absent/halfday mark,28444bf3-4b19-5c8d-aca3-94477bf840dd
Najma Bibi,AFSM-002,2026-02-03,Absent,1,Excel import: Absent,8572ba00-5e6e-51ec-978e-96777af6f8f4
Najma Bibi,AFSM-002,2026-02-04,Absent,1,Excel import: Absent,8e4a41cc-b66d-53c5-806a-6b689444f48b
Najma Bibi,AFSM-002,2026-02-05,Present,0,Generated default Present: no absent/halfday mark,08819e04-ea1a-5981-9522-b68df15c7ae5
Najma Bibi,AFSM-002,2026-02-06,Present,0,Generated default Present: no absent/halfday mark,3f4c7030-4956-5996-bf77-41dceb3ee4a8
Najma Bibi,AFSM-002,2026-02-07,Present,0,Generated default Present: no absent/halfday mark,81223276-535d-503f-928e-639e8831e6af
Najma Bibi,AFSM-002,2026-02-08,Present,0,Generated default Present: no absent/halfday mark,16bfde15-894c-5547-8589-2619b4991a55
Najma Bibi,AFSM-002,2026-02-09,Present,0,Generated default Present: no absent/halfday mark,da85a145-7af6-51a9-8090-0cbce4269cef
Najma Bibi,AFSM-002,2026-02-10,Present,0,Generated default Present: no absent/halfday mark,c6c9abd6-e4de-596c-a45a-5603083d8596
Najma Bibi,AFSM-002,2026-02-11,Present,0,Generated default Present: no absent/halfday mark,811c4c96-bd61-55f7-8e22-e5e5df9e94d7
Najma Bibi,AFSM-002,2026-02-12,Present,0,Generated default Present: no absent/halfday mark,78b9d25f-438b-5158-8d19-b4c3ae528582
Najma Bibi,AFSM-002,2026-02-13,Present,0,Generated default Present: no absent/halfday mark,bb148256-81a4-575c-a097-5866cf049369
Najma Bibi,AFSM-002,2026-02-14,Present,0,Generated default Present: no absent/halfday mark,34bb47fa-09bb-54f3-90d4-1735d7361633
Najma Bibi,AFSM-002,2026-02-15,Present,0,Generated default Present: no absent/halfday mark,06c6be11-2398-5d7d-85f2-f8e2b5a3fa37
Najma Bibi,AFSM-002,2026-02-16,Present,0,Generated default Present: no absent/halfday mark,2ed6ef6c-a5cb-5e33-91b6-9961c589b49f
Najma Bibi,AFSM-002,2026-02-17,Present,0,Generated default Present: no absent/halfday mark,54b9d3f2-1867-59c6-942c-124ef1355aaa
Najma Bibi,AFSM-002,2026-02-18,Present,0,Generated default Present: no absent/halfday mark,3f59ee6a-8fad-5698-a178-919d9efadb2e
Najma Bibi,AFSM-002,2026-02-19,Present,0,Generated default Present: no absent/halfday mark,8837c40a-7ccb-5360-8875-1f4ccd8e7846
Najma Bibi,AFSM-002,2026-02-20,Present,0,Generated default Present: no absent/halfday mark,753fa48d-253c-5177-a6e9-f70c44690dcf
Najma Bibi,AFSM-002,2026-02-21,Present,0,Generated default Present: no absent/halfday mark,edbe31d0-25c9-5c35-acd4-cd3a710f1b92
Najma Bibi,AFSM-002,2026-02-22,Absent,1,Excel import: Absent,e22be9ec-682d-5603-a966-bdb633be4f49
Najma Bibi,AFSM-002,2026-02-23,Present,0,Generated default Present: no absent/halfday mark,7b192bec-e386-551b-8213-e36c850dbc34
Najma Bibi,AFSM-002,2026-02-24,Present,0,Generated default Present: no absent/halfday mark,e9393f7e-a2e9-5bf1-ac92-17a9cfb74883
Najma Bibi,AFSM-002,2026-02-25,Present,0,Generated default Present: no absent/halfday mark,bf506dd9-5e8d-57b1-9cdc-80de5efb204e
Najma Bibi,AFSM-002,2026-02-26,Present,0,Generated default Present: no absent/halfday mark,75c69ec6-393c-5b08-84da-ee17f09bbbc5
Najma Bibi,AFSM-002,2026-02-27,Present,0,Generated default Present: no absent/halfday mark,92539dd2-69aa-5228-a2eb-b5cc3080e73d
Najma Bibi,AFSM-002,2026-02-28,Present,0,Generated default Present: no absent/halfday mark,280d122b-5b64-5684-a1a0-476f88871a09
Najma Bibi,AFSM-002,2026-03-01,Present,0,Generated default Present: no absent/halfday mark,a51675c5-f75d-53ed-a9bb-057b2eb996be
Najma Bibi,AFSM-002,2026-03-02,Present,0,Generated default Present: no absent/halfday mark,8f2faf6b-8913-570f-a294-3d8a18bf25f6
Najma Bibi,AFSM-002,2026-03-03,Present,0,Generated default Present: no absent/halfday mark,c3dd43c3-a9c9-52cc-804b-30bc237b6690
Najma Bibi,AFSM-002,2026-03-04,Present,0,Generated default Present: no absent/halfday mark,11f25ffb-b049-5877-8e5b-a4b7af32fc4e
Najma Bibi,AFSM-002,2026-03-05,Absent,1,Excel import: Absent,60160cca-9592-5354-b6a7-6c435d455544
Najma Bibi,AFSM-002,2026-03-06,Present,0,Generated default Present: no absent/halfday mark,796cff21-062c-5e81-b364-6fae236c4628
Najma Bibi,AFSM-002,2026-03-07,Present,0,Generated default Present: no absent/halfday mark,5bd44858-a7b4-542b-a54a-bdb36394e9be
Najma Bibi,AFSM-002,2026-03-08,Present,0,Generated default Present: no absent/halfday mark,3e3aa151-3d69-548c-8b3a-9f267787d263
Najma Bibi,AFSM-002,2026-03-09,Present,0,Generated default Present: no absent/halfday mark,f963aa61-02a9-589c-a653-3e26862b0aaa
Najma Bibi,AFSM-002,2026-03-10,Absent,1,Excel import: Absent,200b2c62-8af4-54bd-83e9-568022588fc1
Najma Bibi,AFSM-002,2026-03-11,Present,0,Generated default Present: no absent/halfday mark,f711b3a6-de66-5fe7-9621-7ff2bd5479af
Najma Bibi,AFSM-002,2026-03-12,Present,0,Generated default Present: no absent/halfday mark,2d0e4692-a8c6-51c1-88fb-8350e4ee5c51
Najma Bibi,AFSM-002,2026-03-13,Present,0,Generated default Present: no absent/halfday mark,4e3b50a6-7b1a-5a59-ba07-0b956357561e
Najma Bibi,AFSM-002,2026-03-14,Present,0,Generated default Present: no absent/halfday mark,1886b1e5-6d92-51d5-95d5-90266dbb2642
Najma Bibi,AFSM-002,2026-03-15,Present,0,Generated default Present: no absent/halfday mark,6747209a-e028-5783-9b25-b777f02dafc2
Najma Bibi,AFSM-002,2026-03-16,Present,0,Generated default Present: no absent/halfday mark,d1ab0084-70ce-55e0-8c39-360fd7d927ad
Najma Bibi,AFSM-002,2026-03-17,Present,0,Generated default Present: no absent/halfday mark,5385c86a-2417-5921-837d-31b162018b49
Najma Bibi,AFSM-002,2026-03-18,Present,0,Generated default Present: no absent/halfday mark,8222fde1-3067-5c88-86c2-26c8ac95eb86
Najma Bibi,AFSM-002,2026-03-19,Present,0,Generated default Present: no absent/halfday mark,996da934-3a4c-5974-b2cf-008542306934
Najma Bibi,AFSM-002,2026-03-20,Present,0,Generated default Present: no absent/halfday mark,046dc748-a05a-5d21-86f8-e5a47c18ebd6
Najma Bibi,AFSM-002,2026-03-21,Absent,1,Excel import: Absent,4018ff28-e82d-57c0-aa02-c7fe8c8fc614
Najma Bibi,AFSM-002,2026-03-22,Present,0,Generated default Present: no absent/halfday mark,54672e6d-48aa-5464-ab88-73245ce32e82
Najma Bibi,AFSM-002,2026-03-23,Present,0,Generated default Present: no absent/halfday mark,a8022263-a07a-5d6a-b6ae-97a0a8adb5c2
Najma Bibi,AFSM-002,2026-03-24,Present,0,Generated default Present: no absent/halfday mark,3e764110-0233-5e83-9f67-5c57714403ac
Najma Bibi,AFSM-002,2026-03-25,Present,0,Generated default Present: no absent/halfday mark,22e5743e-9903-5572-b9ac-40e818bf714b
Najma Bibi,AFSM-002,2026-03-26,Present,0,Generated default Present: no absent/halfday mark,6537597e-ce4b-52fc-9f9a-4e42895469ac
Najma Bibi,AFSM-002,2026-03-27,Present,0,Generated default Present: no absent/halfday mark,85728298-140f-5d6e-88f4-f4c38c76da63
Najma Bibi,AFSM-002,2026-03-28,Absent,1,Excel import: Absent,e2fec0ef-8037-5a3c-b095-ad824fd17564
Najma Bibi,AFSM-002,2026-03-29,Present,0,Generated default Present: no absent/halfday mark,a133465a-09b6-5450-8cd3-b595f21f33d6
Najma Bibi,AFSM-002,2026-03-30,Present,0,Generated default Present: no absent/halfday mark,8e18c025-2b54-59ed-9058-b3e6165156ae
Najma Bibi,AFSM-002,2026-03-31,Present,0,Generated default Present: no absent/halfday mark,3bc91942-e79a-5961-a3ca-3d5580198a90
Najma Bibi,AFSM-002,2026-04-01,Present,0,Generated default Present: no absent/halfday mark,a68118ca-5507-5629-b15a-8b9e64e2b38d
Najma Bibi,AFSM-002,2026-04-02,Present,0,Generated default Present: no absent/halfday mark,776be283-acc0-5328-8126-91ff53627dfa
Najma Bibi,AFSM-002,2026-04-03,Present,0,Generated default Present: no absent/halfday mark,ffc6450d-32d2-5121-9474-abb134f7bb03
Najma Bibi,AFSM-002,2026-04-04,Present,0,Generated default Present: no absent/halfday mark,adc7877c-ec91-52cd-bc06-11783ed5b593
Najma Bibi,AFSM-002,2026-04-05,Absent,1,Excel import: Absent,8b35374d-72cf-57b8-9c83-7b260e66eaae
Najma Bibi,AFSM-002,2026-04-06,Present,0,Generated default Present: no absent/halfday mark,74c5fc22-0ace-5242-9408-72aae387ba4d
Najma Bibi,AFSM-002,2026-04-07,Present,0,Generated default Present: no absent/halfday mark,f12c92af-08fe-5757-8a15-013f14741965
Najma Bibi,AFSM-002,2026-04-08,Present,0,Generated default Present: no absent/halfday mark,a584bf4e-3cfe-5c65-b1f8-d1b9cb38e6f4
Najma Bibi,AFSM-002,2026-04-09,Absent,1,Excel import: Absent,7341eff3-8db1-53bb-8bda-89359b99fa6b
Najma Bibi,AFSM-002,2026-04-10,Present,0,Generated default Present: no absent/halfday mark,8331191e-c1f3-526a-ab03-d850bd715682
Najma Bibi,AFSM-002,2026-04-11,Present,0,Generated default Present: no absent/halfday mark,d6acbe33-f2a5-5f0b-956d-d684d82108a2
Najma Bibi,AFSM-002,2026-04-12,Absent,1,Excel import: Absent,f6a225c8-4dc6-5097-8590-e1205cfac554
Najma Bibi,AFSM-002,2026-04-13,Present,0,Generated default Present: no absent/halfday mark,cf749f12-f38d-51d0-b68a-00ca1fa45c2a
Najma Bibi,AFSM-002,2026-04-14,Present,0,Generated default Present: no absent/halfday mark,4bf97e01-6fb0-54ee-8ece-89f2544e22d6
Najma Bibi,AFSM-002,2026-04-15,Present,0,Generated default Present: no absent/halfday mark,0e8856f1-8500-58c0-91b3-177b35e01d4b
Najma Bibi,AFSM-002,2026-04-16,Present,0,Generated default Present: no absent/halfday mark,de62012c-e0f1-5625-ba7b-cea2770cdeac
Najma Bibi,AFSM-002,2026-04-17,Present,0,Generated default Present: no absent/halfday mark,e1893d35-9f30-596a-97a6-f50dc91b3dd4
Najma Bibi,AFSM-002,2026-04-18,Present,0,Generated default Present: no absent/halfday mark,79dfb45b-284b-563f-925d-0d3874202582
Najma Bibi,AFSM-002,2026-04-19,Present,0,Generated default Present: no absent/halfday mark,367f51fc-603c-5b27-9363-66f6c48593ab
Najma Bibi,AFSM-002,2026-04-20,Present,0,Generated default Present: no absent/halfday mark,ad2a9418-bb11-53e2-9f99-b3f769cbc50c
Najma Bibi,AFSM-002,2026-04-21,Present,0,Generated default Present: no absent/halfday mark,8d24a87b-4887-5c7c-8a85-67f09180e50c
Najma Bibi,AFSM-002,2026-04-22,Present,0,Generated default Present: no absent/halfday mark,08f9621d-3e44-5290-a661-5d2af49bad52
Najma Bibi,AFSM-002,2026-04-23,Present,0,Generated default Present: no absent/halfday mark,95884b6d-e2fa-58d8-a852-d1f4a4580c28
Najma Bibi,AFSM-002,2026-04-24,Present,0,Generated default Present: no absent/halfday mark,3d71a362-f911-51cd-a443-a6abf374b2f2
Najma Bibi,AFSM-002,2026-04-25,Present,0,Generated default Present: no absent/halfday mark,6e2a0eac-074c-5ced-a8d5-da37142c08b1
Najma Bibi,AFSM-002,2026-04-26,Absent,1,Excel import: Absent,de9dd06e-dd5f-5d1c-9c58-9e0bcb715b5e
Najma Bibi,AFSM-002,2026-04-27,Present,0,Generated default Present: no absent/halfday mark,121714b7-83ef-5563-a053-e3ace661abe0
Najma Bibi,AFSM-002,2026-04-28,Present,0,Generated default Present: no absent/halfday mark,96fe4793-4a51-5530-b654-2ce138badd1f
Najma Bibi,AFSM-002,2026-04-29,Present,0,Generated default Present: no absent/halfday mark,7e34362a-1498-5e94-b8f2-3a38828efc61
Najma Bibi,AFSM-002,2026-04-30,Present,0,Generated default Present: no absent/halfday mark,1e5534f8-a66a-5c00-b7cf-bb51ac59fcd6
Najma Bibi,AFSM-002,2026-05-01,Present,0,Generated default Present: no absent/halfday mark,751e5eaf-cd7d-54b1-ad51-97d915e5f89d
Najma Bibi,AFSM-002,2026-05-02,Present,0,Generated default Present: no absent/halfday mark,3ba02d27-5131-5d62-a81e-a00f89000691
Najma Bibi,AFSM-002,2026-05-03,Absent,1,Excel import: Absent,04d52d35-3114-5a5f-8bbf-da447c3461ef
Najma Bibi,AFSM-002,2026-05-04,Present,0,Generated default Present: no absent/halfday mark,cf9d01cf-08cf-5b10-afba-112a180b6d8e
Najma Bibi,AFSM-002,2026-05-05,Present,0,Generated default Present: no absent/halfday mark,7ba9c967-cb84-50cc-8443-4d0c76a210e0
Najma Bibi,AFSM-002,2026-05-06,Present,0,Generated default Present: no absent/halfday mark,f22ac45b-c0b1-5960-8199-ad5bff64a791
Najma Bibi,AFSM-002,2026-05-07,Present,0,Generated default Present: no absent/halfday mark,cf11d635-7184-5ae9-8d62-e752de16a99c
Najma Bibi,AFSM-002,2026-05-08,Present,0,Generated default Present: no absent/halfday mark,625be64a-3272-51e5-a518-064cbe1435f0
Najma Bibi,AFSM-002,2026-05-09,Present,0,Generated default Present: no absent/halfday mark,a9784c2e-5409-5439-9f81-4dedf099dfd7
Najma Bibi,AFSM-002,2026-05-10,Absent,1,Excel import: Absent,340de11b-3596-5b3f-ac06-783704319227
Najma Bibi,AFSM-002,2026-05-11,Present,0,Generated default Present: no absent/halfday mark,931941c4-8eac-5f73-9641-c25e31c91300
Najma Bibi,AFSM-002,2026-05-12,Present,0,Generated default Present: no absent/halfday mark,8806d185-4ad5-5a68-aeb3-f70a601eee52
Najma Bibi,AFSM-002,2026-05-13,Present,0,Generated default Present: no absent/halfday mark,7e641514-0e72-5e0d-bced-00758bc1feb0
Najma Bibi,AFSM-002,2026-05-14,Present,0,Generated default Present: no absent/halfday mark,0897be80-51d8-59a3-8331-6583dcff36c6
Najma Bibi,AFSM-002,2026-05-15,Present,0,Generated default Present: no absent/halfday mark,9887c231-a6c2-53d3-86f3-5af875ea38aa
Najma Bibi,AFSM-002,2026-05-16,Present,0,Generated default Present: no absent/halfday mark,f20844c5-444e-59fd-8a1c-86d52118f682
Najma Bibi,AFSM-002,2026-05-17,Absent,1,Excel import: Absent,0d9f698d-3484-5c81-a7b8-06c1ebe7a0cf
Najma Bibi,AFSM-002,2026-05-18,Present,0,Generated default Present: no absent/halfday mark,120b275c-68cc-5778-b4cc-17772df546fc
Najma Bibi,AFSM-002,2026-05-19,Present,0,Generated default Present: no absent/halfday mark,3ad3773f-4548-53d9-b3a3-caf93142464a
Najma Bibi,AFSM-002,2026-05-20,Present,0,Generated default Present: no absent/halfday mark,5f2a3b55-32cc-5848-b74a-db8c66f0caea
Najma Bibi,AFSM-002,2026-05-21,Present,0,Generated default Present: no absent/halfday mark,3589cf4b-5cfa-566e-8102-afe69f91f84c
Najma Bibi,AFSM-002,2026-05-22,Present,0,Generated default Present: no absent/halfday mark,57b4e376-2e2c-58d7-a1da-1399501e862a
Najma Bibi,AFSM-002,2026-05-23,Present,0,Generated default Present: no absent/halfday mark,1d06c051-4600-56b6-b28a-8afca9de4dc0
Najma Bibi,AFSM-002,2026-05-24,Present,0,Generated default Present: no absent/halfday mark,3ba616e2-2ba1-587b-bc80-5eeedc5cd2e5
Najma Bibi,AFSM-002,2026-05-25,Present,0,Generated default Present: no absent/halfday mark,7ba2da54-f7b1-54c8-acf9-9a4864669608
Najma Bibi,AFSM-002,2026-05-26,Present,0,Generated default Present: no absent/halfday mark,bf25f478-0173-5315-8fd0-d7d30c15cb14
Najma Bibi,AFSM-002,2026-05-27,Present,0,Generated default Present: no absent/halfday mark,dcea17c5-937a-59a4-b636-3c73d61ff3e2
Najma Bibi,AFSM-002,2026-05-28,Absent,1,Excel import: Absent,39b99d66-fc3c-5ea7-93c2-ccfd70939755
Najma Bibi,AFSM-002,2026-05-29,Present,0,Generated default Present: no absent/halfday mark,546fff0f-637b-5d7d-93a6-7df9020818cc
Najma Bibi,AFSM-002,2026-05-30,Absent,1,Excel import: Absent,004d1698-69d0-5e5b-aaf9-c55b2794108f
Najma Bibi,AFSM-002,2026-05-31,Present,0,Generated default Present: no absent/halfday mark,56e98a57-ee8a-51c1-ba0b-0666bb8f897f
Najma Bibi,AFSM-002,2026-06-01,Present,0,Generated default Present: no absent/halfday mark,3a635a4d-92c3-5252-b1c4-c834eb335b2a
Najma Bibi,AFSM-002,2026-06-02,Present,0,Generated default Present: no absent/halfday mark,6f2891a3-d029-5a17-b155-df5979c35b83
Najma Bibi,AFSM-002,2026-06-03,Present,0,Generated default Present: no absent/halfday mark,6ad89aa2-1b5d-5da6-8047-6f9b13bb1b4e
Najma Bibi,AFSM-002,2026-06-04,Present,0,Generated default Present: no absent/halfday mark,bf657715-efe7-5217-949e-f1d2002b585c
Najma Bibi,AFSM-002,2026-06-05,Present,0,Generated default Present: no absent/halfday mark,70e23a69-6bda-551c-998c-4905412297db
Najma Bibi,AFSM-002,2026-06-06,Absent,1,Excel import: Absent,f180db22-dabe-5d15-98d4-dc2b8fdd8af7
Najma Bibi,AFSM-002,2026-06-07,Present,0,Generated default Present: no absent/halfday mark,c382f19c-afc9-53d9-9e4c-efe072a16df9
Najma Bibi,AFSM-002,2026-06-08,Present,0,Generated default Present: no absent/halfday mark,13cd0140-f56b-5b56-8af4-cfd0913ad17b
Najma Bibi,AFSM-002,2026-06-09,Absent,1,Excel import: Absent,43fad78f-c670-5da5-82a5-6c39fa0e6f17
Najma Bibi,AFSM-002,2026-06-10,Absent,1,Excel import: Absent,ace9832a-34b3-5e05-b021-ead1a2b155c1
Najma Bibi,AFSM-002,2026-06-11,Present,0,Generated default Present: no absent/halfday mark,72169fb1-88d9-5701-acfd-035919b5fab2
Najma Bibi,AFSM-002,2026-06-12,Present,0,Generated default Present: no absent/halfday mark,e1024e78-44f1-5290-ba37-a5e25569a583
Najma Bibi,AFSM-002,2026-06-13,Present,0,Generated default Present: no absent/halfday mark,e23c555f-eff3-51fc-ad58-0b164ab639c4
Najma Bibi,AFSM-002,2026-06-14,Present,0,Generated default Present: no absent/halfday mark,4abd6ba1-a768-54cc-9612-3aede33223f2
Najma Bibi,AFSM-002,2026-06-15,Present,0,Generated default Present: no absent/halfday mark,292d5d56-3f72-5a44-9aa4-50f1319b958b
Najma Bibi,AFSM-002,2026-06-16,Present,0,Generated default Present: no absent/halfday mark,eefb4603-0045-501d-93ee-b97d1265e41e
Najma Bibi,AFSM-002,2026-06-17,Present,0,Generated default Present: no absent/halfday mark,6520635d-d280-5318-bb7a-ba3fb3a5bcbc
Najma Bibi,AFSM-002,2026-06-18,Present,0,Generated default Present: no absent/halfday mark,9f698bce-1865-57a7-909d-f73f002aa419
Najma Bibi,AFSM-002,2026-06-19,Present,0,Generated default Present: no absent/halfday mark,844b4fcc-096a-54b5-a35f-82e755412a24
Najma Bibi,AFSM-002,2026-06-20,Present,0,Generated default Present: no absent/halfday mark,e90261f7-c4b4-5910-a2fd-b04c1edf0c57
Najma Bibi,AFSM-002,2026-06-21,Absent,1,Excel import: Absent,77600223-55e8-5b15-bfd2-30f85a36b4fc
Najma Bibi,AFSM-002,2026-06-22,Present,0,Generated default Present: no absent/halfday mark,51b86902-eb86-5338-b6fb-d7cd49a60273
Najma Bibi,AFSM-002,2026-06-23,Present,0,Generated default Present: no absent/halfday mark,f87210f2-94b6-533a-a180-4b1dd1adfa7d
Mayank Das,AFSM-003,2025-08-26,Present,0,Generated default Present: no absent/halfday mark,26097ca8-cf54-59ed-8452-927e9bf3314a
Mayank Das,AFSM-003,2025-08-27,Present,0,Generated default Present: no absent/halfday mark,3c82a1a2-d36c-5a68-9bb3-f2cc77ccf6b6
Mayank Das,AFSM-003,2025-08-28,Present,0,Generated default Present: no absent/halfday mark,609d62eb-203c-54c8-b22c-4de2f46e1a26
Mayank Das,AFSM-003,2025-08-29,Present,0,Generated default Present: no absent/halfday mark,39961f04-c628-546a-aa0d-4046ed47a17d
Mayank Das,AFSM-003,2025-08-30,Present,0,Generated default Present: no absent/halfday mark,e76e80c9-f971-5a6b-93aa-1c6950ae51eb
Mayank Das,AFSM-003,2025-08-31,Present,0,Generated default Present: no absent/halfday mark,8f174f3f-1ded-5248-a2fb-1f9a83dee8dc
Mayank Das,AFSM-003,2025-09-01,Present,0,Generated default Present: no absent/halfday mark,1649e60d-5a87-5397-9502-ff6b80f38933
Mayank Das,AFSM-003,2025-09-02,Present,0,Generated default Present: no absent/halfday mark,d7be924b-e1b4-5e84-a0e9-1dbd608ef610
Mayank Das,AFSM-003,2025-09-03,Present,0,Generated default Present: no absent/halfday mark,404e533c-65f9-531d-9c13-c6db49f6dd08
Mayank Das,AFSM-003,2025-09-04,Present,0,Generated default Present: no absent/halfday mark,8ec2f091-faa1-5069-a793-c5520b62a05b
Mayank Das,AFSM-003,2025-09-05,Present,0,Generated default Present: no absent/halfday mark,9fec3db9-d82a-53f4-9d29-8bf5004f37f3
Mayank Das,AFSM-003,2025-09-06,Present,0,Generated default Present: no absent/halfday mark,bca48602-5331-5561-9cdc-9e39a3804d58
Mayank Das,AFSM-003,2025-09-07,Present,0,Generated default Present: no absent/halfday mark,cb2ee032-2a6a-5077-8634-2414fd7b1420
Mayank Das,AFSM-003,2025-09-08,Present,0,Generated default Present: no absent/halfday mark,966962cb-303e-5da4-b832-ca61aff3d040
Mayank Das,AFSM-003,2025-09-09,Present,0,Generated default Present: no absent/halfday mark,48fd4dc1-5e82-5396-803e-bc5bff64372f
Mayank Das,AFSM-003,2025-09-10,Present,0,Generated default Present: no absent/halfday mark,ac7e67b7-c4ce-5ebe-8bcf-de08e6823aa5
Mayank Das,AFSM-003,2025-09-11,Present,0,Generated default Present: no absent/halfday mark,15c98151-ae67-52a7-9a5c-eab34e7941a1
Mayank Das,AFSM-003,2025-09-12,Present,0,Generated default Present: no absent/halfday mark,8c5d502d-63f4-5938-8497-a28a2067f483
Mayank Das,AFSM-003,2025-09-13,Present,0,Generated default Present: no absent/halfday mark,24839526-6118-5208-9c2b-d2749593879e
Mayank Das,AFSM-003,2025-09-14,Present,0,Generated default Present: no absent/halfday mark,6f5d202b-c673-5b59-9317-abafc1ce258d
Mayank Das,AFSM-003,2025-09-15,Present,0,Generated default Present: no absent/halfday mark,057ae108-0648-5357-a0e8-8999f2bdb5c7
Mayank Das,AFSM-003,2025-09-16,Present,0,Generated default Present: no absent/halfday mark,078adb18-c10b-50ff-90aa-11282539ad84
Mayank Das,AFSM-003,2025-09-17,Present,0,Generated default Present: no absent/halfday mark,0779d13f-a9b5-5a2e-988e-8293b2379c1d
Mayank Das,AFSM-003,2025-09-18,Present,0,Generated default Present: no absent/halfday mark,819c779a-6eff-5bda-85a5-88bf60565e9c
Mayank Das,AFSM-003,2025-09-19,Present,0,Generated default Present: no absent/halfday mark,809967a4-4522-5892-87e3-7038909b4bc3
Mayank Das,AFSM-003,2025-09-20,Present,0,Generated default Present: no absent/halfday mark,c8c99b84-b410-5c6a-be59-24e6d6d9e5f4
Mayank Das,AFSM-003,2025-09-21,Present,0,Generated default Present: no absent/halfday mark,4ada44fe-a5c4-51f4-9b73-455f204c8953
Mayank Das,AFSM-003,2025-09-22,Present,0,Generated default Present: no absent/halfday mark,1c744640-53e2-5e86-baa7-5053a3fb099b
Mayank Das,AFSM-003,2025-09-23,Present,0,Generated default Present: no absent/halfday mark,44d40504-5e83-5b11-99a1-53cba6231ea1
Mayank Das,AFSM-003,2025-09-24,Present,0,Generated default Present: no absent/halfday mark,9e052273-c26e-558e-8ee9-f0e80a029117
Mayank Das,AFSM-003,2025-09-25,Present,0,Generated default Present: no absent/halfday mark,8c4604ab-7a71-5137-8e61-cab56e9883ed
Mayank Das,AFSM-003,2025-09-26,Present,0,Generated default Present: no absent/halfday mark,463b27bd-3863-5163-8620-85860c3dde47
Mayank Das,AFSM-003,2025-09-27,Present,0,Generated default Present: no absent/halfday mark,222f1d0c-f821-5d42-b7f9-0f0eb50d5600
Mayank Das,AFSM-003,2025-09-28,Present,0,Generated default Present: no absent/halfday mark,ed23f3d7-3e2c-5351-9b22-e1ea3584d2f6
Mayank Das,AFSM-003,2025-09-29,Present,0,Generated default Present: no absent/halfday mark,8b20b9d7-c677-57f7-acfe-f072e0959140
Mayank Das,AFSM-003,2025-09-30,Present,0,Generated default Present: no absent/halfday mark,879e268e-31c7-5727-baf5-826adc387c29
Mayank Das,AFSM-003,2025-10-01,Present,0,Generated default Present: no absent/halfday mark,c201fe96-7178-5a85-bbaa-6dab3ee44e4c
Mayank Das,AFSM-003,2025-10-02,Present,0,Generated default Present: no absent/halfday mark,e751c0f7-7b23-5558-aa63-7f2ff9ab06f0
Mayank Das,AFSM-003,2025-10-03,Present,0,Generated default Present: no absent/halfday mark,06a103c4-0e5f-5f8f-a2c9-975b113162ec
Mayank Das,AFSM-003,2025-10-04,Present,0,Generated default Present: no absent/halfday mark,aba5ade9-a14a-5c74-b26a-72041a2f6f11
Mayank Das,AFSM-003,2025-10-05,Present,0,Generated default Present: no absent/halfday mark,880e4490-08b4-50ab-8c44-6a9a9be8325e
Mayank Das,AFSM-003,2025-10-06,Present,0,Generated default Present: no absent/halfday mark,b2fb0b64-ff9e-5192-b54d-31d1083d37ea
Mayank Das,AFSM-003,2025-10-07,Present,0,Generated default Present: no absent/halfday mark,8bbfa60f-511c-58ac-a679-313f7b2a1fa3
Mayank Das,AFSM-003,2025-10-08,Present,0,Generated default Present: no absent/halfday mark,a09176f4-6bc0-50c7-a724-0d02e2ab2c82
Mayank Das,AFSM-003,2025-10-09,Present,0,Generated default Present: no absent/halfday mark,4708bc10-5788-503b-9827-96213633a488
Mayank Das,AFSM-003,2025-10-10,Present,0,Generated default Present: no absent/halfday mark,68dfdd91-5d8e-5911-8c3c-5636289e7967
Mayank Das,AFSM-003,2025-10-11,Present,0,Generated default Present: no absent/halfday mark,4caddf9b-c2e9-56ab-8403-e0013ede4488
Mayank Das,AFSM-003,2025-10-12,Present,0,Generated default Present: no absent/halfday mark,adba3c44-66c5-52ac-b73f-ad4af5e2f4ac
Mayank Das,AFSM-003,2025-10-13,Present,0,Generated default Present: no absent/halfday mark,4f7662f3-c1a6-57c3-b006-f3fd7b9ac55c
Mayank Das,AFSM-003,2025-10-14,Present,0,Generated default Present: no absent/halfday mark,749c5a52-e51e-5633-848c-364278e89171
Mayank Das,AFSM-003,2025-10-15,Present,0,Generated default Present: no absent/halfday mark,395e10b8-d2dd-5486-8e83-8940e890594e
Mayank Das,AFSM-003,2025-10-16,Absent,1,Excel import: Absent,2f37fe92-6ca3-5e5e-8844-3d247989cd56
Mayank Das,AFSM-003,2025-10-17,Present,0,Generated default Present: no absent/halfday mark,9b23e2a7-c622-5f6c-9b12-e915e7733e68
Mayank Das,AFSM-003,2025-10-18,Present,0,Generated default Present: no absent/halfday mark,039febca-1299-5efc-8064-dcea6f2e4c7e
Mayank Das,AFSM-003,2025-10-19,Present,0,Generated default Present: no absent/halfday mark,71e3938a-22f2-5369-a7f4-8734cc702bc6
Mayank Das,AFSM-003,2025-10-20,Present,0,Generated default Present: no absent/halfday mark,71bc4fa7-23ce-5e11-ae7d-d87ae6b4ae6a
Mayank Das,AFSM-003,2025-10-21,Present,0,Generated default Present: no absent/halfday mark,bd6a53b3-4b5f-5c0c-a166-e1990f31ce9b
Mayank Das,AFSM-003,2025-10-22,Present,0,Generated default Present: no absent/halfday mark,2bc59d7d-7aa0-54cf-9239-c56869c2bddf
Mayank Das,AFSM-003,2025-10-23,Present,0,Generated default Present: no absent/halfday mark,e45d233c-2ba0-5a7a-8f43-6704f17144a1
Mayank Das,AFSM-003,2025-10-24,Present,0,Generated default Present: no absent/halfday mark,0b4f0155-2eef-5487-8850-95e06e0d0ca8
Mayank Das,AFSM-003,2025-10-25,Present,0,Generated default Present: no absent/halfday mark,8748aa95-6d14-59f4-871c-bd41dec9ee03
Mayank Das,AFSM-003,2025-10-26,Present,0,Generated default Present: no absent/halfday mark,c502ad31-a4e9-5771-8c8d-87958b76325c
Mayank Das,AFSM-003,2025-10-27,Present,0,Generated default Present: no absent/halfday mark,d6b68d6f-a6ab-5dfb-abe7-088e04f20481
Mayank Das,AFSM-003,2025-10-28,Present,0,Generated default Present: no absent/halfday mark,d4604a7e-b454-5e12-bce3-87a57f04dbca
Mayank Das,AFSM-003,2025-10-29,Present,0,Generated default Present: no absent/halfday mark,76c8dd65-ff8c-5d3f-8321-db4275cdabfc
Mayank Das,AFSM-003,2025-10-30,Present,0,Generated default Present: no absent/halfday mark,a4d908d5-e890-58fa-83bb-2522b6df2390
Mayank Das,AFSM-003,2025-10-31,Present,0,Generated default Present: no absent/halfday mark,108ef12d-af23-5e9c-be4f-4e8640762eda
Mayank Das,AFSM-003,2025-11-01,Present,0,Generated default Present: no absent/halfday mark,448b62f7-bff5-54db-ae6f-668bbebcdc32
Mayank Das,AFSM-003,2025-11-02,Absent,1,Excel import: Absent,ef53d77d-b728-554e-9281-3c4231e3ece3
Mayank Das,AFSM-003,2025-11-03,Present,0,Generated default Present: no absent/halfday mark,35425e9a-5f60-5839-884f-232147d25b30
Mayank Das,AFSM-003,2025-11-04,Absent,1,Excel import: Absent,c24e0428-a96e-5b31-afca-a065978fd590
Mayank Das,AFSM-003,2025-11-05,Present,0,Generated default Present: no absent/halfday mark,72574586-1772-5282-94e3-5eaae1051384
Mayank Das,AFSM-003,2025-11-06,Present,0,Generated default Present: no absent/halfday mark,efe295f5-532e-55a0-a321-ebbf88ac3ebb
Mayank Das,AFSM-003,2025-11-07,Present,0,Generated default Present: no absent/halfday mark,a9f4c755-8c72-57d2-a858-2e3a93df1abc
Mayank Das,AFSM-003,2025-11-08,Present,0,Generated default Present: no absent/halfday mark,0813cccb-6353-56cf-a6ab-496d929a886e
Mayank Das,AFSM-003,2025-11-09,Present,0,Generated default Present: no absent/halfday mark,e4d9b163-29d9-51b7-b682-b0a4d7e5b98a
Mayank Das,AFSM-003,2025-11-10,Present,0,Generated default Present: no absent/halfday mark,2ec70318-9d54-5e1f-a84b-236c3c22eb77
Mayank Das,AFSM-003,2025-11-11,Present,0,Generated default Present: no absent/halfday mark,8f2c2c7c-94aa-54f2-9e13-42894f7eee81
Mayank Das,AFSM-003,2025-11-12,Present,0,Generated default Present: no absent/halfday mark,691bc01a-c3ef-5e70-ad90-1139055b67aa
Mayank Das,AFSM-003,2025-11-13,Present,0,Generated default Present: no absent/halfday mark,77fdf268-3fe5-5bc2-a750-11001ffb4940
Mayank Das,AFSM-003,2025-11-14,Present,0,Generated default Present: no absent/halfday mark,c6ca609c-01f4-56d2-baeb-7951ad5447bf
Mayank Das,AFSM-003,2025-11-15,Present,0,Generated default Present: no absent/halfday mark,d7bda09f-7b9e-553c-ac28-27ad9345dbbf
Mayank Das,AFSM-003,2025-11-16,Present,0,Generated default Present: no absent/halfday mark,0f5f49ed-c855-5b3f-80f2-3dd8b074ffc4
Mayank Das,AFSM-003,2025-11-17,Present,0,Generated default Present: no absent/halfday mark,3ceecf6a-cc8e-5616-bb5d-eb0a46c20a34
Mayank Das,AFSM-003,2025-11-18,Absent,1,Excel import: Absent,2a5c5820-0865-5f7c-943e-9a261977fb77
Mayank Das,AFSM-003,2025-11-19,Present,0,Generated default Present: no absent/halfday mark,31a3e194-a4fb-5ceb-ae81-68017c12c842
Mayank Das,AFSM-003,2025-11-20,Present,0,Generated default Present: no absent/halfday mark,421cce8e-6bda-5a43-8e8f-0d62e028cda6
Mayank Das,AFSM-003,2025-11-21,Present,0,Generated default Present: no absent/halfday mark,6ef69d02-fdc8-5d2d-bb76-2e98d8db4c2c
Mayank Das,AFSM-003,2025-11-22,Present,0,Generated default Present: no absent/halfday mark,d5687323-265c-5925-9702-735cfb8d8132
Mayank Das,AFSM-003,2025-11-23,Present,0,Generated default Present: no absent/halfday mark,327f8706-8919-599b-a2eb-60a39e7c5924
Mayank Das,AFSM-003,2025-11-24,Present,0,Generated default Present: no absent/halfday mark,fd97f818-7b28-55e8-9222-84064f268b6f
Mayank Das,AFSM-003,2025-11-25,Absent,1,Excel import: Absent,1864ec07-309b-52f0-a8bd-a07682485592
Mayank Das,AFSM-003,2025-11-26,Present,0,Generated default Present: no absent/halfday mark,b64142f3-7058-57e8-8db9-d7e1dcd5d13f
Mayank Das,AFSM-003,2025-11-27,Present,0,Generated default Present: no absent/halfday mark,81511519-d24e-53a2-a403-700e513749bd
Mayank Das,AFSM-003,2025-11-28,Present,0,Generated default Present: no absent/halfday mark,e64add00-7ee8-5c6c-8e81-3a623e66b022
Mayank Das,AFSM-003,2025-11-29,Present,0,Generated default Present: no absent/halfday mark,de187a2c-289d-5a79-a557-e2c6410821a4
Mayank Das,AFSM-003,2025-11-30,Present,0,Generated default Present: no absent/halfday mark,7a570775-d304-5f15-8237-5896a4a78124
Mayank Das,AFSM-003,2025-12-01,Absent,1,Excel import: Absent,d2432e27-59a6-5db7-8496-ff92e23cb9e6
Mayank Das,AFSM-003,2025-12-02,Absent,1,Excel import: Absent,e773f925-626f-5976-ba45-4baa0645c78b
Mayank Das,AFSM-003,2025-12-03,Present,0,Generated default Present: no absent/halfday mark,476e9bad-b5f2-5b9e-9b29-a6552e55bf88
Mayank Das,AFSM-003,2025-12-04,Present,0,Generated default Present: no absent/halfday mark,e3f4c19a-b29f-5af2-ac20-50d1fea7d573
Mayank Das,AFSM-003,2025-12-05,Present,0,Generated default Present: no absent/halfday mark,a2c4808b-db39-5e31-8792-8948b8a56095
Mayank Das,AFSM-003,2025-12-06,Absent,1,Excel import: Absent,767f20da-597a-553f-a14a-c266499d2656
Mayank Das,AFSM-003,2025-12-07,Absent,1,Excel import: Absent,c3c82013-dd71-5c09-a332-dfc9298336a7
Mayank Das,AFSM-003,2025-12-08,Present,0,Generated default Present: no absent/halfday mark,d85b2957-b169-5652-9292-ea47b773fc83
Mayank Das,AFSM-003,2025-12-09,Present,0,Generated default Present: no absent/halfday mark,e403780b-5d89-5259-8d71-5a973856f91f
Mayank Das,AFSM-003,2025-12-10,Present,0,Generated default Present: no absent/halfday mark,0b460c79-24e2-5376-9b86-dc5960554bfd
Mayank Das,AFSM-003,2025-12-11,Present,0,Generated default Present: no absent/halfday mark,ca7cc20c-6f84-5505-ab3b-00951c6a2772
Mayank Das,AFSM-003,2025-12-12,Present,0,Generated default Present: no absent/halfday mark,07312a91-1323-5629-b493-b99c592a2c4b
Mayank Das,AFSM-003,2025-12-13,Present,0,Generated default Present: no absent/halfday mark,ccb2ab97-04ab-5512-8430-71f6c31e014f
Mayank Das,AFSM-003,2025-12-14,Present,0,Generated default Present: no absent/halfday mark,69aefe4c-bdd5-5741-82ff-9043e394a931
Mayank Das,AFSM-003,2025-12-15,Present,0,Generated default Present: no absent/halfday mark,7f5f0e73-6dd6-5ec7-befb-a844388341bb
Mayank Das,AFSM-003,2025-12-16,Present,0,Generated default Present: no absent/halfday mark,58119c7c-7fe3-5fec-9019-9e5802f01131
Mayank Das,AFSM-003,2025-12-17,Present,0,Generated default Present: no absent/halfday mark,6a920567-317c-58a2-aca7-8d3dfc3f7dad
Mayank Das,AFSM-003,2025-12-18,Present,0,Generated default Present: no absent/halfday mark,bc3aa561-5e38-5339-879e-67a918ebd8d9
Mayank Das,AFSM-003,2025-12-19,Present,0,Generated default Present: no absent/halfday mark,07d2568e-e92d-59b1-a87a-db58ae728aed
Mayank Das,AFSM-003,2025-12-20,Present,0,Generated default Present: no absent/halfday mark,4c5843fa-382b-54e8-b635-ba3ba82591d6
Mayank Das,AFSM-003,2025-12-21,Present,0,Generated default Present: no absent/halfday mark,9ef2f30d-2171-5e37-9c67-8e133940ffa8
Mayank Das,AFSM-003,2025-12-22,Present,0,Generated default Present: no absent/halfday mark,69d8459e-119e-5aa4-ae12-10dc60f67dba
Mayank Das,AFSM-003,2025-12-23,Present,0,Generated default Present: no absent/halfday mark,4a200be8-d0c9-54ad-9d8d-66e5c3138d38
Mayank Das,AFSM-003,2025-12-24,Present,0,Generated default Present: no absent/halfday mark,0bbc34c1-d3db-5b1e-957b-cb5f9a68ebdd
Mayank Das,AFSM-003,2025-12-25,Present,0,Generated default Present: no absent/halfday mark,eb62af7b-4820-565c-89bd-c321322cb957
Mayank Das,AFSM-003,2025-12-26,Absent,1,Excel import: Absent,cb2e001f-2265-5772-80eb-6bb56d146128
Mayank Das,AFSM-003,2025-12-27,Present,0,Generated default Present: no absent/halfday mark,cab3353d-bb57-5069-b0df-171ff41c0b0c
Mayank Das,AFSM-003,2025-12-28,Present,0,Generated default Present: no absent/halfday mark,576df671-1e10-5443-88dc-40210c0e01d5
Mayank Das,AFSM-003,2025-12-29,Present,0,Generated default Present: no absent/halfday mark,155881fa-d0d2-5f2a-8e98-79e4c3f3a52c
Mayank Das,AFSM-003,2025-12-30,Present,0,Generated default Present: no absent/halfday mark,b61736da-07d5-54c7-ac03-a3e4f376f51a
Mayank Das,AFSM-003,2025-12-31,Present,0,Generated default Present: no absent/halfday mark,29dbc8d9-4fac-58a6-a710-a1813820080b
Mayank Das,AFSM-003,2026-01-01,Present,0,Generated default Present: no absent/halfday mark,2fb903b8-e4fe-58e3-a813-8f70ce44f69d
Mayank Das,AFSM-003,2026-01-02,Absent,1,Excel import: Absent,6bba98ba-9f08-5e90-bec0-ed9f3daf331b
Mayank Das,AFSM-003,2026-01-03,Present,0,Generated default Present: no absent/halfday mark,b6e4886a-3614-54a5-a383-1bb463b49d60
Mayank Das,AFSM-003,2026-01-04,Present,0,Generated default Present: no absent/halfday mark,fbdab797-c1b5-5b1f-aa5a-c753863d8b9e
Mayank Das,AFSM-003,2026-01-05,Present,0,Generated default Present: no absent/halfday mark,0a53ce2c-ed8e-58da-a71a-c4b61ca98583
Mayank Das,AFSM-003,2026-01-06,Absent,1,Excel import: Absent,f0f3cff2-df89-5aef-b0f7-6f1ef4ce5496
Mayank Das,AFSM-003,2026-01-07,Present,0,Generated default Present: no absent/halfday mark,b5d94854-0fda-5aae-ae46-46b909ed11d0
Mayank Das,AFSM-003,2026-01-08,Present,0,Generated default Present: no absent/halfday mark,168f16b7-efb7-5e19-8ce3-5f360ee62a21
Mayank Das,AFSM-003,2026-01-09,Present,0,Generated default Present: no absent/halfday mark,99e935e9-88e2-5895-bc93-f3183f5d0290
Mayank Das,AFSM-003,2026-01-10,Present,0,Generated default Present: no absent/halfday mark,0c91face-bd6f-5914-9de3-72fb94a1fe38
Mayank Das,AFSM-003,2026-01-11,Present,0,Generated default Present: no absent/halfday mark,12308336-7f9e-58d6-8942-c50cc7802732
Mayank Das,AFSM-003,2026-01-12,Present,0,Generated default Present: no absent/halfday mark,57500f5d-f658-51b9-844c-8716b6cc000e
Mayank Das,AFSM-003,2026-01-13,Present,0,Generated default Present: no absent/halfday mark,0a81abc8-8c65-5b08-acd0-e425e86600ee
Mayank Das,AFSM-003,2026-01-14,Present,0,Generated default Present: no absent/halfday mark,763f4378-708b-5e97-a4e1-ab5a13ca85ff
Mayank Das,AFSM-003,2026-01-15,Present,0,Generated default Present: no absent/halfday mark,3339341e-d17d-549d-b09c-2e277226f564
Mayank Das,AFSM-003,2026-01-16,Present,0,Generated default Present: no absent/halfday mark,480dde3c-91e8-5a3a-bd08-5d2f14ce6fba
Mayank Das,AFSM-003,2026-01-17,Present,0,Generated default Present: no absent/halfday mark,006f77eb-4df5-50d0-bd2d-7591c8eae6ad
Mayank Das,AFSM-003,2026-01-18,Present,0,Generated default Present: no absent/halfday mark,81f6ee08-5a0c-517a-8681-06c94c4769d6
Mayank Das,AFSM-003,2026-01-19,Present,0,Generated default Present: no absent/halfday mark,f706bd26-8be5-5a79-923b-bc5fe13f7500
Mayank Das,AFSM-003,2026-01-20,Present,0,Generated default Present: no absent/halfday mark,2ff2ab7d-1587-52c7-b34b-7952a9265f87
Mayank Das,AFSM-003,2026-01-21,Present,0,Generated default Present: no absent/halfday mark,a5df731f-871f-5492-a491-3a3569af9421
Mayank Das,AFSM-003,2026-01-22,Present,0,Generated default Present: no absent/halfday mark,0c9a1494-94e6-5f5e-b12d-aff077b175c2
Mayank Das,AFSM-003,2026-01-23,Absent,1,Excel import: Absent,fb070e67-ed81-5bca-a06d-ffd5d629f761
Mayank Das,AFSM-003,2026-01-24,Present,0,Generated default Present: no absent/halfday mark,abb4e9c0-ee80-5117-93a4-271014f86754
Mayank Das,AFSM-003,2026-01-25,Present,0,Generated default Present: no absent/halfday mark,ae09e3f2-23ba-5ebd-89f5-81cbf359bc0c
Mayank Das,AFSM-003,2026-01-26,Present,0,Generated default Present: no absent/halfday mark,82bf1c2d-a7b3-5621-be9a-9ff44e400e94
Mayank Das,AFSM-003,2026-01-27,Present,0,Generated default Present: no absent/halfday mark,bc2b85f6-b6f8-54bf-a06c-be61d7925a25
Mayank Das,AFSM-003,2026-01-28,Present,0,Generated default Present: no absent/halfday mark,c146fc98-7281-5d0d-a9ef-2d2822126fe8
Mayank Das,AFSM-003,2026-01-29,Present,0,Generated default Present: no absent/halfday mark,9609d106-b70f-5b06-8a2b-36a937a96972
Mayank Das,AFSM-003,2026-01-30,Present,0,Generated default Present: no absent/halfday mark,c3d91274-1d23-5cb0-8049-ac0f4ef96131
Mayank Das,AFSM-003,2026-01-31,Present,0,Generated default Present: no absent/halfday mark,953497ba-886d-5d17-8833-a3850cd522c3
Mayank Das,AFSM-003,2026-02-01,Present,0,Generated default Present: no absent/halfday mark,16618bc1-230a-5e04-a667-11af063f1ac1
Mayank Das,AFSM-003,2026-02-02,Absent,1,Excel import: Absent,651b9939-dfca-524b-bf7a-28c16613f90b
Mayank Das,AFSM-003,2026-02-03,Present,0,Generated default Present: no absent/halfday mark,f268b4ab-f8d6-5974-ba3a-0422f2748d0f
Mayank Das,AFSM-003,2026-02-04,Present,0,Generated default Present: no absent/halfday mark,dbddc9dd-7fd6-504d-9012-c52c51dad3f6
Mayank Das,AFSM-003,2026-02-05,Present,0,Generated default Present: no absent/halfday mark,7cdbe61b-cfbc-5483-b9f5-301fbd882ea1
Mayank Das,AFSM-003,2026-02-06,Present,0,Generated default Present: no absent/halfday mark,42470d20-c6ad-5166-9009-1bb050893f0e
Mayank Das,AFSM-003,2026-02-07,Present,0,Generated default Present: no absent/halfday mark,42badfca-246c-5357-8b35-e4918a6d835e
Mayank Das,AFSM-003,2026-02-08,Present,0,Generated default Present: no absent/halfday mark,74cd455f-3d16-54f7-a406-87327a4d9074
Mayank Das,AFSM-003,2026-02-09,Present,0,Generated default Present: no absent/halfday mark,5f8fcd96-c4e2-590a-bc1c-3798b8950773
Mayank Das,AFSM-003,2026-02-10,Present,0,Generated default Present: no absent/halfday mark,c10a5a8d-d3f5-5f8d-80e7-7200a74c025a
Mayank Das,AFSM-003,2026-02-11,Present,0,Generated default Present: no absent/halfday mark,344be8d6-9426-592b-979f-528f6583023d
Mayank Das,AFSM-003,2026-02-12,Present,0,Generated default Present: no absent/halfday mark,eb3f3053-1f58-59d9-a0ea-8c42083b8b6a
Mayank Das,AFSM-003,2026-02-13,Present,0,Generated default Present: no absent/halfday mark,a0a34894-2493-540e-bc06-a8818ea94915
Mayank Das,AFSM-003,2026-02-14,Present,0,Generated default Present: no absent/halfday mark,824ff3da-1600-5180-8b9b-4f1ea95f6cff
Mayank Das,AFSM-003,2026-02-15,Present,0,Generated default Present: no absent/halfday mark,4adddda3-bc4d-5043-a8d0-f385db27ec11
Mayank Das,AFSM-003,2026-02-16,Absent,1,Excel import: Absent,ce6787c8-ae4c-5ff6-9bae-cbc296391e7c
Mayank Das,AFSM-003,2026-02-17,Present,0,Generated default Present: no absent/halfday mark,4cdfe91e-b687-56b1-a6fd-09c716cf6679
Mayank Das,AFSM-003,2026-02-18,Present,0,Generated default Present: no absent/halfday mark,c724e143-619a-508f-b111-81c2c2d59902
Mayank Das,AFSM-003,2026-02-19,Present,0,Generated default Present: no absent/halfday mark,caaa5df4-9f17-54e6-b823-857d008875c9
Mayank Das,AFSM-003,2026-02-20,Present,0,Generated default Present: no absent/halfday mark,c34d9c0c-6e14-5dd0-b5b4-22646c694217
Mayank Das,AFSM-003,2026-02-21,Present,0,Generated default Present: no absent/halfday mark,7fca6a9b-b936-5f00-85c9-a979c7e67451
Mayank Das,AFSM-003,2026-02-22,Present,0,Generated default Present: no absent/halfday mark,d70b8814-a8b8-5707-8217-0b1674c65d34
Mayank Das,AFSM-003,2026-02-23,Present,0,Generated default Present: no absent/halfday mark,a3e04cc6-3389-5420-a14e-013a187bdc0b
Mayank Das,AFSM-003,2026-02-24,Present,0,Generated default Present: no absent/halfday mark,c98944d9-7b92-51c8-a425-969be151cfbe
Mayank Das,AFSM-003,2026-02-25,Absent,1,Excel import: Absent,c6dfd096-96fe-5805-8112-1afb5763cb38
Mayank Das,AFSM-003,2026-02-26,Absent,1,Excel import: Absent,cb90d676-5ab8-5320-bcb1-c2a3a4312af8
Mayank Das,AFSM-003,2026-02-27,Present,0,Generated default Present: no absent/halfday mark,85c73a8a-602d-59ec-a0d9-9db5843fbe56
Mayank Das,AFSM-003,2026-02-28,Absent,1,Excel import: Absent,30c4a391-6066-5a79-9148-18920d3c4fd9
Mayank Das,AFSM-003,2026-03-01,Present,0,Generated default Present: no absent/halfday mark,36e2cccb-db2c-536c-a406-9793cdb000ce
Mayank Das,AFSM-003,2026-03-02,Present,0,Generated default Present: no absent/halfday mark,babe5e7a-06ec-5e29-af5c-b6c8240005ad
Mayank Das,AFSM-003,2026-03-03,Present,0,Generated default Present: no absent/halfday mark,4c691f4b-6223-5030-b9cc-cdd7b3c07005
Mayank Das,AFSM-003,2026-03-04,Present,0,Generated default Present: no absent/halfday mark,d5459aad-0b14-5913-843c-9dfaa187603b
Mayank Das,AFSM-003,2026-03-05,HalfDay,2,Excel import: HalfDay,4e74983e-6512-5c39-973f-3e3d0004ea79
Mayank Das,AFSM-003,2026-03-06,Present,0,Generated default Present: no absent/halfday mark,85621895-3cef-5111-90d2-fd0bbe21505f
Mayank Das,AFSM-003,2026-03-07,Present,0,Generated default Present: no absent/halfday mark,6214976e-402d-5603-a4f7-69afdb31346c
Mayank Das,AFSM-003,2026-03-08,Present,0,Generated default Present: no absent/halfday mark,f0d22298-4a1f-5ac8-9e91-cfc61de2dfd6
Mayank Das,AFSM-003,2026-03-09,Present,0,Generated default Present: no absent/halfday mark,731800ae-e181-5d8e-ab1e-cd3f1110380a
Mayank Das,AFSM-003,2026-03-10,Present,0,Generated default Present: no absent/halfday mark,cdb08f59-8edc-5e63-a711-7f8f144eca03
Mayank Das,AFSM-003,2026-03-11,Present,0,Generated default Present: no absent/halfday mark,48b3923e-ab54-5b99-a2de-5ef01557ddf9
Mayank Das,AFSM-003,2026-03-12,Present,0,Generated default Present: no absent/halfday mark,93eb884e-6fa0-5bc0-8dad-8a97cb5f2d28
Mayank Das,AFSM-003,2026-03-13,Present,0,Generated default Present: no absent/halfday mark,986bbf6a-7684-5a56-833f-e40d856e17e4
Mayank Das,AFSM-003,2026-03-14,Present,0,Generated default Present: no absent/halfday mark,f603372c-3ebe-56ab-825a-36e498f7128a
Mayank Das,AFSM-003,2026-03-15,Absent,1,Excel import: Absent,f83d3879-0789-59d9-bc3f-785aa720b635
Mayank Das,AFSM-003,2026-03-16,Present,0,Generated default Present: no absent/halfday mark,e5c73293-228c-5b2b-aaac-4e1b84f649d0
Mayank Das,AFSM-003,2026-03-17,Present,0,Generated default Present: no absent/halfday mark,92468319-95a9-5248-b227-f6cef40196fe
Mayank Das,AFSM-003,2026-03-18,Absent,1,Excel import: Absent,e41e82cd-0002-56de-a8fe-43cda2ef5f1e
Mayank Das,AFSM-003,2026-03-19,Present,0,Generated default Present: no absent/halfday mark,b95050cc-0f89-5408-b5d6-7362c44c5126
Mayank Das,AFSM-003,2026-03-20,Present,0,Generated default Present: no absent/halfday mark,460974cb-1370-5649-a82f-e1fe077133b7
Mayank Das,AFSM-003,2026-03-21,Present,0,Generated default Present: no absent/halfday mark,abe651c4-8ad4-5a4a-ae4e-be180c4fef1c
Mayank Das,AFSM-003,2026-03-22,Present,0,Generated default Present: no absent/halfday mark,8f4f67c5-8f5c-5fbf-aac5-1561b4ecaeda
Mayank Das,AFSM-003,2026-03-23,Absent,1,Excel import: Absent,c5cd8a1b-f13b-5c1b-bfd1-6ef19d62bb8d
Mayank Das,AFSM-003,2026-03-24,Present,0,Generated default Present: no absent/halfday mark,401c38af-621f-59bb-80fa-25eb83d89489
Mayank Das,AFSM-003,2026-03-25,Present,0,Generated default Present: no absent/halfday mark,b4fc84ea-56a9-51fb-8482-0a7866c92ae9
Mayank Das,AFSM-003,2026-03-26,Present,0,Generated default Present: no absent/halfday mark,2f318743-7bdf-5ba1-8142-19b93c45f463
Mayank Das,AFSM-003,2026-03-27,Present,0,Generated default Present: no absent/halfday mark,e0a91813-2cbb-5b57-80b9-d191329df68a
Mayank Das,AFSM-003,2026-03-28,Present,0,Generated default Present: no absent/halfday mark,a6a9fc50-8c42-5329-88d6-5a8c9e2fb886
Mayank Das,AFSM-003,2026-03-29,Present,0,Generated default Present: no absent/halfday mark,e8c8a790-108d-50ac-afb4-655155e21188
Mayank Das,AFSM-003,2026-03-30,Present,0,Generated default Present: no absent/halfday mark,1c74f5a2-8568-5751-8b2c-2d489e53c018
Mayank Das,AFSM-003,2026-03-31,Present,0,Generated default Present: no absent/halfday mark,ba6ad1e4-999a-522e-8e32-5985fb53246c
Mayank Das,AFSM-003,2026-04-01,Present,0,Generated default Present: no absent/halfday mark,7170bf0d-893d-508a-994a-aa0fe0190077
Mayank Das,AFSM-003,2026-04-02,Present,0,Generated default Present: no absent/halfday mark,fe8a54cd-47a9-526c-b11f-e124f78540ac
Mayank Das,AFSM-003,2026-04-03,Present,0,Generated default Present: no absent/halfday mark,4fa29f8c-6e4b-516f-94f0-ea63fcc4ef2e
Mayank Das,AFSM-003,2026-04-04,Present,0,Generated default Present: no absent/halfday mark,9ef19348-6086-5ace-b37b-a12201cd0c13
Mayank Das,AFSM-003,2026-04-05,Present,0,Generated default Present: no absent/halfday mark,2f5a5567-1a11-5ff6-84f6-5d4d1b2b69ad
Mayank Das,AFSM-003,2026-04-06,Present,0,Generated default Present: no absent/halfday mark,fa5e580f-39fa-5c9f-88d4-2dbc42221ac4
Mayank Das,AFSM-003,2026-04-07,Present,0,Generated default Present: no absent/halfday mark,3b371c69-fe93-5099-a425-b4126f6fbcdc
Mayank Das,AFSM-003,2026-04-08,Present,0,Generated default Present: no absent/halfday mark,1eb25053-9302-5195-98ed-db9300c26520
Mayank Das,AFSM-003,2026-04-09,Absent,1,Excel import: Absent,7950dd6a-a005-57b5-9fe9-9731dbdf44af
Mayank Das,AFSM-003,2026-04-10,Present,0,Generated default Present: no absent/halfday mark,7c5ac7c9-0ab0-562d-8bd1-603a4a8f290c
Mayank Das,AFSM-003,2026-04-11,Present,0,Generated default Present: no absent/halfday mark,9a4adb94-9d99-50b4-85f0-b17608423ea9
Mayank Das,AFSM-003,2026-04-12,Present,0,Generated default Present: no absent/halfday mark,f120f5ec-ad1b-5156-a491-5a8d1d918f04
Mayank Das,AFSM-003,2026-04-13,Present,0,Generated default Present: no absent/halfday mark,524165b5-e653-5102-8a1b-e937feaec9ed
Mayank Das,AFSM-003,2026-04-14,Present,0,Generated default Present: no absent/halfday mark,c5b7e9df-3e8f-5469-a2ef-9f411572e935
Mayank Das,AFSM-003,2026-04-15,Present,0,Generated default Present: no absent/halfday mark,6f53e394-a719-5834-b3b9-b89dc036dccd
Mayank Das,AFSM-003,2026-04-16,Absent,1,Excel import: Absent,e4cdf2c6-5b03-5dbb-aeb5-faab8282a9d8
Mayank Das,AFSM-003,2026-04-17,Absent,1,Excel import: Absent,1e0b576d-44d7-540a-9491-dedf11bf84e6
Mayank Das,AFSM-003,2026-04-18,Present,0,Generated default Present: no absent/halfday mark,b297b0b4-f3ae-510c-8ed7-6e5832de8a32
Mayank Das,AFSM-003,2026-04-19,Absent,1,Excel import: Absent,55d7bd5a-d48f-57d6-9754-10908e5955f7
Mayank Das,AFSM-003,2026-04-20,Present,0,Generated default Present: no absent/halfday mark,1b262bb3-10fe-5a06-8f4a-468d8c1d87da
Mayank Das,AFSM-003,2026-04-21,Present,0,Generated default Present: no absent/halfday mark,99a364c9-bf6d-5987-8dad-3f2cc84b595f
Mayank Das,AFSM-003,2026-04-22,Present,0,Generated default Present: no absent/halfday mark,51c058ae-05b2-59dc-97c0-78981a88603c
Mayank Das,AFSM-003,2026-04-23,Present,0,Generated default Present: no absent/halfday mark,7e52e3aa-fa93-5540-845e-423a7fb8ae27
Mayank Das,AFSM-003,2026-04-24,Absent,1,Excel import: Absent,c2fe0e8a-bbdd-5685-8fe5-add61a21434f
Mayank Das,AFSM-003,2026-04-25,Present,0,Generated default Present: no absent/halfday mark,7d16de91-2050-5cab-ac70-3cf1e40dd3c3
Mayank Das,AFSM-003,2026-04-26,Present,0,Generated default Present: no absent/halfday mark,31e9b805-4bcf-54c4-96f6-eb2d3f8ba744
Mayank Das,AFSM-003,2026-04-27,Present,0,Generated default Present: no absent/halfday mark,e30a8a0a-a997-505a-b31a-04b0bbdeb800
Mayank Das,AFSM-003,2026-04-28,Present,0,Generated default Present: no absent/halfday mark,ae6efb7c-d7c6-5071-9497-538f016422bd
Mayank Das,AFSM-003,2026-04-29,Present,0,Generated default Present: no absent/halfday mark,bc8427c0-3c6d-51a1-9c77-e6fdb56eccc9
Mayank Das,AFSM-003,2026-04-30,Present,0,Generated default Present: no absent/halfday mark,0beaba31-96a1-5f9b-be81-05c4e8f5e7ab
Mayank Das,AFSM-003,2026-05-01,Present,0,Generated default Present: no absent/halfday mark,bed2ad7c-390e-58a3-9be9-aef473218702
Mayank Das,AFSM-003,2026-05-02,Present,0,Generated default Present: no absent/halfday mark,831f1c12-9e34-5b50-97cd-fda655a0466a
Mayank Das,AFSM-003,2026-05-03,Present,0,Generated default Present: no absent/halfday mark,76479fa7-9909-5664-8eab-1eb276c38354
Mayank Das,AFSM-003,2026-05-04,Absent,1,Excel import: Absent,9bc560f9-a44a-5f41-92b1-0ff4768e9aec
Mayank Das,AFSM-003,2026-05-05,Present,0,Generated default Present: no absent/halfday mark,54b4e91a-9056-587c-a1d0-c52156d82905
Mayank Das,AFSM-003,2026-05-06,Absent,1,Excel import: Absent,231cb6ce-df3c-5dd8-a4ed-79b357ef2315
Mayank Das,AFSM-003,2026-05-07,Present,0,Generated default Present: no absent/halfday mark,0f07c72e-c4dc-5430-a045-641e5e446621
Mayank Das,AFSM-003,2026-05-08,Present,0,Generated default Present: no absent/halfday mark,5207fd65-6f3f-5778-b801-daaff7ff985c
Mayank Das,AFSM-003,2026-05-09,Present,0,Generated default Present: no absent/halfday mark,7953b1a7-9bcb-55bd-af63-b5a799d99a5b
Mayank Das,AFSM-003,2026-05-10,Present,0,Generated default Present: no absent/halfday mark,3bc3c2dd-1950-51f9-9cca-c5b60c343369
Mayank Das,AFSM-003,2026-05-11,Present,0,Generated default Present: no absent/halfday mark,f8eacf4e-1742-54f3-9c96-0c7d98ead4df
Mayank Das,AFSM-003,2026-05-12,Present,0,Generated default Present: no absent/halfday mark,e071f74d-b705-5032-8700-78b47052c87a
Mayank Das,AFSM-003,2026-05-13,Present,0,Generated default Present: no absent/halfday mark,1146e233-0c80-576f-abe2-1e9851d4333f
Mayank Das,AFSM-003,2026-05-14,Absent,1,Excel import: Absent,fdae74e4-898e-5724-9b84-adcaf8ad5fd6
Mayank Das,AFSM-003,2026-05-15,Present,0,Generated default Present: no absent/halfday mark,c9bc39f1-c655-5ce6-8ba3-eb494114d3ea
Mayank Das,AFSM-003,2026-05-16,Present,0,Generated default Present: no absent/halfday mark,fa660822-0a31-524f-925e-f53a2c7a1f0a
Mayank Das,AFSM-003,2026-05-17,Present,0,Generated default Present: no absent/halfday mark,b511f101-6cc0-5504-b986-40af773c9f37
Mayank Das,AFSM-003,2026-05-18,Present,0,Generated default Present: no absent/halfday mark,accba3b1-66f7-5c42-a7f5-1fb3df47676f
Mayank Das,AFSM-003,2026-05-19,Present,0,Generated default Present: no absent/halfday mark,5505577b-a903-5ae7-91d2-76f19b40bcde
Mayank Das,AFSM-003,2026-05-20,Absent,1,Excel import: Absent,e38f10fa-33b3-501e-b3eb-b12253d6376f
Mayank Das,AFSM-003,2026-05-21,Present,0,Generated default Present: no absent/halfday mark,6befc9d4-d3ff-5e78-8926-dbbaf89b4679
Mayank Das,AFSM-003,2026-05-22,Present,0,Generated default Present: no absent/halfday mark,9fe61b9f-2f30-56f8-91e2-745dfc48cde3
Mayank Das,AFSM-003,2026-05-23,Present,0,Generated default Present: no absent/halfday mark,d81a6ecc-2cd5-538b-bee4-f6e1653ae7dd
Mayank Das,AFSM-003,2026-05-24,Present,0,Generated default Present: no absent/halfday mark,6cb658d6-4622-5603-8a31-d47d121e1f19
Mayank Das,AFSM-003,2026-05-25,Present,0,Generated default Present: no absent/halfday mark,b92e0aad-547d-566b-8d22-2b985ece3bab
Mayank Das,AFSM-003,2026-05-26,Present,0,Generated default Present: no absent/halfday mark,e6ed63ce-eb3a-5449-9885-ea0afd5950e0
Mayank Das,AFSM-003,2026-05-27,Present,0,Generated default Present: no absent/halfday mark,e4d2e9ce-6cbd-5b48-a59e-3157d84bd1df
Mayank Das,AFSM-003,2026-05-28,Present,0,Generated default Present: no absent/halfday mark,bd7c46f9-b3c6-551e-8a80-6297f158c117
Mayank Das,AFSM-003,2026-05-29,Present,0,Generated default Present: no absent/halfday mark,d5402f75-6c11-52c1-a12f-b7f589b2e045
Mayank Das,AFSM-003,2026-05-30,Present,0,Generated default Present: no absent/halfday mark,b4e1620d-a186-548c-8747-d9ef68c67ff9
Mayank Das,AFSM-003,2026-05-31,Present,0,Generated default Present: no absent/halfday mark,58718912-91a7-5686-a088-a38d18a9725c
Mayank Das,AFSM-003,2026-06-01,Present,0,Generated default Present: no absent/halfday mark,2c2c0d71-c7e7-5a8a-ae3b-b30a3190cc6e
Mayank Das,AFSM-003,2026-06-02,Present,0,Generated default Present: no absent/halfday mark,781d35ea-40e6-5a8c-a1a9-4af5f2c78f20
Mayank Das,AFSM-003,2026-06-03,Absent,1,Excel import: Absent,25e4ac7a-c1ab-5a5a-a03d-d554a66d02dc
Mayank Das,AFSM-003,2026-06-04,Present,0,Generated default Present: no absent/halfday mark,facaf735-4cbd-564c-86e8-0fe85c77f72a
Mayank Das,AFSM-003,2026-06-05,Present,0,Generated default Present: no absent/halfday mark,141e9766-865e-5d3e-8616-ef7460469f1a
Mayank Das,AFSM-003,2026-06-06,Present,0,Generated default Present: no absent/halfday mark,e50726d5-21e8-5ac8-ae9a-1faabddb6232
Mayank Das,AFSM-003,2026-06-07,Present,0,Generated default Present: no absent/halfday mark,9b13a245-a45d-5a48-9279-2a304a52b8a3
Mayank Das,AFSM-003,2026-06-08,Present,0,Generated default Present: no absent/halfday mark,9230a14b-f0c8-5f90-982d-d04d87c14824
Mayank Das,AFSM-003,2026-06-09,Present,0,Generated default Present: no absent/halfday mark,64953e87-4480-5d65-a183-29bc961a843b
Mayank Das,AFSM-003,2026-06-10,Present,0,Generated default Present: no absent/halfday mark,04532c2a-e9e4-5957-9a2c-d93a39527a60
Mayank Das,AFSM-003,2026-06-11,Absent,1,Excel import: Absent,badb9e79-8fb4-54db-ad67-c008e46d7fea
Mayank Das,AFSM-003,2026-06-12,Present,0,Generated default Present: no absent/halfday mark,4838d6e7-6e79-517f-87b7-d4fb8beb54d6
Mayank Das,AFSM-003,2026-06-13,Present,0,Generated default Present: no absent/halfday mark,0d438585-575c-5243-b510-070578f587b2
Mayank Das,AFSM-003,2026-06-14,Present,0,Generated default Present: no absent/halfday mark,83285c05-42e5-5147-bab6-3a4ebe1c9131
Mayank Das,AFSM-003,2026-06-15,Present,0,Generated default Present: no absent/halfday mark,412cdb51-5d73-531f-b00c-94a949825d5c
Mayank Das,AFSM-003,2026-06-16,Present,0,Generated default Present: no absent/halfday mark,1f913f36-332d-5d00-90ed-19cca880591e
Mayank Das,AFSM-003,2026-06-17,Present,0,Generated default Present: no absent/halfday mark,3e0753cb-758d-5754-8f0f-afda0fb6132a
Mayank Das,AFSM-003,2026-06-18,Present,0,Generated default Present: no absent/halfday mark,2b0f16da-835c-582c-a045-3337a7d34af0
Mayank Das,AFSM-003,2026-06-19,Present,0,Generated default Present: no absent/halfday mark,750ab715-5556-59f4-b8bb-b788c6880b05
Mayank Das,AFSM-003,2026-06-20,Present,0,Generated default Present: no absent/halfday mark,7893a368-5579-5d41-85b1-2bfa5774b3e8
Mayank Das,AFSM-003,2026-06-21,Present,0,Generated default Present: no absent/halfday mark,7bcd88a5-32b0-5cba-9a91-dcc526f0efba
Mayank Das,AFSM-003,2026-06-22,Present,0,Generated default Present: no absent/halfday mark,469c31c9-b863-5007-83aa-cd624e9590c9
Mayank Das,AFSM-003,2026-06-23,Present,0,Generated default Present: no absent/halfday mark,66bfefca-dcfb-5efd-b21f-38e05ea404e3
Suman Kumari,AFSM-004,2025-06-01,Present,0,Generated default Present: no absent/halfday mark,3714b450-7193-5977-8dde-6fe4ed01b85e
Suman Kumari,AFSM-004,2025-06-02,Present,0,Generated default Present: no absent/halfday mark,653c8120-a2c9-5668-accb-26aa4242e029
Suman Kumari,AFSM-004,2025-06-03,Absent,1,Excel import: Absent,03458d91-e281-594e-970a-16c7c68ed012
Suman Kumari,AFSM-004,2025-06-04,Absent,1,Excel import: Absent,9ff45d08-7605-5d78-9c94-50c50a0c8c39
Suman Kumari,AFSM-004,2025-06-05,Present,0,Generated default Present: no absent/halfday mark,c503a771-77f2-5055-a6cd-5d44ca9feb37
Suman Kumari,AFSM-004,2025-06-06,Present,0,Generated default Present: no absent/halfday mark,968057fa-23a5-501b-aa23-b0635922a242
Suman Kumari,AFSM-004,2025-06-07,Present,0,Generated default Present: no absent/halfday mark,a9bc27aa-9474-59df-a913-6810dcbd68ab
Suman Kumari,AFSM-004,2025-06-08,Present,0,Generated default Present: no absent/halfday mark,bd3658db-6e0a-5927-8c53-dce4ec2f2799
Suman Kumari,AFSM-004,2025-06-09,HalfDay,2,Excel import: HalfDay,5c34f835-c8d5-5114-8b59-0291828f223d
Suman Kumari,AFSM-004,2025-06-10,HalfDay,2,Excel import: HalfDay,6194c6cb-481a-5fb1-987e-68c0706ae3e2
Suman Kumari,AFSM-004,2025-06-11,Absent,1,Excel import: Absent,760c4d73-2ff3-5da6-965b-5490086106ab
Suman Kumari,AFSM-004,2025-06-12,Absent,1,Excel import: Absent,715f7196-8846-5af9-b9ab-52f5c32ac8e3
Suman Kumari,AFSM-004,2025-06-13,Absent,1,Excel import: Absent,bb850912-4a6b-5885-a83f-2f415522932b
Suman Kumari,AFSM-004,2025-06-14,Present,0,Generated default Present: no absent/halfday mark,54d32709-18c4-53aa-89a2-4ac0d927e839
Suman Kumari,AFSM-004,2025-06-15,Present,0,Generated default Present: no absent/halfday mark,d5a955ba-e3f7-5cd0-93d7-d9a542ad62f3
Suman Kumari,AFSM-004,2025-06-16,Absent,1,Excel import: Absent,4c18869a-1047-5cae-9e10-00e866d9fa90
Suman Kumari,AFSM-004,2025-06-17,Present,0,Generated default Present: no absent/halfday mark,c6cf6594-3dee-529e-a563-833ffba8f4e0
Suman Kumari,AFSM-004,2025-06-18,Absent,1,Excel import: Absent,fb26c09d-dcf1-542b-b6c8-1cc1a538ca51
Suman Kumari,AFSM-004,2025-06-19,Absent,1,Excel import: Absent,a516d0c7-9e65-5cc1-b675-1d4a2b04133f
Suman Kumari,AFSM-004,2025-06-20,Present,0,Generated default Present: no absent/halfday mark,2257cf79-f8c7-5245-9c94-05e261fdeb4f
Suman Kumari,AFSM-004,2025-06-21,Absent,1,Excel import: Absent,2a678e6c-d090-53c8-9ed0-f7c150b3bbcf
Suman Kumari,AFSM-004,2025-06-22,Present,0,Generated default Present: no absent/halfday mark,5ea2f1b2-0684-599b-9d57-dbab1a854a88
Suman Kumari,AFSM-004,2025-06-23,Present,0,Generated default Present: no absent/halfday mark,62c55c3f-4510-5250-a718-40a09b910f78
Suman Kumari,AFSM-004,2025-06-24,Present,0,Generated default Present: no absent/halfday mark,a15fe97d-ce69-5ba3-8c79-e3219c2b6751
Suman Kumari,AFSM-004,2025-06-25,Absent,1,Excel import: Absent,466dadbf-809a-5e89-9edd-3f9095db4aca
Sarbin Parveen,AFSM-005,2024-09-24,Present,0,Generated default Present: no absent/halfday mark,4f535562-eaf6-52db-887c-360df1aadbcd
Sarbin Parveen,AFSM-005,2024-09-25,Present,0,Generated default Present: no absent/halfday mark,2b76eb15-6e03-5e70-af42-04b18aa86462
Sarbin Parveen,AFSM-005,2024-09-26,Present,0,Generated default Present: no absent/halfday mark,889e045c-cbf2-5459-82d9-6a46fe0f7257
Sarbin Parveen,AFSM-005,2024-09-27,Present,0,Generated default Present: no absent/halfday mark,78068cdb-285d-5b26-82f8-79481df3a777
Sarbin Parveen,AFSM-005,2024-09-28,Present,0,Generated default Present: no absent/halfday mark,e979f60c-208e-527d-96ee-fc053c756900
Sarbin Parveen,AFSM-005,2024-09-29,Present,0,Generated default Present: no absent/halfday mark,f6d60c20-c848-5d1e-b384-a7d0ef967406
Sarbin Parveen,AFSM-005,2024-09-30,Present,0,Generated default Present: no absent/halfday mark,cf159212-f793-5a79-9f0a-2f5bb960c2c4
Sarbin Parveen,AFSM-005,2024-10-01,Present,0,Generated default Present: no absent/halfday mark,e7ef5766-4b3e-5163-8058-f7a1d3750a40
Sarbin Parveen,AFSM-005,2024-10-02,Present,0,Generated default Present: no absent/halfday mark,8c57040c-fed2-5b5c-bfe0-fc464503b104
Sarbin Parveen,AFSM-005,2024-10-03,Present,0,Generated default Present: no absent/halfday mark,aef263e1-1b4f-50de-a8bf-6ecae38642e9
Sarbin Parveen,AFSM-005,2024-10-04,Present,0,Generated default Present: no absent/halfday mark,a40dbe96-733b-5d5f-aa68-810d59e4ab81
Sarbin Parveen,AFSM-005,2024-10-05,Present,0,Generated default Present: no absent/halfday mark,fe0e4d6c-4849-5b7c-bd15-54225437c5c5
Sarbin Parveen,AFSM-005,2024-10-06,Present,0,Generated default Present: no absent/halfday mark,ebc21cfd-1926-5d4d-b6a4-3130d0303fc3
Sarbin Parveen,AFSM-005,2024-10-07,Present,0,Generated default Present: no absent/halfday mark,09751861-2b82-59fd-988c-90e94154cdf9
Sarbin Parveen,AFSM-005,2024-10-08,Present,0,Generated default Present: no absent/halfday mark,3591e026-9f68-5689-bb8f-347fd0bd560b
Sarbin Parveen,AFSM-005,2024-10-09,Present,0,Generated default Present: no absent/halfday mark,27d4147f-9f85-5f9f-9e57-411747e11ac7
Sarbin Parveen,AFSM-005,2024-10-10,Present,0,Generated default Present: no absent/halfday mark,71fc931f-8834-5ca4-a0f2-bfa7d6918695
Sarbin Parveen,AFSM-005,2024-10-11,Present,0,Generated default Present: no absent/halfday mark,e981a4ff-14db-55bf-964f-0202a631491e
Sarbin Parveen,AFSM-005,2024-10-12,Present,0,Generated default Present: no absent/halfday mark,cb99fbbe-87b3-545c-9456-ad74d460c85c
Sarbin Parveen,AFSM-005,2024-10-13,Present,0,Generated default Present: no absent/halfday mark,234bf9fa-6bbf-562f-80cf-c70ba1a1ad5c
Sarbin Parveen,AFSM-005,2024-10-14,Present,0,Generated default Present: no absent/halfday mark,75c59263-972b-5479-9e35-f0f515e7829a
Megha Kumari,AFSM-006,2024-04-01,Present,0,Generated default Present: no absent/halfday mark,f7d19e26-70f7-5924-b47b-ef40631f3096
Megha Kumari,AFSM-006,2024-04-02,Present,0,Generated default Present: no absent/halfday mark,822cae08-24f9-5989-a735-23951470394a
Megha Kumari,AFSM-006,2024-04-03,Present,0,Generated default Present: no absent/halfday mark,4a219a31-c25e-5e6f-baf3-bbe3deddd927
Megha Kumari,AFSM-006,2024-04-04,Present,0,Generated default Present: no absent/halfday mark,5d19d7a8-eae1-5e0f-b58f-0614f4a95939
Megha Kumari,AFSM-006,2024-04-05,Present,0,Generated default Present: no absent/halfday mark,bf9441d1-4991-5e66-813e-4c741f025742
Megha Kumari,AFSM-006,2024-04-06,Present,0,Generated default Present: no absent/halfday mark,82c164c9-fc11-529b-99d9-11c034640088
Megha Kumari,AFSM-006,2024-04-07,Present,0,Generated default Present: no absent/halfday mark,12d95f02-d519-5796-b234-84a93104c8d1
Megha Kumari,AFSM-006,2024-04-08,Present,0,Generated default Present: no absent/halfday mark,58c7a522-ac1c-5b9f-ae13-ea5952b93725
Megha Kumari,AFSM-006,2024-04-09,Present,0,Generated default Present: no absent/halfday mark,96261b98-7c82-5c69-8d45-da5fcf2a9794
Megha Kumari,AFSM-006,2024-04-10,Present,0,Generated default Present: no absent/halfday mark,5c82ff0d-194f-5f1c-be3a-802508c88b2d
Megha Kumari,AFSM-006,2024-04-11,Present,0,Generated default Present: no absent/halfday mark,d6de9d9b-527e-5ea2-9ac2-6d5016e51020
Megha Kumari,AFSM-006,2024-04-12,Present,0,Generated default Present: no absent/halfday mark,9bc5dce8-2bf6-5c9d-951c-0e62f4e25bf9
Megha Kumari,AFSM-006,2024-04-13,Present,0,Generated default Present: no absent/halfday mark,6f38b694-50d7-58a8-ae7f-2230a86f51f1
Megha Kumari,AFSM-006,2024-04-14,Present,0,Generated default Present: no absent/halfday mark,790be962-1c77-5590-992c-0adb25cd634b
Megha Kumari,AFSM-006,2024-04-15,Present,0,Generated default Present: no absent/halfday mark,57d2e94f-cbd0-527a-8214-28bc8df3dee8
Megha Kumari,AFSM-006,2024-04-16,Present,0,Generated default Present: no absent/halfday mark,b2af0c56-1270-563b-845c-17d90b9def51
Megha Kumari,AFSM-006,2024-04-17,Present,0,Generated default Present: no absent/halfday mark,74f2b2ee-25c0-59b5-b3bf-cd30c73f5794
Megha Kumari,AFSM-006,2024-04-18,Present,0,Generated default Present: no absent/halfday mark,902fb4d2-bfaf-5fe6-8660-215e464aeb10
Megha Kumari,AFSM-006,2024-04-19,Present,0,Generated default Present: no absent/halfday mark,4beefaeb-ca53-5403-b9f2-a0a570564604
Megha Kumari,AFSM-006,2024-04-20,Present,0,Generated default Present: no absent/halfday mark,ed24ac91-71b2-522c-9856-be17e9c7f372
Megha Kumari,AFSM-006,2024-04-21,Present,0,Generated default Present: no absent/halfday mark,d42654b1-41fc-58c0-80b0-cfd42eeaba23
Megha Kumari,AFSM-006,2024-04-22,Present,0,Generated default Present: no absent/halfday mark,13fb8ba9-e6d1-58b8-9722-3ac3bb2bde85
Megha Kumari,AFSM-006,2024-04-23,Present,0,Generated default Present: no absent/halfday mark,acccf3e7-de18-5650-9e88-c2abfb1bd630
Megha Kumari,AFSM-006,2024-04-24,Present,0,Generated default Present: no absent/halfday mark,d4b520c1-398c-55d2-8b39-e7b5fa1ee143
Megha Kumari,AFSM-006,2024-04-25,Present,0,Generated default Present: no absent/halfday mark,8e49d86e-c69e-58f5-9df7-55c3a04a9beb
Megha Kumari,AFSM-006,2024-04-26,Present,0,Generated default Present: no absent/halfday mark,707ba30f-548d-567a-ae05-2f0a364fdad9
Megha Kumari,AFSM-006,2024-04-27,Present,0,Generated default Present: no absent/halfday mark,a3547785-db38-51ae-89ce-49a0bdcd93f2
Megha Kumari,AFSM-006,2024-04-28,Present,0,Generated default Present: no absent/halfday mark,89f8d088-344a-5bb7-9269-b451fd8da0b6
Megha Kumari,AFSM-006,2024-04-29,Present,0,Generated default Present: no absent/halfday mark,788333c8-a825-5296-a846-afc65d27b806
Megha Kumari,AFSM-006,2024-04-30,Present,0,Generated default Present: no absent/halfday mark,640a04c9-46a4-57cb-bb06-706d901279b5
Megha Kumari,AFSM-006,2024-05-01,Present,0,Generated default Present: no absent/halfday mark,5a12d718-8196-5dd1-a8f3-60a201c6f02e
Megha Kumari,AFSM-006,2024-05-02,Present,0,Generated default Present: no absent/halfday mark,33a75017-40c4-577a-8b6d-d2e3b1b29091
Megha Kumari,AFSM-006,2024-05-03,Present,0,Generated default Present: no absent/halfday mark,8e6f24bd-dcea-5d2d-b390-abadef73a06a
Megha Kumari,AFSM-006,2024-05-04,Present,0,Generated default Present: no absent/halfday mark,13b56633-452e-5487-a6c2-33931638f0ff
Megha Kumari,AFSM-006,2024-05-05,Present,0,Generated default Present: no absent/halfday mark,adebe18a-f9f4-5d6b-bb28-a393746ce52f
Megha Kumari,AFSM-006,2024-05-06,Present,0,Generated default Present: no absent/halfday mark,9bd37b4b-b7c1-5a40-84a0-a8b3d29864e1
Megha Kumari,AFSM-006,2024-05-07,Present,0,Generated default Present: no absent/halfday mark,0d2bbc45-5ad8-5541-b10b-1313f4fc0f88
Megha Kumari,AFSM-006,2024-05-08,Present,0,Generated default Present: no absent/halfday mark,c8fc9e05-7f55-5a51-b8d7-0918ccb10d24
Megha Kumari,AFSM-006,2024-05-09,Present,0,Generated default Present: no absent/halfday mark,4a668724-16ee-5cdc-8eb8-372f99826e1f
Megha Kumari,AFSM-006,2024-05-10,Present,0,Generated default Present: no absent/halfday mark,a1e2a60c-9c8d-5361-ad0c-b3b55650e1bc
Megha Kumari,AFSM-006,2024-05-11,Present,0,Generated default Present: no absent/halfday mark,f42f08b4-cbc6-54cc-aee0-288baeb1e6ea
Megha Kumari,AFSM-006,2024-05-12,Present,0,Generated default Present: no absent/halfday mark,5aa8b9e4-c9cb-51ce-ae4e-5c6938bbd14d
Megha Kumari,AFSM-006,2024-05-13,Present,0,Generated default Present: no absent/halfday mark,f71022ee-3b45-51dc-8096-129e64dca139
Megha Kumari,AFSM-006,2024-05-14,Present,0,Generated default Present: no absent/halfday mark,fae9eb55-58e2-55cd-800e-746ce2760cf6
Megha Kumari,AFSM-006,2024-05-15,Present,0,Generated default Present: no absent/halfday mark,81414340-c165-5898-8a85-64ef0da771be
Megha Kumari,AFSM-006,2024-05-16,Present,0,Generated default Present: no absent/halfday mark,01434fbe-caa3-57c3-8b53-e4f1cc5be232
Megha Kumari,AFSM-006,2024-05-17,Present,0,Generated default Present: no absent/halfday mark,8d084b23-71e1-575c-bd70-6f874e9160dc
Megha Kumari,AFSM-006,2024-05-18,Present,0,Generated default Present: no absent/halfday mark,8dac08d7-e4ec-5050-94a5-4055be1bdf63
Megha Kumari,AFSM-006,2024-05-19,Present,0,Generated default Present: no absent/halfday mark,6bdc2eef-1223-539a-a264-ae2e2f4e4888
Megha Kumari,AFSM-006,2024-05-20,Present,0,Generated default Present: no absent/halfday mark,0032ccf7-c477-51d3-983a-60678dbac29f
Megha Kumari,AFSM-006,2024-05-21,Present,0,Generated default Present: no absent/halfday mark,c9be0ce3-2b97-5c1f-bbbb-250025a8077c
Megha Kumari,AFSM-006,2024-05-22,Present,0,Generated default Present: no absent/halfday mark,f312f0e8-e15e-5e5f-a6b9-f2d80873193c
Megha Kumari,AFSM-006,2024-05-23,Present,0,Generated default Present: no absent/halfday mark,89cef522-7a51-5e2e-831a-79a8a442acac
Megha Kumari,AFSM-006,2024-05-24,Present,0,Generated default Present: no absent/halfday mark,1120f2c2-745f-54b3-beec-21e8158a681b
Megha Kumari,AFSM-006,2024-05-25,Present,0,Generated default Present: no absent/halfday mark,09232dc0-b076-5f78-a989-ccf9ef84429e
Megha Kumari,AFSM-006,2024-05-26,Present,0,Generated default Present: no absent/halfday mark,3c1a171f-a9aa-536e-8f34-64a858b5138c
Megha Kumari,AFSM-006,2024-05-27,Present,0,Generated default Present: no absent/halfday mark,ba0399d2-dd3d-5c15-b809-2a42b9dd9052
Megha Kumari,AFSM-006,2024-05-28,Present,0,Generated default Present: no absent/halfday mark,d37c48a2-64a1-5003-a69d-c034d890fa96
Megha Kumari,AFSM-006,2024-05-29,Present,0,Generated default Present: no absent/halfday mark,9bff253c-5269-5fb2-bd9a-92feb2b0e4e2
Megha Kumari,AFSM-006,2024-05-30,Present,0,Generated default Present: no absent/halfday mark,acaeecea-1a06-52fd-bb53-1c4059fc68cf
Megha Kumari,AFSM-006,2024-05-31,Present,0,Generated default Present: no absent/halfday mark,3789c9ff-44af-5084-9421-eea1c66727cf
Megha Kumari,AFSM-006,2024-06-01,Present,0,Generated default Present: no absent/halfday mark,5118e297-55f7-5a8a-97c5-b91659f1d5a9
Megha Kumari,AFSM-006,2024-06-02,Present,0,Generated default Present: no absent/halfday mark,f253998e-75bf-5b88-a924-f6b5bfa3359b
Megha Kumari,AFSM-006,2024-06-03,Present,0,Generated default Present: no absent/halfday mark,4128a775-84b3-50b4-86b4-b115c71d8cfb
Megha Kumari,AFSM-006,2024-06-04,Present,0,Generated default Present: no absent/halfday mark,944a9601-44af-55c6-b7a0-652a26fdb0b9
Megha Kumari,AFSM-006,2024-06-05,Present,0,Generated default Present: no absent/halfday mark,c76ffb40-6f8b-517b-bd46-89997ca46634
Megha Kumari,AFSM-006,2024-06-06,Present,0,Generated default Present: no absent/halfday mark,0329edbb-0e8b-5f44-8438-d557324f4ec7
Megha Kumari,AFSM-006,2024-06-07,Present,0,Generated default Present: no absent/halfday mark,db175189-43da-5a66-943d-dd0b38e5e836
Megha Kumari,AFSM-006,2024-06-08,Absent,1,Excel import: Absent,6e075ca4-5c81-5390-8371-b61e3087d2c6
Megha Kumari,AFSM-006,2024-06-09,Present,0,Generated default Present: no absent/halfday mark,8a9fb045-5b59-5715-8d0a-51d7a67ad4c8
Megha Kumari,AFSM-006,2024-06-10,Present,0,Generated default Present: no absent/halfday mark,9f95e414-dc6e-516d-921c-b4e72970eaa7
Megha Kumari,AFSM-006,2024-06-11,Present,0,Generated default Present: no absent/halfday mark,1291e4ad-efe8-51e2-b5b5-a4468679fdee
Megha Kumari,AFSM-006,2024-06-12,Present,0,Generated default Present: no absent/halfday mark,6deeda48-82dd-589f-a198-065b7fd0da89
Megha Kumari,AFSM-006,2024-06-13,Present,0,Generated default Present: no absent/halfday mark,dfa8d93b-b1fb-5494-bd11-b03de8dc620a
Megha Kumari,AFSM-006,2024-06-14,Present,0,Generated default Present: no absent/halfday mark,0bd0ea93-8c45-51dc-8209-190508f26ee3
Megha Kumari,AFSM-006,2024-06-15,Absent,1,Excel import: Absent,5848b3ba-b471-5213-8cd7-27e9915b3bdc
Megha Kumari,AFSM-006,2024-06-16,Present,0,Generated default Present: no absent/halfday mark,d04528ec-1a0a-5d68-89c8-c1ba41036ef6
Megha Kumari,AFSM-006,2024-06-17,Present,0,Generated default Present: no absent/halfday mark,b4145734-88d9-532a-94d3-b4b3a8fe4193
Megha Kumari,AFSM-006,2024-06-18,Present,0,Generated default Present: no absent/halfday mark,e1a8dc13-2fda-5ccf-bb0c-375efa5338c5
Megha Kumari,AFSM-006,2024-06-19,Present,0,Generated default Present: no absent/halfday mark,53d3d93e-59b5-5207-9875-8d368d5feecf
Megha Kumari,AFSM-006,2024-06-20,Present,0,Generated default Present: no absent/halfday mark,8f5c98e3-9be3-5be7-a6c7-c63f48bf5a82
Megha Kumari,AFSM-006,2024-06-21,Present,0,Generated default Present: no absent/halfday mark,f2f8baf4-e9ff-567c-ae5c-9f0ff189157d
Megha Kumari,AFSM-006,2024-06-22,Absent,1,Excel import: Absent,fc44fb82-f371-55b3-aa85-6f79834d809c
Megha Kumari,AFSM-006,2024-06-23,Present,0,Generated default Present: no absent/halfday mark,276a47ee-ccfe-5eca-9e30-c9fe4077cbec
Megha Kumari,AFSM-006,2024-06-24,Absent,1,Excel import: Absent,6650a594-f95e-5d8a-8286-b13a0d199087
Megha Kumari,AFSM-006,2024-06-25,Present,0,Generated default Present: no absent/halfday mark,ede38f74-fd9d-5b58-b936-dd9d6f1ae50b
Megha Kumari,AFSM-006,2024-06-26,Present,0,Generated default Present: no absent/halfday mark,5f6f89dc-54d9-500a-b00d-7b0aa776220d
Megha Kumari,AFSM-006,2024-06-27,Present,0,Generated default Present: no absent/halfday mark,e649e9b5-5506-5461-882b-46b50e408c03
Megha Kumari,AFSM-006,2024-06-28,Present,0,Generated default Present: no absent/halfday mark,f14a1a63-95ab-5b46-a8c3-5ec7e247b177
Megha Kumari,AFSM-006,2024-06-29,Present,0,Generated default Present: no absent/halfday mark,fc3d2352-6662-563a-8010-08698b66f502
Megha Kumari,AFSM-006,2024-06-30,Present,0,Generated default Present: no absent/halfday mark,25ef52a4-4264-511f-b3fa-21e615889e00
Megha Kumari,AFSM-006,2024-07-01,Absent,1,Excel import: Absent,4098a983-314e-5245-9105-a4943ef22bbf
Megha Kumari,AFSM-006,2024-07-02,Absent,1,Excel import: Absent,2bead64c-db45-523a-b318-0cbd6757b2f9
Megha Kumari,AFSM-006,2024-07-03,Present,0,Generated default Present: no absent/halfday mark,e9a7579d-e526-598a-a6d6-99f581cbada4
Megha Kumari,AFSM-006,2024-07-04,Present,0,Generated default Present: no absent/halfday mark,43d50362-edb3-5840-8fe8-217d7ccb3d5f
Megha Kumari,AFSM-006,2024-07-05,Present,0,Generated default Present: no absent/halfday mark,c49eb2f6-9355-5436-84f8-7e9de4a6bb75
Megha Kumari,AFSM-006,2024-07-06,Present,0,Generated default Present: no absent/halfday mark,598e9a23-0ecb-50a8-bfc5-9329e219f291
Megha Kumari,AFSM-006,2024-07-07,Present,0,Generated default Present: no absent/halfday mark,9c09353a-3d49-5959-8bd6-d698373004ad
Megha Kumari,AFSM-006,2024-07-08,Present,0,Generated default Present: no absent/halfday mark,5b2ee70f-30b6-5db8-8c8d-e3b5425d7fe2
Megha Kumari,AFSM-006,2024-07-09,Present,0,Generated default Present: no absent/halfday mark,ab41ac00-a62a-5071-8e26-e215e29e3bac
Megha Kumari,AFSM-006,2024-07-10,Absent,1,Excel import: Absent,00fb34e7-66d2-5f20-a5c4-0737f228399a
Megha Kumari,AFSM-006,2024-07-11,Absent,1,Excel import: Absent,21741a4f-aa23-5f42-9b40-2638538234d9
Megha Kumari,AFSM-006,2024-07-12,Present,0,Generated default Present: no absent/halfday mark,f4a5ee7e-d034-529b-a03e-8353fbbdd5b7
Megha Kumari,AFSM-006,2024-07-13,Present,0,Generated default Present: no absent/halfday mark,038988b6-bfca-5ab0-bbed-790b0ccc80b1
Megha Kumari,AFSM-006,2024-07-14,Present,0,Generated default Present: no absent/halfday mark,fec1e28f-c930-5f0c-a2d1-275eeebf7758
Megha Kumari,AFSM-006,2024-07-15,Present,0,Generated default Present: no absent/halfday mark,71198606-1da7-5d90-b0c1-e45863039aea
Megha Kumari,AFSM-006,2024-07-16,Absent,1,Excel import: Absent,9b4c78da-2f92-5911-a589-f2232e9b1ec8
Megha Kumari,AFSM-006,2024-07-17,Present,0,Generated default Present: no absent/halfday mark,ea610e78-d181-5649-86ed-8d19856a02d2
Megha Kumari,AFSM-006,2024-07-18,Present,0,Generated default Present: no absent/halfday mark,f492f4ba-de2a-5fb3-9098-b265ea0ccd34
Megha Kumari,AFSM-006,2024-07-19,Present,0,Generated default Present: no absent/halfday mark,261c9065-b006-5992-8ae5-a3e03878567b
Megha Kumari,AFSM-006,2024-07-20,Present,0,Generated default Present: no absent/halfday mark,ac827731-225f-5aa8-ad45-bf7c6838694f
Megha Kumari,AFSM-006,2024-07-21,Present,0,Generated default Present: no absent/halfday mark,c2d7577c-7bc5-504b-adcb-b05cfbf8c7fc
Megha Kumari,AFSM-006,2024-07-22,Present,0,Generated default Present: no absent/halfday mark,e3091618-2ec9-5a34-aeac-f8ca052182a3
Megha Kumari,AFSM-006,2024-07-23,Present,0,Generated default Present: no absent/halfday mark,b833c1e0-79a7-572f-944d-3c9e3af5ff11
Megha Kumari,AFSM-006,2024-07-24,Present,0,Generated default Present: no absent/halfday mark,3c8dd9d5-aa83-5534-86cc-4eafbca186ca
Megha Kumari,AFSM-006,2024-07-25,Present,0,Generated default Present: no absent/halfday mark,8cd16f43-f75a-5826-a15c-6f63819991ce
Megha Kumari,AFSM-006,2024-07-26,Present,0,Generated default Present: no absent/halfday mark,cb0acd4f-de5d-5b34-a319-bc33d4c1af3f
Megha Kumari,AFSM-006,2024-07-27,Present,0,Generated default Present: no absent/halfday mark,7a71dca3-cf90-5435-9d1c-735753e8232a
Megha Kumari,AFSM-006,2024-07-28,Present,0,Generated default Present: no absent/halfday mark,5a7f9e5a-c5a2-56fb-9b40-4360cb494da1
Megha Kumari,AFSM-006,2024-07-29,Absent,1,Excel import: Absent,8135e1c3-0ce8-5edb-8b60-c91d8136890b
Megha Kumari,AFSM-006,2024-07-30,Present,0,Generated default Present: no absent/halfday mark,bd76c7ce-4d99-5b23-a472-ba59258a7c4a
Megha Kumari,AFSM-006,2024-07-31,Present,0,Generated default Present: no absent/halfday mark,2e287eaa-9fa0-599e-8427-cb5df80cbed3
Megha Kumari,AFSM-006,2024-08-01,HalfDay,2,Excel import: HalfDay,221d7022-9da4-5222-bb1d-ae6aa9fe50b2
Megha Kumari,AFSM-006,2024-08-02,Present,0,Generated default Present: no absent/halfday mark,3f433c78-d32b-5173-8536-f2eabfec421e
Megha Kumari,AFSM-006,2024-08-03,Present,0,Generated default Present: no absent/halfday mark,04a370bc-1fb0-58fb-8770-3e201db634a9
Megha Kumari,AFSM-006,2024-08-04,Present,0,Generated default Present: no absent/halfday mark,f4649eb2-07d7-5faf-aa43-d6e2edd2b4fa
Megha Kumari,AFSM-006,2024-08-05,Absent,1,Excel import: Absent,904a95e3-214e-5a83-9071-6632dc9cdd8b
Megha Kumari,AFSM-006,2024-08-06,Present,0,Generated default Present: no absent/halfday mark,b34d1ac5-47ed-536d-a546-bb15aa0f5f1a
Megha Kumari,AFSM-006,2024-08-07,Present,0,Generated default Present: no absent/halfday mark,7da5a324-ac4a-53bb-be12-5489668b4154
Megha Kumari,AFSM-006,2024-08-08,Present,0,Generated default Present: no absent/halfday mark,ee92b41d-1d80-5d17-bc59-f9f2d9400eea
Megha Kumari,AFSM-006,2024-08-09,Present,0,Generated default Present: no absent/halfday mark,faebf35b-722e-5af4-88b7-708284760d81
Megha Kumari,AFSM-006,2024-08-10,Present,0,Generated default Present: no absent/halfday mark,b4f5661b-4028-5f2b-98cb-8d135a31a30b
Megha Kumari,AFSM-006,2024-08-11,Present,0,Generated default Present: no absent/halfday mark,2eed6b29-166a-5e99-8de5-813bc6da557f
Megha Kumari,AFSM-006,2024-08-12,Present,0,Generated default Present: no absent/halfday mark,f04890e1-bd1d-589d-af66-62a5d6c7524a
Megha Kumari,AFSM-006,2024-08-13,Present,0,Generated default Present: no absent/halfday mark,02e7f9d9-7200-50f2-935b-e07f235f6b0e
Megha Kumari,AFSM-006,2024-08-14,Present,0,Generated default Present: no absent/halfday mark,704f6dff-1e79-591e-a221-637435ab9a43
Megha Kumari,AFSM-006,2024-08-15,Present,0,Generated default Present: no absent/halfday mark,50698448-1f34-55bf-b179-7da1c928222a
Megha Kumari,AFSM-006,2024-08-16,Present,0,Generated default Present: no absent/halfday mark,655cddc9-8785-5e5b-8fda-af9789dee969
Megha Kumari,AFSM-006,2024-08-17,Present,0,Generated default Present: no absent/halfday mark,5e436213-0b03-5ad5-94cd-220fcea1312a
Megha Kumari,AFSM-006,2024-08-18,Present,0,Generated default Present: no absent/halfday mark,4a0c3be1-62a1-5a92-9861-f033cde959b3
Megha Kumari,AFSM-006,2024-08-19,Present,0,Generated default Present: no absent/halfday mark,d9b8cf19-48c1-5443-a7f2-234eb1672d1e
Megha Kumari,AFSM-006,2024-08-20,Absent,1,Excel import: Absent,dc975113-6e61-5f6c-a530-c1a12ea18d3d
Megha Kumari,AFSM-006,2024-08-21,Absent,1,Excel import: Absent,f9f4ea16-b020-5d8a-8694-8d2000a85f93
Megha Kumari,AFSM-006,2024-08-22,Present,0,Generated default Present: no absent/halfday mark,6f05f4fe-cc06-5996-9c80-6f3cf53349c9
Megha Kumari,AFSM-006,2024-08-23,Present,0,Generated default Present: no absent/halfday mark,6f1c67ff-d6dd-506d-9ba7-ce508b07377c
Megha Kumari,AFSM-006,2024-08-24,Present,0,Generated default Present: no absent/halfday mark,1b591874-0912-568f-a4bb-9d534e055c5d
Megha Kumari,AFSM-006,2024-08-25,Present,0,Generated default Present: no absent/halfday mark,1f8dadc0-3ced-5bc1-b77b-8427aedfa45d
Megha Kumari,AFSM-006,2024-08-26,Present,0,Generated default Present: no absent/halfday mark,22e44505-01ee-5620-bc38-b59574f49637
Megha Kumari,AFSM-006,2024-08-27,Present,0,Generated default Present: no absent/halfday mark,67c6536e-8919-5c9e-b123-346be2e610b2
Megha Kumari,AFSM-006,2024-08-28,Present,0,Generated default Present: no absent/halfday mark,6caf234b-9c9f-5fbe-ab9e-f2d01dd74cd3
Megha Kumari,AFSM-006,2024-08-29,Present,0,Generated default Present: no absent/halfday mark,7de104bf-6270-5d52-9c1d-0a536db16f2b
Megha Kumari,AFSM-006,2024-08-30,Present,0,Generated default Present: no absent/halfday mark,6d04cbe2-2494-5a34-9db2-371207cc751e
Megha Kumari,AFSM-006,2024-08-31,Present,0,Generated default Present: no absent/halfday mark,fd817603-9331-5ae4-a033-fd25da71d8a3
Megha Kumari,AFSM-006,2024-09-01,Present,0,Generated default Present: no absent/halfday mark,47fee1f7-e031-55f6-9e7c-77bba7f2ce4e
Megha Kumari,AFSM-006,2024-09-02,Present,0,Generated default Present: no absent/halfday mark,5ae1acbc-5bdc-501f-bde4-389c8d38c413
Megha Kumari,AFSM-006,2024-09-03,Present,0,Generated default Present: no absent/halfday mark,509efcff-80b1-5f97-b94c-5e8d4df7776c
Megha Kumari,AFSM-006,2024-09-04,Present,0,Generated default Present: no absent/halfday mark,55bc79f6-164b-542f-a2af-3d91fc9c494a
Megha Kumari,AFSM-006,2024-09-05,Absent,1,Excel import: Absent,50da6a5b-0cee-5b3d-9236-a94514b28eef
Megha Kumari,AFSM-006,2024-09-06,Absent,1,Excel import: Absent,cac3de28-f9b1-58fa-a968-73b0f3b63eeb
Megha Kumari,AFSM-006,2024-09-07,Absent,1,Excel import: Absent,3bef5766-5782-5b31-a312-4a07253dbd2f
Megha Kumari,AFSM-006,2024-09-08,Present,0,Generated default Present: no absent/halfday mark,08d0d172-34cd-561c-bb00-9f1c54f994a0
Megha Kumari,AFSM-006,2024-09-09,Absent,1,Excel import: Absent,bdd5ce60-153b-5c5e-8a28-98b97f676efd
Megha Kumari,AFSM-006,2024-09-10,Absent,1,Excel import: Absent,e647c3b9-01a9-55c3-b054-4130a7639069
Megha Kumari,AFSM-006,2024-09-11,Absent,1,Excel import: Absent,b9494ea7-2db4-579f-9a2a-e3f5eadfa320
Megha Kumari,AFSM-006,2024-09-12,Absent,1,Excel import: Absent,57ebddd6-5057-5c04-b656-41b47b8d2bd5
Megha Kumari,AFSM-006,2024-09-13,Absent,1,Excel import: Absent,327e295a-3d17-51db-8a1f-e1d339eaddef
Megha Kumari,AFSM-006,2024-09-14,Absent,1,Excel import: Absent,258c7261-f533-5f71-925e-a9fed27070ef
Megha Kumari,AFSM-006,2024-09-15,Present,0,Generated default Present: no absent/halfday mark,f3a78e6b-eb9b-5997-9802-98dff9372c93
Megha Kumari,AFSM-006,2024-09-16,Present,0,Generated default Present: no absent/halfday mark,0945c740-ac57-5d01-825e-1861c5140f6a
Megha Kumari,AFSM-006,2024-09-17,Present,0,Generated default Present: no absent/halfday mark,c4f6d034-6694-5e49-9a76-c637e7a17e07
Megha Kumari,AFSM-006,2024-09-18,Absent,1,Excel import: Absent,c1e3c61d-3d1b-5347-a509-04dd8df98deb
Megha Kumari,AFSM-006,2024-09-19,Present,0,Generated default Present: no absent/halfday mark,6264940f-b936-5d81-828a-1a3db3011c8d
Megha Kumari,AFSM-006,2024-09-20,Present,0,Generated default Present: no absent/halfday mark,9f56973d-8156-58d3-9786-24cc22abd67a
Megha Kumari,AFSM-006,2024-09-21,Present,0,Generated default Present: no absent/halfday mark,9a5ec82b-11bf-52c6-a5f1-bdb88983e82f
Megha Kumari,AFSM-006,2024-09-22,Present,0,Generated default Present: no absent/halfday mark,3685aff2-5f0a-5d79-9122-65992d378d0d
Megha Kumari,AFSM-006,2024-09-23,Present,0,Generated default Present: no absent/halfday mark,a230e98d-b9ed-58fa-a0a5-2d14c0e5e57d
Megha Kumari,AFSM-006,2024-09-24,Present,0,Generated default Present: no absent/halfday mark,d7ccb2be-61ca-5b2f-b6e4-916c7955f855
Megha Kumari,AFSM-006,2024-09-25,Present,0,Generated default Present: no absent/halfday mark,f48f815c-b0b6-53bd-b857-5861351349be
Megha Kumari,AFSM-006,2024-09-26,Present,0,Generated default Present: no absent/halfday mark,e56ec0ef-a3ac-5358-b9b2-ef40db06a083
Megha Kumari,AFSM-006,2024-09-27,Present,0,Generated default Present: no absent/halfday mark,4b054fea-9de2-5de6-96c5-94c04123c248
Megha Kumari,AFSM-006,2024-09-28,Present,0,Generated default Present: no absent/halfday mark,95207fb1-3da9-566c-8ed7-162edf791b43
Megha Kumari,AFSM-006,2024-09-29,Present,0,Generated default Present: no absent/halfday mark,de47af5a-59c7-56ae-9ec8-c350ac92cf98
Megha Kumari,AFSM-006,2024-09-30,Present,0,Generated default Present: no absent/halfday mark,33c33adc-a1c9-56f5-8b92-ecb83d6dfd20
Megha Kumari,AFSM-006,2024-10-01,Absent,1,Excel import: Absent,9f4fac23-2412-590a-9663-d668c552bb17
Megha Kumari,AFSM-006,2024-10-02,Present,0,Generated default Present: no absent/halfday mark,35963d64-42bf-518d-aca9-a2f12f2abe07
Megha Kumari,AFSM-006,2024-10-03,Present,0,Generated default Present: no absent/halfday mark,5973149c-ef0f-559a-9dfb-6dd6da05bd98
Megha Kumari,AFSM-006,2024-10-04,Present,0,Generated default Present: no absent/halfday mark,8467e8bf-51f6-5f43-beb3-f9feeabc8b35
Megha Kumari,AFSM-006,2024-10-05,Present,0,Generated default Present: no absent/halfday mark,1bf14da5-847d-5e22-b16b-865c1e970fb6
Megha Kumari,AFSM-006,2024-10-06,Present,0,Generated default Present: no absent/halfday mark,17e228b4-27bf-5dbe-9ff8-0f88ce046a9f
Megha Kumari,AFSM-006,2024-10-07,Present,0,Generated default Present: no absent/halfday mark,2b85a678-4454-5201-88b9-45f90aae485a
Megha Kumari,AFSM-006,2024-10-08,Present,0,Generated default Present: no absent/halfday mark,3f552542-9f53-5c6f-a5d3-6e2c6997f62d
Megha Kumari,AFSM-006,2024-10-09,Present,0,Generated default Present: no absent/halfday mark,683e19b3-6ba8-5471-96ac-9be7791296f4
Megha Kumari,AFSM-006,2024-10-10,Present,0,Generated default Present: no absent/halfday mark,7b9b3551-dbea-5e82-a38e-523c74ee3a37
Megha Kumari,AFSM-006,2024-10-11,Present,0,Generated default Present: no absent/halfday mark,0a185a96-f144-5e73-b467-0682d0fd8ff5
Megha Kumari,AFSM-006,2024-10-12,Present,0,Generated default Present: no absent/halfday mark,e0402609-3dbc-5e4f-b5e4-6d5db7dd9a13
Megha Kumari,AFSM-006,2024-10-13,Present,0,Generated default Present: no absent/halfday mark,7fd8e3a4-f611-50cd-b2c5-94df8cea4b43
Megha Kumari,AFSM-006,2024-10-14,Present,0,Generated default Present: no absent/halfday mark,31a3eb62-199a-577c-915d-935157efa151
Megha Kumari,AFSM-006,2024-10-15,Present,0,Generated default Present: no absent/halfday mark,f59472a3-d318-5c5b-a118-5ff5dc219caa
Megha Kumari,AFSM-006,2024-10-16,Present,0,Generated default Present: no absent/halfday mark,6555391a-8a61-5868-8db7-8ae582552899
Megha Kumari,AFSM-006,2024-10-17,Present,0,Generated default Present: no absent/halfday mark,e2c7534a-c468-50ce-854c-32aeb6242da8
Megha Kumari,AFSM-006,2024-10-18,Present,0,Generated default Present: no absent/halfday mark,99b8c1f7-0a28-5ef8-923f-c50834083d87
Megha Kumari,AFSM-006,2024-10-19,Present,0,Generated default Present: no absent/halfday mark,2c18bb53-0824-5081-a58f-886c30330840
Megha Kumari,AFSM-006,2024-10-20,Present,0,Generated default Present: no absent/halfday mark,06268c98-1b55-5a94-b055-2f900adbbba3
Megha Kumari,AFSM-006,2024-10-21,Present,0,Generated default Present: no absent/halfday mark,29f280e0-9caf-5cdc-8f93-04251dc8d535
Megha Kumari,AFSM-006,2024-10-22,Present,0,Generated default Present: no absent/halfday mark,ec8cf1f6-6aef-5a32-9a15-6571142aa77a
Megha Kumari,AFSM-006,2024-10-23,Present,0,Generated default Present: no absent/halfday mark,fd1f5dbe-45a3-5ed2-a7f4-aa819d1eec36
Megha Kumari,AFSM-006,2024-10-24,Present,0,Generated default Present: no absent/halfday mark,ea7c06ae-931f-5e0f-bc27-a1938622f4bb
Megha Kumari,AFSM-006,2024-10-25,Present,0,Generated default Present: no absent/halfday mark,19f99f45-8cca-56af-b8f9-e2516aa88d6d
Megha Kumari,AFSM-006,2024-10-26,Present,0,Generated default Present: no absent/halfday mark,1a60dea9-04cb-52b0-a1b6-ee7c45d2071e
Megha Kumari,AFSM-006,2024-10-27,Present,0,Generated default Present: no absent/halfday mark,2c379a42-bc5b-57f3-ae4e-84250bffeff3
Megha Kumari,AFSM-006,2024-10-28,Present,0,Generated default Present: no absent/halfday mark,b26160f7-bb66-5d64-a851-9495b562a487
Megha Kumari,AFSM-006,2024-10-29,Present,0,Generated default Present: no absent/halfday mark,fc66ed02-ac35-55f1-b6a3-30e4a5b19323
Megha Kumari,AFSM-006,2024-10-30,Present,0,Generated default Present: no absent/halfday mark,eb513007-494d-55a7-a019-fdbb66c6571f
Megha Kumari,AFSM-006,2024-10-31,Present,0,Generated default Present: no absent/halfday mark,54d1b256-142c-5452-a9b1-9e46cd1d2522
Megha Kumari,AFSM-006,2024-11-01,Present,0,Generated default Present: no absent/halfday mark,24cec7cc-0352-5bb2-aa7f-ffe0793c8841
Megha Kumari,AFSM-006,2024-11-02,Absent,1,Excel import: Absent,b9247c82-8bc1-55d0-bf05-5ef20b6ce4aa
Megha Kumari,AFSM-006,2024-11-03,Present,0,Generated default Present: no absent/halfday mark,a74ad402-4941-5c6e-84c9-4a74906661c5
Megha Kumari,AFSM-006,2024-11-04,Absent,1,Excel import: Absent,3d15c67e-cb30-519b-b69f-3226f1e022c1
Megha Kumari,AFSM-006,2024-11-05,Absent,1,Excel import: Absent,6e7fc25f-7674-5863-ae45-323ce7f27bd3
Megha Kumari,AFSM-006,2024-11-06,Absent,1,Excel import: Absent,44eceb46-fbd7-52e6-9cb1-e19545e9aeec
Megha Kumari,AFSM-006,2024-11-07,Absent,1,Excel import: Absent,dfc6d8b9-8845-5d37-96bb-8f9c1c1433b5
Megha Kumari,AFSM-006,2024-11-08,Absent,1,Excel import: Absent,fb9322d9-db86-5107-b643-0f51cbe7e428
Megha Kumari,AFSM-006,2024-11-09,Absent,1,Excel import: Absent,3e271136-6ec1-586d-9953-b0178d87d1f0
Megha Kumari,AFSM-006,2024-11-10,Present,0,Generated default Present: no absent/halfday mark,6ac80078-7894-5292-913e-638c21bc03a1
Megha Kumari,AFSM-006,2024-11-11,Absent,1,Excel import: Absent,5682166a-d141-5a75-bbd6-4f56888c93f3
Megha Kumari,AFSM-006,2024-11-12,Present,0,Generated default Present: no absent/halfday mark,1d238073-2606-5e33-b4b1-b660c2e73ea7
Megha Kumari,AFSM-006,2024-11-13,Present,0,Generated default Present: no absent/halfday mark,c2d21423-8fda-5eac-a045-719243051bdd
Megha Kumari,AFSM-006,2024-11-14,Present,0,Generated default Present: no absent/halfday mark,3bb91623-d278-541f-b564-91ce497f9b21
Megha Kumari,AFSM-006,2024-11-15,Present,0,Generated default Present: no absent/halfday mark,7a0335e1-6840-5862-8017-5da2eacf5af1
Megha Kumari,AFSM-006,2024-11-16,Absent,1,Excel import: Absent,5d11463d-65dc-5d8a-9593-9c4660bce7c9
Megha Kumari,AFSM-006,2024-11-17,Present,0,Generated default Present: no absent/halfday mark,435f6b6e-da32-598f-adb7-684abbcddf7a
Megha Kumari,AFSM-006,2024-11-18,Present,0,Generated default Present: no absent/halfday mark,6854103e-e6a1-5e34-9b36-0428f6f10480
Megha Kumari,AFSM-006,2024-11-19,Present,0,Generated default Present: no absent/halfday mark,86ae2b0c-4103-5b36-843f-c516f263ebf3
Megha Kumari,AFSM-006,2024-11-20,Present,0,Generated default Present: no absent/halfday mark,87cf1fd6-146a-5b3d-b05e-8a58bfb7f9aa
Megha Kumari,AFSM-006,2024-11-21,Present,0,Generated default Present: no absent/halfday mark,4c27acd5-7774-5878-8a19-4c7bd657a0dd
Megha Kumari,AFSM-006,2024-11-22,Present,0,Generated default Present: no absent/halfday mark,6aea2892-8d1c-5645-bc8f-e6bce7e3d584
Megha Kumari,AFSM-006,2024-11-23,Present,0,Generated default Present: no absent/halfday mark,b8b7ab3a-5fa0-5b21-b7da-4fa28f46dab5
Megha Kumari,AFSM-006,2024-11-24,Present,0,Generated default Present: no absent/halfday mark,a623b710-bcdf-5d0c-8a4c-971e089c1fff
Megha Kumari,AFSM-006,2024-11-25,Present,0,Generated default Present: no absent/halfday mark,e35cd99d-f917-5772-8313-83e3e166a100
Megha Kumari,AFSM-006,2024-11-26,Present,0,Generated default Present: no absent/halfday mark,f7899e04-1d4f-57ca-b49b-624fa400bc2f
Megha Kumari,AFSM-006,2024-11-27,Absent,1,Excel import: Absent,5982f8ef-7561-5f24-8c49-6dbe361531ff
Megha Kumari,AFSM-006,2024-11-28,Present,0,Generated default Present: no absent/halfday mark,5868524f-2c33-5a37-943f-b720c2d85528
Megha Kumari,AFSM-006,2024-11-29,Absent,1,Excel import: Absent,b94ffab4-69f8-576d-a810-44cf78d3c662
Megha Kumari,AFSM-006,2024-11-30,Present,0,Generated default Present: no absent/halfday mark,076bd74a-c939-5833-a09a-113478a83c00
Megha Kumari,AFSM-006,2024-12-01,Present,0,Generated default Present: no absent/halfday mark,0ad42bf3-2285-50d3-98c7-7ffadb5ffc60
Megha Kumari,AFSM-006,2024-12-02,Present,0,Generated default Present: no absent/halfday mark,eae3e4a6-5e74-5c04-b687-f0faa5eb1d84
Megha Kumari,AFSM-006,2024-12-03,Present,0,Generated default Present: no absent/halfday mark,d0387861-ce01-5085-a494-7376582ba79d
Megha Kumari,AFSM-006,2024-12-04,Present,0,Generated default Present: no absent/halfday mark,7a2653f6-0b4d-5375-b7eb-66401fac2a51
Megha Kumari,AFSM-006,2024-12-05,Present,0,Generated default Present: no absent/halfday mark,ca0a7b73-fff8-509b-8379-bb14dee29f5e
Megha Kumari,AFSM-006,2024-12-06,Present,0,Generated default Present: no absent/halfday mark,c535878f-aa5a-5bad-b303-01b05736704b
Megha Kumari,AFSM-006,2024-12-07,Present,0,Generated default Present: no absent/halfday mark,0fe69efd-bb69-5ea0-9de5-df40cb563ba2
Megha Kumari,AFSM-006,2024-12-08,Present,0,Generated default Present: no absent/halfday mark,ab098ad0-c4fd-5112-9cec-c255a226f44b
Megha Kumari,AFSM-006,2024-12-09,Present,0,Generated default Present: no absent/halfday mark,6f549158-9ea8-58e7-bd82-acbb1885486e
Megha Kumari,AFSM-006,2024-12-10,Present,0,Generated default Present: no absent/halfday mark,f95cabfe-b7cf-5f00-9b16-fcf258b2a9a7
Megha Kumari,AFSM-006,2024-12-11,Present,0,Generated default Present: no absent/halfday mark,205abe51-32e6-52a1-903c-99b1581a9bd3
Megha Kumari,AFSM-006,2024-12-12,Present,0,Generated default Present: no absent/halfday mark,b479356e-c766-5aaa-b7e7-b44174a66f87
Megha Kumari,AFSM-006,2024-12-13,Present,0,Generated default Present: no absent/halfday mark,76c980dc-72db-5359-8b74-bad5d23b3c21
Megha Kumari,AFSM-006,2024-12-14,Present,0,Generated default Present: no absent/halfday mark,bc1246fc-772f-5b2a-a663-51ce1b573f66
Megha Kumari,AFSM-006,2024-12-15,Present,0,Generated default Present: no absent/halfday mark,460ead0f-d31c-5285-b1f4-fb48dfa45f42
Megha Kumari,AFSM-006,2024-12-16,Present,0,Generated default Present: no absent/halfday mark,443ed52d-60ec-5cb1-97a9-446096cb4efb
Megha Kumari,AFSM-006,2024-12-17,Present,0,Generated default Present: no absent/halfday mark,97bcafb7-8452-5587-835d-c90336e3da81
Megha Kumari,AFSM-006,2024-12-18,Present,0,Generated default Present: no absent/halfday mark,3bd9d5a2-81e1-5438-b2cf-40a4121e1992
Megha Kumari,AFSM-006,2024-12-19,Present,0,Generated default Present: no absent/halfday mark,0f512d31-a101-5959-a81b-479dfaca9ad8
Megha Kumari,AFSM-006,2024-12-20,Present,0,Generated default Present: no absent/halfday mark,69584ec3-f8f7-595b-af76-c8aab8443bc6
Megha Kumari,AFSM-006,2024-12-21,Present,0,Generated default Present: no absent/halfday mark,30f0b418-35e3-58e7-b321-aba1ec6d4109
Megha Kumari,AFSM-006,2024-12-22,Present,0,Generated default Present: no absent/halfday mark,e0f5fcc2-83ea-5ebd-ac40-99b4dda37ed5
Megha Kumari,AFSM-006,2024-12-23,Absent,1,Excel import: Absent,a1827619-42e8-5d0d-9e38-16ee55ce727b
Megha Kumari,AFSM-006,2024-12-24,Present,0,Generated default Present: no absent/halfday mark,9af02eaa-7668-5774-965e-b6d20a18605e
Megha Kumari,AFSM-006,2024-12-25,Present,0,Generated default Present: no absent/halfday mark,db274bad-f47c-52f6-bbbc-86adb6ece864
Megha Kumari,AFSM-006,2024-12-26,Present,0,Generated default Present: no absent/halfday mark,a491dc21-87d1-5349-9b0e-42e78a62c2d2
Megha Kumari,AFSM-006,2024-12-27,Present,0,Generated default Present: no absent/halfday mark,80aa7342-c2d0-5992-92c1-7cc9b1927d27
Megha Kumari,AFSM-006,2024-12-28,Present,0,Generated default Present: no absent/halfday mark,ab8e3291-769a-57fa-a2da-fbf0f6873322
Megha Kumari,AFSM-006,2024-12-29,Present,0,Generated default Present: no absent/halfday mark,640ce775-5b9f-5e0f-968f-a3076affc2e2
Megha Kumari,AFSM-006,2024-12-30,Present,0,Generated default Present: no absent/halfday mark,f8f9fc00-6a06-5ae1-9a98-01440ae47bca
Megha Kumari,AFSM-006,2024-12-31,Present,0,Generated default Present: no absent/halfday mark,09e2d6c0-8996-5729-8da5-43bd56303c3d
Megha Kumari,AFSM-006,2025-01-01,Present,0,Generated default Present: no absent/halfday mark,b53f7ef7-b1ae-5145-bd45-4b043adb51ba
Megha Kumari,AFSM-006,2025-01-02,Absent,1,Excel import: Absent,ee1b83b3-af30-513b-8b9e-ae88eb219e37
Megha Kumari,AFSM-006,2025-01-03,Present,0,Generated default Present: no absent/halfday mark,5091aa39-07f1-51e5-a7c6-2ccdec264598
Megha Kumari,AFSM-006,2025-01-04,Present,0,Generated default Present: no absent/halfday mark,387f3749-2ad1-591f-ab97-e9981c802b68
Megha Kumari,AFSM-006,2025-01-05,Present,0,Generated default Present: no absent/halfday mark,bdd443d9-8508-580e-8a70-cbeb5b0fefdc
Megha Kumari,AFSM-006,2025-01-06,Present,0,Generated default Present: no absent/halfday mark,d7a1fba1-0226-514d-89a0-a692263278d3
Megha Kumari,AFSM-006,2025-01-07,Present,0,Generated default Present: no absent/halfday mark,0e817d54-a1f1-54cb-a131-64c22f1d2f8d
Megha Kumari,AFSM-006,2025-01-08,Present,0,Generated default Present: no absent/halfday mark,5e6efc10-c388-55ad-96eb-8aebce23983b
Megha Kumari,AFSM-006,2025-01-09,Present,0,Generated default Present: no absent/halfday mark,c834a099-84f6-51fd-a109-e6fa5160a6a8
Megha Kumari,AFSM-006,2025-01-10,Present,0,Generated default Present: no absent/halfday mark,8e7b0d08-cb02-51a5-969b-846936876e5b
Megha Kumari,AFSM-006,2025-01-11,Present,0,Generated default Present: no absent/halfday mark,42d3cf3b-16ed-5187-a535-c5534b05d9ae
Megha Kumari,AFSM-006,2025-01-12,Present,0,Generated default Present: no absent/halfday mark,b288ba5b-9d9b-5b50-8315-2799e016810f
Megha Kumari,AFSM-006,2025-01-13,Present,0,Generated default Present: no absent/halfday mark,a976bb79-984e-5826-8622-957468e98e5e
Megha Kumari,AFSM-006,2025-01-14,Present,0,Generated default Present: no absent/halfday mark,7456ba93-5607-507b-b900-542d2f2ca321
Megha Kumari,AFSM-006,2025-01-15,Present,0,Generated default Present: no absent/halfday mark,bc642ed0-a7a9-5c84-95c2-f81707603dd8
Megha Kumari,AFSM-006,2025-01-16,Present,0,Generated default Present: no absent/halfday mark,19cd59d8-d8e7-53a1-8b13-feaee9b32ee3
Megha Kumari,AFSM-006,2025-01-17,Absent,1,Excel import: Absent,28c9c76f-0cfd-5d03-a277-465a421f926c
Megha Kumari,AFSM-006,2025-01-18,Present,0,Generated default Present: no absent/halfday mark,d5bec134-a21d-5db8-ac6d-41ac0b30d9da
Megha Kumari,AFSM-006,2025-01-19,Present,0,Generated default Present: no absent/halfday mark,77c03b1c-ec82-594c-a7fb-d7b5bf043e99
Megha Kumari,AFSM-006,2025-01-20,Present,0,Generated default Present: no absent/halfday mark,8ced43ff-ebc1-5e6c-a75a-52a51ede5d04
Megha Kumari,AFSM-006,2025-01-21,Present,0,Generated default Present: no absent/halfday mark,03329f42-b6c8-53b9-8f29-b26ba230bea4
Megha Kumari,AFSM-006,2025-01-22,Present,0,Generated default Present: no absent/halfday mark,da1b9852-3e26-5fb8-8628-40157739c382
Megha Kumari,AFSM-006,2025-01-23,Present,0,Generated default Present: no absent/halfday mark,1dddb767-1f96-5e35-8c54-21e3ea0b6d00
Megha Kumari,AFSM-006,2025-01-24,Present,0,Generated default Present: no absent/halfday mark,293791e0-c045-52ab-b996-b2eedc66fea4
Megha Kumari,AFSM-006,2025-01-25,Present,0,Generated default Present: no absent/halfday mark,ff7147d8-8629-5073-8dfb-921a8209efb8
Megha Kumari,AFSM-006,2025-01-26,Present,0,Generated default Present: no absent/halfday mark,2835510e-e955-57bc-bc5c-bb2a05241cf6
Megha Kumari,AFSM-006,2025-01-27,Present,0,Generated default Present: no absent/halfday mark,a657b9eb-8a01-51c0-be95-d7ef0f167610
Megha Kumari,AFSM-006,2025-01-28,Present,0,Generated default Present: no absent/halfday mark,872db6b6-e071-5164-822e-6dc5178138d0
Megha Kumari,AFSM-006,2025-01-29,Present,0,Generated default Present: no absent/halfday mark,35c207a3-1059-56aa-85f3-df00fa34f7a6
Megha Kumari,AFSM-006,2025-01-30,Present,0,Generated default Present: no absent/halfday mark,2f7f675b-8567-5121-b972-b3c6d2f92eb7
Megha Kumari,AFSM-006,2025-01-31,Present,0,Generated default Present: no absent/halfday mark,00346806-4ab8-5d47-804c-357a02e87b00
Megha Kumari,AFSM-006,2025-02-01,Absent,1,Excel import: Absent,0069b923-f9d2-574a-9ed9-fdbc9da1cde5
Megha Kumari,AFSM-006,2025-02-02,Present,0,Generated default Present: no absent/halfday mark,fa9962e6-820b-59fd-8a23-f1066e116f40
Megha Kumari,AFSM-006,2025-02-03,HalfDay,2,Excel import: HalfDay,a1375021-921e-55a5-b80d-e1f3347c53ae
Megha Kumari,AFSM-006,2025-02-04,Present,0,Generated default Present: no absent/halfday mark,40db8905-7518-5249-8d87-a7ba361a2a98
Megha Kumari,AFSM-006,2025-02-05,Present,0,Generated default Present: no absent/halfday mark,a85e82de-4bb5-5ac8-9675-d9af4bda6c28
Megha Kumari,AFSM-006,2025-02-06,Present,0,Generated default Present: no absent/halfday mark,068856c5-90a6-577b-818a-6fb050093694
Megha Kumari,AFSM-006,2025-02-07,Present,0,Generated default Present: no absent/halfday mark,87bda705-be68-50e5-ba29-2ea11e8baea1
Megha Kumari,AFSM-006,2025-02-08,Present,0,Generated default Present: no absent/halfday mark,41502d23-a298-5833-a1e1-942297a3a8ef
Megha Kumari,AFSM-006,2025-02-09,Present,0,Generated default Present: no absent/halfday mark,31114c4c-f846-5b8b-af4a-1edb9e3184d6
Megha Kumari,AFSM-006,2025-02-10,Present,0,Generated default Present: no absent/halfday mark,1fcd5180-6e6c-5650-a45e-11843329e4b6
Megha Kumari,AFSM-006,2025-02-11,HalfDay,2,Excel import: HalfDay,e275091d-a4c3-5d78-8b2e-d4dfac88655f
Megha Kumari,AFSM-006,2025-02-12,Absent,1,Excel import: Absent,37631144-aeed-542b-a53a-11d6a43827d7
Daulat Kumar,AFSM-007,2026-02-16,Present,0,Generated default Present: no absent/halfday mark,e635b065-7253-5cb3-b6c1-6c5b024d9b53
Daulat Kumar,AFSM-007,2026-02-17,Present,0,Generated default Present: no absent/halfday mark,bfced592-fd7f-5df5-bfc8-9261511871c1
Daulat Kumar,AFSM-007,2026-02-18,Present,0,Generated default Present: no absent/halfday mark,e2b84165-54f3-545a-9e06-87236e9ec4b6
Daulat Kumar,AFSM-007,2026-02-19,Present,0,Generated default Present: no absent/halfday mark,1e64eeee-df87-5b0d-b4ce-52749a60bb50
Daulat Kumar,AFSM-007,2026-02-20,Present,0,Generated default Present: no absent/halfday mark,e82f9db4-fd35-5762-9ad1-9d280cca2197
Daulat Kumar,AFSM-007,2026-02-21,Present,0,Generated default Present: no absent/halfday mark,6ae597ac-2d7f-522b-b143-41c8a48e3942
Daulat Kumar,AFSM-007,2026-02-22,Present,0,Generated default Present: no absent/halfday mark,76d8f6a0-bac7-5615-ade5-2242179b69db
Daulat Kumar,AFSM-007,2026-02-23,Present,0,Generated default Present: no absent/halfday mark,2b31dff2-bcdd-596d-8689-7ca49b1ace17
Daulat Kumar,AFSM-007,2026-02-24,Present,0,Generated default Present: no absent/halfday mark,5276760f-a360-5b0f-a31a-b222efea3b9e
Daulat Kumar,AFSM-007,2026-02-25,Present,0,Generated default Present: no absent/halfday mark,3076f8cc-5d06-5619-b00f-90e26ae46e06
Daulat Kumar,AFSM-007,2026-02-26,Present,0,Generated default Present: no absent/halfday mark,40a77895-22ff-5e19-bd95-2386f6c1a536
Daulat Kumar,AFSM-007,2026-02-27,Present,0,Generated default Present: no absent/halfday mark,f5123906-ccab-5d1c-b83d-e5bb04fba868
Daulat Kumar,AFSM-007,2026-02-28,Present,0,Generated default Present: no absent/halfday mark,4e641b73-5b54-5008-8580-9c7ec8ceb7f2
Daulat Kumar,AFSM-007,2026-03-01,Present,0,Generated default Present: no absent/halfday mark,1e8b2224-a3f6-5018-ac81-a821fbdc9b31
Daulat Kumar,AFSM-007,2026-03-02,Present,0,Generated default Present: no absent/halfday mark,4a8435ba-e81b-57e7-910f-8cc89158119d
Daulat Kumar,AFSM-007,2026-03-03,Present,0,Generated default Present: no absent/halfday mark,784c10d4-cf88-56db-ad40-ff7abf15327c
Daulat Kumar,AFSM-007,2026-03-04,Present,0,Generated default Present: no absent/halfday mark,59c20194-e5e2-5ff9-bffb-aa99d0bcf12f
Daulat Kumar,AFSM-007,2026-03-05,Present,0,Generated default Present: no absent/halfday mark,4d1cc0dc-6b7d-507c-b140-4cf8bc1abe14
Daulat Kumar,AFSM-007,2026-03-06,Present,0,Generated default Present: no absent/halfday mark,cde39d66-d591-50d2-b97c-b95a04716557
Daulat Kumar,AFSM-007,2026-03-07,Present,0,Generated default Present: no absent/halfday mark,df02b2a5-2470-58b6-a477-f03ca3c978a1
Daulat Kumar,AFSM-007,2026-03-08,Present,0,Generated default Present: no absent/halfday mark,ffc3c9c2-2213-54ac-acec-68c4dd170e95
Daulat Kumar,AFSM-007,2026-03-09,Present,0,Generated default Present: no absent/halfday mark,7992ef55-899b-5ee2-b9ea-f01ae63adde8
Daulat Kumar,AFSM-007,2026-03-10,Present,0,Generated default Present: no absent/halfday mark,29210110-abbc-56f9-8610-c6c80f7c8251
Daulat Kumar,AFSM-007,2026-03-11,Present,0,Generated default Present: no absent/halfday mark,9b63e86c-f76a-543d-be0a-a76661653cb2
Daulat Kumar,AFSM-007,2026-03-12,Present,0,Generated default Present: no absent/halfday mark,96bf298d-1899-5e4a-9d42-140eadc15ee2
Daulat Kumar,AFSM-007,2026-03-13,Present,0,Generated default Present: no absent/halfday mark,201ffd64-b182-5bc7-bdb3-04a31b67916c
Daulat Kumar,AFSM-007,2026-03-14,Present,0,Generated default Present: no absent/halfday mark,e9dd13db-a6a9-58b8-86aa-ee033fbde040
Daulat Kumar,AFSM-007,2026-03-15,Present,0,Generated default Present: no absent/halfday mark,f2b81e22-9bf3-596d-beca-3d256c25fa32
Daulat Kumar,AFSM-007,2026-03-16,Present,0,Generated default Present: no absent/halfday mark,c416fb88-b4d6-5ba4-a654-e047c7949f2f
Daulat Kumar,AFSM-007,2026-03-17,Absent,1,Excel import: Absent,dc5884cd-9ce5-55f7-95cb-f53639ebf4b4
Daulat Kumar,AFSM-007,2026-03-18,Present,0,Generated default Present: no absent/halfday mark,fb87588d-b0bb-5b67-a7b1-1e67a5770fe7
Daulat Kumar,AFSM-007,2026-03-19,Present,0,Generated default Present: no absent/halfday mark,5221ac19-a121-5e29-9eca-a0257e2c9539
Daulat Kumar,AFSM-007,2026-03-20,Present,0,Generated default Present: no absent/halfday mark,734ea596-1264-56a7-b680-dfac6fb95013
Daulat Kumar,AFSM-007,2026-03-21,Present,0,Generated default Present: no absent/halfday mark,994c96c5-d54b-5d8f-8f80-a68d4f80ddb8
Daulat Kumar,AFSM-007,2026-03-22,Present,0,Generated default Present: no absent/halfday mark,b3c7d384-59a8-5673-84eb-3ce22e1c981e
Daulat Kumar,AFSM-007,2026-03-23,Present,0,Generated default Present: no absent/halfday mark,05cbfad2-32ea-5b7e-a206-96c91ac5b2ca
Daulat Kumar,AFSM-007,2026-03-24,Present,0,Generated default Present: no absent/halfday mark,dacd9eff-93cb-58c2-98bb-c7cc061b763e
Daulat Kumar,AFSM-007,2026-03-25,Present,0,Generated default Present: no absent/halfday mark,bcab4214-20fa-5b9f-9974-f4b1aaff9dd8
Daulat Kumar,AFSM-007,2026-03-26,Present,0,Generated default Present: no absent/halfday mark,a1143902-be6c-5ef0-8396-67fda625a59e
Daulat Kumar,AFSM-007,2026-03-27,Present,0,Generated default Present: no absent/halfday mark,21419c1b-e787-5739-8973-9d457cb4600e
Daulat Kumar,AFSM-007,2026-03-28,Present,0,Generated default Present: no absent/halfday mark,69ed886b-79d6-5a2c-b5e0-e32f1c46d4dd
Daulat Kumar,AFSM-007,2026-03-29,Present,0,Generated default Present: no absent/halfday mark,2c3bc8bd-9923-5fe5-b1cb-efa3b12a4e39
Daulat Kumar,AFSM-007,2026-03-30,Present,0,Generated default Present: no absent/halfday mark,c73be014-7bec-5b97-b8f2-09b384410a0c
Daulat Kumar,AFSM-007,2026-03-31,Present,0,Generated default Present: no absent/halfday mark,c6d346c2-fe52-5583-a86a-1cf3f6ce72cf
Daulat Kumar,AFSM-007,2026-04-01,Present,0,Generated default Present: no absent/halfday mark,4886b071-287f-5fe1-8b20-7e6c1168f0f0
Daulat Kumar,AFSM-007,2026-04-02,Present,0,Generated default Present: no absent/halfday mark,30446306-5031-5688-88b4-6446e1f37d0b
Daulat Kumar,AFSM-007,2026-04-03,Present,0,Generated default Present: no absent/halfday mark,5cbb2a1c-ae75-5873-9ae7-30a7f8ffb40d
Daulat Kumar,AFSM-007,2026-04-04,Present,0,Generated default Present: no absent/halfday mark,257ee509-9c66-5300-a8f4-4b148cffe6b6
Daulat Kumar,AFSM-007,2026-04-05,Present,0,Generated default Present: no absent/halfday mark,cf72bf66-edb8-52b4-8f31-c253e59dc284
Daulat Kumar,AFSM-007,2026-04-06,Present,0,Generated default Present: no absent/halfday mark,7495d70f-4344-5d1b-896d-bfac123757b6
Daulat Kumar,AFSM-007,2026-04-07,Present,0,Generated default Present: no absent/halfday mark,6a371279-aac2-5200-91ab-04c66d0e5431
Daulat Kumar,AFSM-007,2026-04-08,Present,0,Generated default Present: no absent/halfday mark,c62d1189-d911-5f08-8783-abbf2a8844e7
Daulat Kumar,AFSM-007,2026-04-09,Present,0,Generated default Present: no absent/halfday mark,79d0df3b-74a3-5e0b-a75c-85aeb2cc6045
Daulat Kumar,AFSM-007,2026-04-10,Present,0,Generated default Present: no absent/halfday mark,9eaedd09-61a4-5945-8c0f-a98aa4c853f0
Daulat Kumar,AFSM-007,2026-04-11,Present,0,Generated default Present: no absent/halfday mark,dbc9c112-c2e2-5840-b6ab-347959a8416e
Daulat Kumar,AFSM-007,2026-04-12,Present,0,Generated default Present: no absent/halfday mark,6ceb666e-353c-5d47-abaa-a2ca6909c287
Daulat Kumar,AFSM-007,2026-04-13,Present,0,Generated default Present: no absent/halfday mark,53c0e99d-79aa-5bb2-b7e9-ab05c67c56ae
Daulat Kumar,AFSM-007,2026-04-14,Present,0,Generated default Present: no absent/halfday mark,46b2b82e-b920-5b69-bdab-c458161bf09a
Daulat Kumar,AFSM-007,2026-04-15,HalfDay,2,Excel import: HalfDay,bed67d82-c248-5a01-b9d7-a94f8f44a11a
Daulat Kumar,AFSM-007,2026-04-16,Present,0,Generated default Present: no absent/halfday mark,3945ff13-3cd4-5a9e-929c-8d01fe8d4fdf
Daulat Kumar,AFSM-007,2026-04-17,Present,0,Generated default Present: no absent/halfday mark,4d4357b2-ce07-5a0b-8d56-3c46e661f5b5
Daulat Kumar,AFSM-007,2026-04-18,Present,0,Generated default Present: no absent/halfday mark,eea81319-ca45-555c-b32a-afd21dad07be
Daulat Kumar,AFSM-007,2026-04-19,Present,0,Generated default Present: no absent/halfday mark,aa617985-d6d2-5541-ac20-fe4b2372cc95
Daulat Kumar,AFSM-007,2026-04-20,Present,0,Generated default Present: no absent/halfday mark,52e6d178-dd7c-5018-b2b1-558fe56f9590
Daulat Kumar,AFSM-007,2026-04-21,Present,0,Generated default Present: no absent/halfday mark,8c3f89db-05c8-5f4f-9edc-c09dfae4c31e
Daulat Kumar,AFSM-007,2026-04-22,Present,0,Generated default Present: no absent/halfday mark,707cdf82-a925-5180-a215-617d6ea2200e
Daulat Kumar,AFSM-007,2026-04-23,Present,0,Generated default Present: no absent/halfday mark,13c78483-0be9-5996-b4a3-dfe4c549ccd6
Daulat Kumar,AFSM-007,2026-04-24,Present,0,Generated default Present: no absent/halfday mark,4170c477-c42b-5395-82f1-496bb65d2fd8
Daulat Kumar,AFSM-007,2026-04-25,Present,0,Generated default Present: no absent/halfday mark,99509f7d-c567-5f30-94b1-c83c0746455f
Daulat Kumar,AFSM-007,2026-04-26,Present,0,Generated default Present: no absent/halfday mark,e549bf05-a4b9-53ec-8d92-b3b5ac66dcee
Daulat Kumar,AFSM-007,2026-04-27,Absent,1,Excel import: Absent,0e0e0b68-7d64-5e1b-86f7-e0f6f96f1079
Daulat Kumar,AFSM-007,2026-04-28,Absent,1,Excel import: Absent,ada33f5c-2242-5567-99d1-6e05c73f075d
Daulat Kumar,AFSM-007,2026-04-29,Present,0,Generated default Present: no absent/halfday mark,8136372b-a8fb-55cc-bc70-ec9bb25eb137
Daulat Kumar,AFSM-007,2026-04-30,Present,0,Generated default Present: no absent/halfday mark,44239d6a-5037-52c3-a940-d57cd68e22ea
Daulat Kumar,AFSM-007,2026-05-01,Present,0,Generated default Present: no absent/halfday mark,ef688421-1488-5df0-81da-0c50c2284509
Daulat Kumar,AFSM-007,2026-05-02,Present,0,Generated default Present: no absent/halfday mark,396281ad-d132-5fa9-8e68-49e22215fea7
Daulat Kumar,AFSM-007,2026-05-03,Present,0,Generated default Present: no absent/halfday mark,74c2d845-c0b8-5679-89fc-7755c65e04ae
Daulat Kumar,AFSM-007,2026-05-04,Present,0,Generated default Present: no absent/halfday mark,dc4ae5b2-6618-5f7a-8335-62c832e5515b
Daulat Kumar,AFSM-007,2026-05-05,Present,0,Generated default Present: no absent/halfday mark,9de2e355-3863-541f-85a3-43b87ab323b8
Daulat Kumar,AFSM-007,2026-05-06,Present,0,Generated default Present: no absent/halfday mark,19fa2803-3f1a-5572-8da2-d9cbbc1618ad
Daulat Kumar,AFSM-007,2026-05-07,Present,0,Generated default Present: no absent/halfday mark,5b642877-4d03-5ec4-a067-f7a3f5a33caf
Daulat Kumar,AFSM-007,2026-05-08,Present,0,Generated default Present: no absent/halfday mark,875ba266-fd22-54c3-ae83-a14f561e7a01
Daulat Kumar,AFSM-007,2026-05-09,Present,0,Generated default Present: no absent/halfday mark,598d9433-d646-5141-865b-422f33f3a562
Daulat Kumar,AFSM-007,2026-05-10,Present,0,Generated default Present: no absent/halfday mark,5f72b59f-59e8-5487-be8f-127d8c79b391
Daulat Kumar,AFSM-007,2026-05-11,Present,0,Generated default Present: no absent/halfday mark,739cf63c-e6ab-5242-802c-52b3886491f0
Naina Swarnkar,AFSM-009,2026-06-08,Present,0,Generated default Present: no absent/halfday mark,ff5be106-3c87-54b3-97b9-6848a35f04a9
Naina Swarnkar,AFSM-009,2026-06-09,Present,0,Generated default Present: no absent/halfday mark,c3fdd17a-e8d9-5635-8185-a97528f9c089
Naina Swarnkar,AFSM-009,2026-06-10,Present,0,Generated default Present: no absent/halfday mark,b00bd53e-c18b-5b4e-899f-fd29a0c91eff
Naina Swarnkar,AFSM-009,2026-06-11,Present,0,Generated default Present: no absent/halfday mark,040e7682-c71f-5eb6-9e76-3e7a2a690d91
Naina Swarnkar,AFSM-009,2026-06-12,Present,0,Generated default Present: no absent/halfday mark,af86ed2e-ec3e-5d00-881e-15fa0683f94e
Naina Swarnkar,AFSM-009,2026-06-13,Present,0,Generated default Present: no absent/halfday mark,e2f169c2-0076-5e8d-8c51-deec545edd65
Naina Swarnkar,AFSM-009,2026-06-14,Present,0,Generated default Present: no absent/halfday mark,078b736e-b5a0-5d9c-8acc-66bc6be89b0f
Naina Swarnkar,AFSM-009,2026-06-15,Present,0,Generated default Present: no absent/halfday mark,a121fae8-20a5-5624-97a6-91039de49733
Naina Swarnkar,AFSM-009,2026-06-16,Present,0,Generated default Present: no absent/halfday mark,1d7cffd6-8170-5142-8cdd-7e7ab352bd98
Naina Swarnkar,AFSM-009,2026-06-17,Present,0,Generated default Present: no absent/halfday mark,5e38f8de-c2df-5c33-b8b4-16d7fa26163c
Naina Swarnkar,AFSM-009,2026-06-18,Present,0,Generated default Present: no absent/halfday mark,fc1da950-ca32-53ed-8eec-1ffda0160d49
Naina Swarnkar,AFSM-009,2026-06-19,Present,0,Generated default Present: no absent/halfday mark,462fb4aa-a2b2-53dd-b1b1-e17a3da8a870
Naina Swarnkar,AFSM-009,2026-06-20,Present,0,Generated default Present: no absent/halfday mark,5d28dbc9-9eee-57f2-9a70-2cb6559574dd
Naina Swarnkar,AFSM-009,2026-06-21,Present,0,Generated default Present: no absent/halfday mark,1d085c24-09b5-5a5b-ad8c-0723e6804953
Naina Swarnkar,AFSM-009,2026-06-22,Present,0,Generated default Present: no absent/halfday mark,888fe372-016f-5eb6-ae28-bc0c69f715c2
Naina Swarnkar,AFSM-009,2026-06-23,Present,0,Generated default Present: no absent/halfday mark,bbfa7e70-b340-5242-b7cf-e4ef63a0a92d
Keli Devi,AFSM-DUMMY-010,2024-06-02,HalfDay,2,Excel import: HalfDay,9bd111f8-19bf-5495-aeae-074514681374
Keli Devi,AFSM-DUMMY-010,2024-06-03,Present,0,Generated default Present: no absent/halfday mark,60e57d6f-ba63-55a6-8a68-44a5a72c6159
Keli Devi,AFSM-DUMMY-010,2024-06-04,Present,0,Generated default Present: no absent/halfday mark,0c7f8819-d3d0-5217-8df3-d832d7d02190
Keli Devi,AFSM-DUMMY-010,2024-06-05,Present,0,Generated default Present: no absent/halfday mark,304a0130-30d7-51be-9ce2-aa0b6c1b198e
Keli Devi,AFSM-DUMMY-010,2024-06-06,Present,0,Generated default Present: no absent/halfday mark,2b104f17-b25f-5933-b3a4-12e7065fd4a5
Keli Devi,AFSM-DUMMY-010,2024-06-07,Present,0,Generated default Present: no absent/halfday mark,a37ef178-ff3e-56e6-b69e-9742cb5ed338
Keli Devi,AFSM-DUMMY-010,2024-06-08,Present,0,Generated default Present: no absent/halfday mark,ef7930e4-bc21-55c5-95b0-dde2434722a5
Keli Devi,AFSM-DUMMY-010,2024-06-09,Present,0,Generated default Present: no absent/halfday mark,89125c56-f797-5f56-8358-f63f8e680f94
Keli Devi,AFSM-DUMMY-010,2024-06-10,Present,0,Generated default Present: no absent/halfday mark,26d03b80-78c4-5ffc-829c-aa4897aba715
Keli Devi,AFSM-DUMMY-010,2024-06-11,Present,0,Generated default Present: no absent/halfday mark,19fa6948-7f51-5321-b11d-2d02a045db99
Keli Devi,AFSM-DUMMY-010,2024-06-12,Present,0,Generated default Present: no absent/halfday mark,1403fc1b-e757-57ff-a354-f1de910b28ae
Keli Devi,AFSM-DUMMY-010,2024-06-13,Present,0,Generated default Present: no absent/halfday mark,8472cc4c-943d-512b-97c7-ce953c11fc44
Keli Devi,AFSM-DUMMY-010,2024-06-14,Present,0,Generated default Present: no absent/halfday mark,0aaa1694-770c-5c7e-a2c1-ee47ff96383a
Keli Devi,AFSM-DUMMY-010,2024-06-15,Present,0,Generated default Present: no absent/halfday mark,5420a55b-f0c2-5a21-8510-2410b64f56d3
Keli Devi,AFSM-DUMMY-010,2024-06-16,Present,0,Generated default Present: no absent/halfday mark,ac32b771-2b92-5ba1-80b5-324e39ad54fa
Keli Devi,AFSM-DUMMY-010,2024-06-17,Present,0,Generated default Present: no absent/halfday mark,85fd63f7-24b4-5aec-becf-d60ac7890fd4
Keli Devi,AFSM-DUMMY-010,2024-06-18,Present,0,Generated default Present: no absent/halfday mark,03143d49-5926-5643-939c-05beafe2c101
Keli Devi,AFSM-DUMMY-010,2024-06-19,Present,0,Generated default Present: no absent/halfday mark,c352c642-8ed5-5ad6-86e1-360a3132bdd8
Keli Devi,AFSM-DUMMY-010,2024-06-20,Present,0,Generated default Present: no absent/halfday mark,75f410bd-9f3c-5985-ba27-0ff417e3ffe4
Keli Devi,AFSM-DUMMY-010,2024-06-21,Present,0,Generated default Present: no absent/halfday mark,4160294e-cc69-5592-b083-665354bb3d1c
Keli Devi,AFSM-DUMMY-010,2024-06-22,Present,0,Generated default Present: no absent/halfday mark,04e30292-73e6-5bca-b514-b92acd69b3e3
Keli Devi,AFSM-DUMMY-010,2024-06-23,Present,0,Generated default Present: no absent/halfday mark,b9e3383a-d155-5cbc-9c00-9de5e3e7af9c
Keli Devi,AFSM-DUMMY-010,2024-06-24,Present,0,Generated default Present: no absent/halfday mark,a258acf8-1f03-5897-bb83-e9d2fdd03beb
Keli Devi,AFSM-DUMMY-010,2024-06-25,Present,0,Generated default Present: no absent/halfday mark,96868b2d-7281-5e0a-8f34-eb1eb3adecf1
Keli Devi,AFSM-DUMMY-010,2024-06-26,Present,0,Generated default Present: no absent/halfday mark,4f9bd348-714e-5a31-af2a-ed4028a2a1a0
Keli Devi,AFSM-DUMMY-010,2024-06-27,Present,0,Generated default Present: no absent/halfday mark,6dab6814-b6a4-5d15-b619-18a5ea0918b0
Keli Devi,AFSM-DUMMY-010,2024-06-28,HalfDay,2,Excel import: HalfDay,fba1ad9f-588f-5987-a81b-49bc9203634f
Keli Devi,AFSM-DUMMY-010,2024-06-29,Present,0,Generated default Present: no absent/halfday mark,dc4e6fd1-6376-5d62-838d-87327b574cdd
Keli Devi,AFSM-DUMMY-010,2024-06-30,Present,0,Generated default Present: no absent/halfday mark,c67b87f0-d965-5e27-87a0-d0c3e3d9db73
Keli Devi,AFSM-DUMMY-010,2024-07-01,Present,0,Generated default Present: no absent/halfday mark,9b62f345-8a3f-5574-90b0-8af28c8304a7
Keli Devi,AFSM-DUMMY-010,2024-07-02,Present,0,Generated default Present: no absent/halfday mark,6739ed52-16ca-5d19-8fc8-724b9dc1a280
Keli Devi,AFSM-DUMMY-010,2024-07-03,Present,0,Generated default Present: no absent/halfday mark,7f6a71d3-6b23-5b5d-87f9-dd4114bc2641
Keli Devi,AFSM-DUMMY-010,2024-07-04,Present,0,Generated default Present: no absent/halfday mark,c9a21ead-d466-5424-a1d2-36667563259d
Keli Devi,AFSM-DUMMY-010,2024-07-05,Present,0,Generated default Present: no absent/halfday mark,8a07c5a6-3cf1-5b26-adb9-82dc87b07223
Keli Devi,AFSM-DUMMY-010,2024-07-06,Present,0,Generated default Present: no absent/halfday mark,403da41b-f9a9-5ec1-bd1b-afade61eecc9
Keli Devi,AFSM-DUMMY-010,2024-07-07,Present,0,Generated default Present: no absent/halfday mark,8405c340-7700-5182-a50c-55974b2c6748
Keli Devi,AFSM-DUMMY-010,2024-07-08,Present,0,Generated default Present: no absent/halfday mark,c3ab412c-1863-56ca-86b1-1a36c72b7908
Keli Devi,AFSM-DUMMY-010,2024-07-09,Present,0,Generated default Present: no absent/halfday mark,044f37b8-a95a-5d25-b3b4-a9c5a7fcd055
Keli Devi,AFSM-DUMMY-010,2024-07-10,Present,0,Generated default Present: no absent/halfday mark,cedc9549-33db-5903-93c4-4e2a0c547272
Keli Devi,AFSM-DUMMY-010,2024-07-11,Present,0,Generated default Present: no absent/halfday mark,7b015930-8505-54a8-942a-6f9402d90f73
Keli Devi,AFSM-DUMMY-010,2024-07-12,Present,0,Generated default Present: no absent/halfday mark,dbd8a34e-c5dd-5e37-8e04-84f207a473b9
Keli Devi,AFSM-DUMMY-010,2024-07-13,Present,0,Generated default Present: no absent/halfday mark,5d02d862-a8ac-5779-b246-1e73579304a8
Keli Devi,AFSM-DUMMY-010,2024-07-14,Present,0,Generated default Present: no absent/halfday mark,89a5ca0f-a7c1-50a9-8d36-926bb25e390d
Keli Devi,AFSM-DUMMY-010,2024-07-15,Present,0,Generated default Present: no absent/halfday mark,5dc992a7-26c4-56bc-b428-8d7480ae159c
Keli Devi,AFSM-DUMMY-010,2024-07-16,Present,0,Generated default Present: no absent/halfday mark,be30ab99-da56-5e79-8d70-dc1c8df16b2e
Keli Devi,AFSM-DUMMY-010,2024-07-17,Present,0,Generated default Present: no absent/halfday mark,aacdf0b3-26c0-5973-b9a3-ea65f6944738
Keli Devi,AFSM-DUMMY-010,2024-07-18,Present,0,Generated default Present: no absent/halfday mark,42c01666-1b00-5a38-94da-e63996bf194f
Keli Devi,AFSM-DUMMY-010,2024-07-19,Present,0,Generated default Present: no absent/halfday mark,da469074-e121-53c4-bad8-a29246d665ba
Keli Devi,AFSM-DUMMY-010,2024-07-20,Present,0,Generated default Present: no absent/halfday mark,3a1cc9ec-6f36-56b9-933c-d50b6ad021cb
Keli Devi,AFSM-DUMMY-010,2024-07-21,Present,0,Generated default Present: no absent/halfday mark,e5cb6a2f-c5af-52b1-bd7b-d27e569d9b6e
Keli Devi,AFSM-DUMMY-010,2024-07-22,Absent,1,Excel import: Absent,7096df57-da29-5b9f-9e40-001a7fea3c2e
Keli Devi,AFSM-DUMMY-010,2024-07-23,Present,0,Generated default Present: no absent/halfday mark,8a43b481-b7af-54b8-a720-be76889ba0ef
Keli Devi,AFSM-DUMMY-010,2024-07-24,Present,0,Generated default Present: no absent/halfday mark,55c622b4-8baa-5bfa-8d17-3a723900333d
Keli Devi,AFSM-DUMMY-010,2024-07-25,Present,0,Generated default Present: no absent/halfday mark,d1188b6e-2532-5f7c-a195-b784f86f3543
Keli Devi,AFSM-DUMMY-010,2024-07-26,Present,0,Generated default Present: no absent/halfday mark,b25a98ec-1db0-57ca-9b0f-8e0fbd0486b2
Keli Devi,AFSM-DUMMY-010,2024-07-27,Present,0,Generated default Present: no absent/halfday mark,29f89279-704c-57e8-a37b-5c6104c9828c
Keli Devi,AFSM-DUMMY-010,2024-07-28,Present,0,Generated default Present: no absent/halfday mark,9077b7dc-67ed-5201-a7c5-e8040ef53a00
Keli Devi,AFSM-DUMMY-010,2024-07-29,Present,0,Generated default Present: no absent/halfday mark,447c690d-6690-59cc-97e9-a3d842a9bf76
Keli Devi,AFSM-DUMMY-010,2024-07-30,Present,0,Generated default Present: no absent/halfday mark,4830765c-6d41-55a0-9cb1-e664122d51fd
Keli Devi,AFSM-DUMMY-010,2024-07-31,Absent,1,Excel import: Absent,be3a7ece-c8cd-56eb-9ced-875e21a9e8fa
Keli Devi,AFSM-DUMMY-010,2024-08-01,Present,0,Generated default Present: no absent/halfday mark,2b95cefa-c3e2-5509-9ae9-7ef3a04e5721
Keli Devi,AFSM-DUMMY-010,2024-08-02,Present,0,Generated default Present: no absent/halfday mark,ad64a68f-54dc-509d-84a0-27ad5e44c54f
Keli Devi,AFSM-DUMMY-010,2024-08-03,Present,0,Generated default Present: no absent/halfday mark,6d75ccfe-36c9-53a6-a352-dd05cbe70a12
Keli Devi,AFSM-DUMMY-010,2024-08-04,Present,0,Generated default Present: no absent/halfday mark,182d5f7c-bb4b-5900-b835-a041b237a227
Keli Devi,AFSM-DUMMY-010,2024-08-05,Absent,1,Excel import: Absent,19fa54d8-c7f9-5bcb-8bfa-0fc6dbea20cd
Keli Devi,AFSM-DUMMY-010,2024-08-06,Absent,1,Excel import: Absent,89c9db53-0762-5887-9d0d-ad2edb488e7d
Keli Devi,AFSM-DUMMY-010,2024-08-07,Present,0,Generated default Present: no absent/halfday mark,49598968-583a-5847-9eb5-c6f856dd36b0
Keli Devi,AFSM-DUMMY-010,2024-08-08,Present,0,Generated default Present: no absent/halfday mark,68b054ec-7f04-5fae-a191-ee58068a5f6b
Keli Devi,AFSM-DUMMY-010,2024-08-09,Present,0,Generated default Present: no absent/halfday mark,8b43c56f-7baa-5fee-88ff-dd5857fdf8eb
Keli Devi,AFSM-DUMMY-010,2024-08-10,Present,0,Generated default Present: no absent/halfday mark,49e0b7e1-10c5-5407-8ec6-bef8145bbdf1
Keli Devi,AFSM-DUMMY-010,2024-08-11,Present,0,Generated default Present: no absent/halfday mark,144fb290-936d-523d-8942-0cef923a0997
Keli Devi,AFSM-DUMMY-010,2024-08-12,Present,0,Generated default Present: no absent/halfday mark,b29aaca1-9461-5570-a91f-597e2feeeaa5
Keli Devi,AFSM-DUMMY-010,2024-08-13,Present,0,Generated default Present: no absent/halfday mark,efa902d5-007f-5b86-a8b0-4481e47b6f2b
Keli Devi,AFSM-DUMMY-010,2024-08-14,Present,0,Generated default Present: no absent/halfday mark,e16079b5-3f7d-58f6-8f81-e4a3cb97e51f
Keli Devi,AFSM-DUMMY-010,2024-08-15,Present,0,Generated default Present: no absent/halfday mark,45ac657c-32d0-56b4-b3f0-9d75c0407f67
Keli Devi,AFSM-DUMMY-010,2024-08-16,Present,0,Generated default Present: no absent/halfday mark,806ad417-e773-5d93-809b-408c26b71da0
Keli Devi,AFSM-DUMMY-010,2024-08-17,Present,0,Generated default Present: no absent/halfday mark,5fd87c38-8d2b-5b1d-b5f0-82dd3b4ae853
Keli Devi,AFSM-DUMMY-010,2024-08-18,Present,0,Generated default Present: no absent/halfday mark,bf4b9b7e-84a0-5d5a-a488-5f95c7b21b3a
Keli Devi,AFSM-DUMMY-010,2024-08-19,Present,0,Generated default Present: no absent/halfday mark,f4777db0-dbd5-506c-852c-c11afd943892
Keli Devi,AFSM-DUMMY-010,2024-08-20,Present,0,Generated default Present: no absent/halfday mark,63fdf526-92c7-56d5-a98e-4d43081cada2
Keli Devi,AFSM-DUMMY-010,2024-08-21,Absent,1,Excel import: Absent,ca785b27-956e-54e8-b9ee-36a6727a7d1f
Keli Devi,AFSM-DUMMY-010,2024-08-22,Present,0,Generated default Present: no absent/halfday mark,40f7283c-2914-5e3d-87c0-1835f6dae2d4
Keli Devi,AFSM-DUMMY-010,2024-08-23,Present,0,Generated default Present: no absent/halfday mark,11bb4166-51f9-5019-a99c-6f9969d20423
Keli Devi,AFSM-DUMMY-010,2024-08-24,Present,0,Generated default Present: no absent/halfday mark,e94cfdd4-9123-5105-9fa6-2c63aef0e037
Keli Devi,AFSM-DUMMY-010,2024-08-25,Present,0,Generated default Present: no absent/halfday mark,90b7c8ef-ab36-5372-a398-018b57deac8c
Keli Devi,AFSM-DUMMY-010,2024-08-26,Present,0,Generated default Present: no absent/halfday mark,7e5fbf5f-0a53-5f17-8351-bd94c2076cd0
Keli Devi,AFSM-DUMMY-010,2024-08-27,Present,0,Generated default Present: no absent/halfday mark,745d6ccb-27ed-50c0-968f-5a13d57cece1
Keli Devi,AFSM-DUMMY-010,2024-08-28,Present,0,Generated default Present: no absent/halfday mark,9ebb5fe8-90f0-5b1e-9ffa-7bcc8809b7f0
Keli Devi,AFSM-DUMMY-010,2024-08-29,Present,0,Generated default Present: no absent/halfday mark,a7d33a52-5a0f-5e10-84f7-5bf76ba4b676
Keli Devi,AFSM-DUMMY-010,2024-08-30,Present,0,Generated default Present: no absent/halfday mark,4d5d6953-3c37-511c-9da9-2e66d9132a8e
Keli Devi,AFSM-DUMMY-010,2024-08-31,Present,0,Generated default Present: no absent/halfday mark,07499ad0-0bfd-589b-8bf1-a9de06da1e76
Keli Devi,AFSM-DUMMY-010,2024-09-01,Present,0,Generated default Present: no absent/halfday mark,752248aa-7628-5168-b90e-501938530a68
Keli Devi,AFSM-DUMMY-010,2024-09-02,Present,0,Generated default Present: no absent/halfday mark,39f5c465-22a1-59c3-b97d-a481e25a5b9c
Keli Devi,AFSM-DUMMY-010,2024-09-03,Present,0,Generated default Present: no absent/halfday mark,688c0558-d7eb-54fc-b883-b13330282121
Keli Devi,AFSM-DUMMY-010,2024-09-04,Present,0,Generated default Present: no absent/halfday mark,aebb1e4a-d584-5b16-950d-53ba6f06025f
Keli Devi,AFSM-DUMMY-010,2024-09-05,Present,0,Generated default Present: no absent/halfday mark,9403191c-6de2-51e1-94c5-6b33ff500adc
Keli Devi,AFSM-DUMMY-010,2024-09-06,Present,0,Generated default Present: no absent/halfday mark,a686287f-94dc-53a3-b059-7d74f3a3412a
Keli Devi,AFSM-DUMMY-010,2024-09-07,Present,0,Generated default Present: no absent/halfday mark,28520bdd-53c7-5cb3-8b05-74f6ae94352b
Keli Devi,AFSM-DUMMY-010,2024-09-08,Present,0,Generated default Present: no absent/halfday mark,59aceeaa-5e37-5fe5-b197-563bcc1d4e5d
Keli Devi,AFSM-DUMMY-010,2024-09-09,Absent,1,Excel import: Absent,3e3366a3-b611-57f8-be69-36ce0c770170
Keli Devi,AFSM-DUMMY-010,2024-09-10,Present,0,Generated default Present: no absent/halfday mark,43df46a9-15b9-5896-86d2-f1692a566203
Keli Devi,AFSM-DUMMY-010,2024-09-11,Present,0,Generated default Present: no absent/halfday mark,5d6efde9-4481-5a97-b9e5-46b37a403b3f
Keli Devi,AFSM-DUMMY-010,2024-09-12,Present,0,Generated default Present: no absent/halfday mark,b3a946e0-3b9d-5a4b-9c5f-7ae5af3e31b0
Keli Devi,AFSM-DUMMY-010,2024-09-13,Present,0,Generated default Present: no absent/halfday mark,c701b941-89fc-5c68-ac49-643baa3dca11
Keli Devi,AFSM-DUMMY-010,2024-09-14,Present,0,Generated default Present: no absent/halfday mark,069ebae4-765c-5d95-b649-964ebe590268
Keli Devi,AFSM-DUMMY-010,2024-09-15,Present,0,Generated default Present: no absent/halfday mark,275ec180-283f-597f-b932-8e5a04849a6f
Keli Devi,AFSM-DUMMY-010,2024-09-16,Present,0,Generated default Present: no absent/halfday mark,b192eb78-a818-5aa8-936c-164bb32c05ca
Keli Devi,AFSM-DUMMY-010,2024-09-17,Present,0,Generated default Present: no absent/halfday mark,f271e6d5-f22f-5db6-a587-ba9c80c32e4c
Keli Devi,AFSM-DUMMY-010,2024-09-18,Present,0,Generated default Present: no absent/halfday mark,b77ebec4-8797-55ff-adcd-457f03a9ead7
Keli Devi,AFSM-DUMMY-010,2024-09-19,Present,0,Generated default Present: no absent/halfday mark,f76da982-1c14-5c5e-b88e-16927af839c0
Keli Devi,AFSM-DUMMY-010,2024-09-20,Present,0,Generated default Present: no absent/halfday mark,bd879ac8-efb4-523d-987e-c6ee855f538d
Keli Devi,AFSM-DUMMY-010,2024-09-21,Present,0,Generated default Present: no absent/halfday mark,f3488e22-21f3-5375-9c93-85224272e49c
Keli Devi,AFSM-DUMMY-010,2024-09-22,Present,0,Generated default Present: no absent/halfday mark,ef66d156-3452-5749-a235-4e0c3e58baaf
Keli Devi,AFSM-DUMMY-010,2024-09-23,Present,0,Generated default Present: no absent/halfday mark,4c7f921b-a632-51b9-ad7a-880289a7922d
Keli Devi,AFSM-DUMMY-010,2024-09-24,Present,0,Generated default Present: no absent/halfday mark,5c044c1c-7741-58c5-87a7-69429070a9c4
Keli Devi,AFSM-DUMMY-010,2024-09-25,Absent,1,Excel import: Absent,d88009d7-cd77-5b8b-99eb-f39f78edf433
Keli Devi,AFSM-DUMMY-010,2024-09-26,Absent,1,Excel import: Absent,1f1b9403-d5ce-5d2d-9139-302ed71facf1
Keli Devi,AFSM-DUMMY-010,2024-09-27,Present,0,Generated default Present: no absent/halfday mark,209858bb-4385-5674-b886-71fdf54bd932
Keli Devi,AFSM-DUMMY-010,2024-09-28,Present,0,Generated default Present: no absent/halfday mark,c959507f-18a8-5ac9-8494-2efe6fa76ec3
Keli Devi,AFSM-DUMMY-010,2024-09-29,Present,0,Generated default Present: no absent/halfday mark,6868c93e-b761-59ec-a043-ccf8bd89f3ad
Keli Devi,AFSM-DUMMY-010,2024-09-30,Present,0,Generated default Present: no absent/halfday mark,55e16770-7d02-5bf5-8e4e-48f1712b05d6
Keli Devi,AFSM-DUMMY-010,2024-10-01,Present,0,Generated default Present: no absent/halfday mark,2927d03b-228d-551c-9571-4f98a95559f2
Keli Devi,AFSM-DUMMY-010,2024-10-02,Present,0,Generated default Present: no absent/halfday mark,b04a409f-463f-5a2e-a4d3-41f786aca6dc
Keli Devi,AFSM-DUMMY-010,2024-10-03,Present,0,Generated default Present: no absent/halfday mark,888b9370-930d-5baf-b32f-3d95cd62bb0a
Keli Devi,AFSM-DUMMY-010,2024-10-04,HalfDay,2,Excel import: HalfDay,acb5e847-9381-59ef-98ce-db766b40f694
Keli Devi,AFSM-DUMMY-010,2024-10-05,Present,0,Generated default Present: no absent/halfday mark,f7580efa-e662-59ae-8de3-86475371e60c
Keli Devi,AFSM-DUMMY-010,2024-10-06,Present,0,Generated default Present: no absent/halfday mark,377daaef-99fa-5b0e-b80a-d435e21dd051
Keli Devi,AFSM-DUMMY-010,2024-10-07,Present,0,Generated default Present: no absent/halfday mark,dcf93c3d-58ed-5c54-b67f-419bd62efb35
Keli Devi,AFSM-DUMMY-010,2024-10-08,Present,0,Generated default Present: no absent/halfday mark,a2ce85ba-3882-5bce-a346-710d7f2f36bf
Keli Devi,AFSM-DUMMY-010,2024-10-09,Present,0,Generated default Present: no absent/halfday mark,3c300709-b8b3-5dc5-884c-f5ed191b0731
Keli Devi,AFSM-DUMMY-010,2024-10-10,Present,0,Generated default Present: no absent/halfday mark,aac621e9-817d-5a8f-9c43-3b71b6971db1
Keli Devi,AFSM-DUMMY-010,2024-10-11,Present,0,Generated default Present: no absent/halfday mark,a33dae4c-7baa-5d6d-a27f-101ba8b6ad81
Keli Devi,AFSM-DUMMY-010,2024-10-12,Present,0,Generated default Present: no absent/halfday mark,b40cc04f-f2e0-5511-bee6-fba4219c5191
Keli Devi,AFSM-DUMMY-010,2024-10-13,Present,0,Generated default Present: no absent/halfday mark,ec045f82-2674-51b4-b840-36f3beb217c8
Keli Devi,AFSM-DUMMY-010,2024-10-14,Present,0,Generated default Present: no absent/halfday mark,9cc573c5-31e2-53b0-85cf-8374b3425539
Keli Devi,AFSM-DUMMY-010,2024-10-15,Absent,1,Excel import: Absent,9facf990-158f-53ff-bc22-3010c80b7b94
Keli Devi,AFSM-DUMMY-010,2024-10-16,Absent,1,Excel import: Absent,eef8d1cb-26b3-5899-8cf6-0238cbcf7392
Keli Devi,AFSM-DUMMY-010,2024-10-17,Present,0,Generated default Present: no absent/halfday mark,e6091f52-7e4a-563a-97ca-5551835c1df6
Keli Devi,AFSM-DUMMY-010,2024-10-18,Present,0,Generated default Present: no absent/halfday mark,ea72fae8-b3a2-5887-88db-7d12128c82f1
Keli Devi,AFSM-DUMMY-010,2024-10-19,Present,0,Generated default Present: no absent/halfday mark,720215be-47af-50aa-ac40-93c13c7ba249
Keli Devi,AFSM-DUMMY-010,2024-10-20,Present,0,Generated default Present: no absent/halfday mark,59237f44-e1f3-52bc-91cc-dc02f39cc6bc
Keli Devi,AFSM-DUMMY-010,2024-10-21,Present,0,Generated default Present: no absent/halfday mark,ce7f637e-7fd4-5c17-859f-2dcfb18243f9
Keli Devi,AFSM-DUMMY-010,2024-10-22,Present,0,Generated default Present: no absent/halfday mark,9449e749-185d-589f-8ab7-7135bce51bb6
Keli Devi,AFSM-DUMMY-010,2024-10-23,Present,0,Generated default Present: no absent/halfday mark,efd766b8-392f-5ecd-b94b-5ce27edf9c24
Keli Devi,AFSM-DUMMY-010,2024-10-24,Present,0,Generated default Present: no absent/halfday mark,9fa2824e-298a-5c3d-8be9-ea2ec4d1cbaa
Keli Devi,AFSM-DUMMY-010,2024-10-25,Present,0,Generated default Present: no absent/halfday mark,b07cc5c5-6652-5f52-9298-ae16ac71f851
Keli Devi,AFSM-DUMMY-010,2024-10-26,Present,0,Generated default Present: no absent/halfday mark,bbf0f37b-d7a5-5196-b52d-07e54b3ab8a1
Keli Devi,AFSM-DUMMY-010,2024-10-27,Present,0,Generated default Present: no absent/halfday mark,7976ca9c-6ce0-51f4-8148-d4b5e11f2f13
Keli Devi,AFSM-DUMMY-010,2024-10-28,Present,0,Generated default Present: no absent/halfday mark,a71a7efd-c71f-5b22-ab58-b72f5fd0a6c1
Keli Devi,AFSM-DUMMY-010,2024-10-29,Present,0,Generated default Present: no absent/halfday mark,4847fb45-57a3-53b0-ab0c-9981bc229242
Keli Devi,AFSM-DUMMY-010,2024-10-30,Present,0,Generated default Present: no absent/halfday mark,b677fd1a-576d-56bb-af1f-bd935f93d017
Keli Devi,AFSM-DUMMY-010,2024-10-31,Present,0,Generated default Present: no absent/halfday mark,c60caf85-9615-5b26-a048-16ffca0ae951
Keli Devi,AFSM-DUMMY-010,2024-11-01,Present,0,Generated default Present: no absent/halfday mark,083b7d27-1b4b-5f91-a9b2-4112e38f8396
Keli Devi,AFSM-DUMMY-010,2024-11-02,Present,0,Generated default Present: no absent/halfday mark,72914a4b-1419-580f-ac85-e692f00ccadb
Keli Devi,AFSM-DUMMY-010,2024-11-03,Present,0,Generated default Present: no absent/halfday mark,6aa624b0-c5bf-54a2-a8e8-2cc9ad949106
Keli Devi,AFSM-DUMMY-010,2024-11-04,Present,0,Generated default Present: no absent/halfday mark,ffbd51b5-5544-5b12-8b8d-2b75e1b6bbc9
Keli Devi,AFSM-DUMMY-010,2024-11-05,Present,0,Generated default Present: no absent/halfday mark,cf691c73-ea98-53c8-bc64-aedc8b6a2dd3
Keli Devi,AFSM-DUMMY-010,2024-11-06,Present,0,Generated default Present: no absent/halfday mark,f876e8fe-e441-503d-bc4c-353fa0d16fc8
Keli Devi,AFSM-DUMMY-010,2024-11-07,Absent,1,Excel import: Absent,9882a1e9-2cfc-5dba-8600-89ce8663a837
Keli Devi,AFSM-DUMMY-010,2024-11-08,Present,0,Generated default Present: no absent/halfday mark,2ed90909-bb67-5afd-b53b-bd83e999dbd3
Keli Devi,AFSM-DUMMY-010,2024-11-09,Present,0,Generated default Present: no absent/halfday mark,6cfb1c4d-7623-584f-ad6c-b8723183eb89
Keli Devi,AFSM-DUMMY-010,2024-11-10,Present,0,Generated default Present: no absent/halfday mark,b325b2a5-f208-5117-9a49-e564f4f92c7c
Keli Devi,AFSM-DUMMY-010,2024-11-11,Present,0,Generated default Present: no absent/halfday mark,f21ebe03-39e1-5df7-9944-d6c6e0bd9d09
Keli Devi,AFSM-DUMMY-010,2024-11-12,Present,0,Generated default Present: no absent/halfday mark,8a3f4498-374a-5039-ba9d-b616175b11e2
Keli Devi,AFSM-DUMMY-010,2024-11-13,Present,0,Generated default Present: no absent/halfday mark,25c2e023-ed41-5f75-9136-24d5947fbaba
Keli Devi,AFSM-DUMMY-010,2024-11-14,Present,0,Generated default Present: no absent/halfday mark,6e24a627-db11-5007-8b6a-0a05ed12b982
Keli Devi,AFSM-DUMMY-010,2024-11-15,Present,0,Generated default Present: no absent/halfday mark,d0e15f7e-a445-5ff3-b4ce-ba2a28568405
Keli Devi,AFSM-DUMMY-010,2024-11-16,Present,0,Generated default Present: no absent/halfday mark,4c772f6f-1f2f-5a5e-babf-2c4c485827c4
Keli Devi,AFSM-DUMMY-010,2024-11-17,Present,0,Generated default Present: no absent/halfday mark,e3f0052c-d1ab-5cf3-9b12-5a77a085293c
Keli Devi,AFSM-DUMMY-010,2024-11-18,Present,0,Generated default Present: no absent/halfday mark,ccbcfd63-3c66-5cae-ac81-3e67e3f1dffc
Keli Devi,AFSM-DUMMY-010,2024-11-19,Present,0,Generated default Present: no absent/halfday mark,78c2d868-2c5e-5f54-8fa7-16ae99876ff2
Keli Devi,AFSM-DUMMY-010,2024-11-20,Present,0,Generated default Present: no absent/halfday mark,507b5a69-6ce8-5307-8d4a-e5a216d81bad
Keli Devi,AFSM-DUMMY-010,2024-11-21,Present,0,Generated default Present: no absent/halfday mark,dab2efe1-eb0e-584b-88c4-c3aa15bab705
Keli Devi,AFSM-DUMMY-010,2024-11-22,Present,0,Generated default Present: no absent/halfday mark,1ca877ec-35f2-5f30-837a-3fd9ec80e000
Keli Devi,AFSM-DUMMY-010,2024-11-23,Present,0,Generated default Present: no absent/halfday mark,604ddde3-4f6d-572a-bd4f-e75d16da6ac3
Keli Devi,AFSM-DUMMY-010,2024-11-24,Present,0,Generated default Present: no absent/halfday mark,f464d2e8-733a-57fd-bb4e-bec5f801e741
Keli Devi,AFSM-DUMMY-010,2024-11-25,Present,0,Generated default Present: no absent/halfday mark,65170941-4d0b-5b74-8426-9c2b02597b6b
Keli Devi,AFSM-DUMMY-010,2024-11-26,Present,0,Generated default Present: no absent/halfday mark,ca1ccbf4-7e80-5ab9-8f70-43ae894033bb
Keli Devi,AFSM-DUMMY-010,2024-11-27,Present,0,Generated default Present: no absent/halfday mark,667566d2-4c29-54f6-bf57-2f2f2fb2e363
Keli Devi,AFSM-DUMMY-010,2024-11-28,Present,0,Generated default Present: no absent/halfday mark,94d78673-b4d2-5ec1-9e91-965c447f13a4
Keli Devi,AFSM-DUMMY-010,2024-11-29,Present,0,Generated default Present: no absent/halfday mark,4571b0d7-2507-5193-ba88-cc16501d5bc4
Keli Devi,AFSM-DUMMY-010,2024-11-30,Present,0,Generated default Present: no absent/halfday mark,1bf5bdb7-6535-51cd-b0c6-3ef186357c63
Keli Devi,AFSM-DUMMY-010,2024-12-01,Present,0,Generated default Present: no absent/halfday mark,21e9ab46-9b3d-519b-95df-f8cbe8620cac
Keli Devi,AFSM-DUMMY-010,2024-12-02,Present,0,Generated default Present: no absent/halfday mark,c2cabb93-ca80-5635-b86b-011ae8f78963
Keli Devi,AFSM-DUMMY-010,2024-12-03,Present,0,Generated default Present: no absent/halfday mark,1160594f-0560-56bd-9fe1-f91b11994e65
Keli Devi,AFSM-DUMMY-010,2024-12-04,Present,0,Generated default Present: no absent/halfday mark,02686a2b-32d0-529c-996d-28350a1214ea
Keli Devi,AFSM-DUMMY-010,2024-12-05,Present,0,Generated default Present: no absent/halfday mark,46c779dc-4d8a-5eb6-b6ed-ab9e2ddb7dbc
Keli Devi,AFSM-DUMMY-010,2024-12-06,Present,0,Generated default Present: no absent/halfday mark,cea7065e-3986-5104-b009-2fbb67b49fbf
Keli Devi,AFSM-DUMMY-010,2024-12-07,Present,0,Generated default Present: no absent/halfday mark,a6994c9d-0cd8-58a0-9315-0eaaff509368
Keli Devi,AFSM-DUMMY-010,2024-12-08,Present,0,Generated default Present: no absent/halfday mark,4c35b7b2-0974-5dba-9206-e2c38a822e15
Keli Devi,AFSM-DUMMY-010,2024-12-09,Present,0,Generated default Present: no absent/halfday mark,d3d35727-a08d-5538-a9ca-c4cfb75d8dd9
Keli Devi,AFSM-DUMMY-010,2024-12-10,Present,0,Generated default Present: no absent/halfday mark,15ad86f2-29ac-58fa-87c3-91ea1de05827
Keli Devi,AFSM-DUMMY-010,2024-12-11,Present,0,Generated default Present: no absent/halfday mark,11982f9b-4606-5f78-af37-2ca4abb3f415
Keli Devi,AFSM-DUMMY-010,2024-12-12,Present,0,Generated default Present: no absent/halfday mark,fc308f30-8fe6-58ca-a4a5-05ff1722885e
Keli Devi,AFSM-DUMMY-010,2024-12-13,Present,0,Generated default Present: no absent/halfday mark,435a52ab-e902-5296-a1ec-91ec5df8d108
Keli Devi,AFSM-DUMMY-010,2024-12-14,Present,0,Generated default Present: no absent/halfday mark,ea22c281-2aeb-5acb-b074-69ff162bd1d4
Keli Devi,AFSM-DUMMY-010,2024-12-15,Present,0,Generated default Present: no absent/halfday mark,bb552a23-3005-593b-a20f-41d632b0163f
Keli Devi,AFSM-DUMMY-010,2024-12-16,Present,0,Generated default Present: no absent/halfday mark,9b1939a9-a961-58fc-b75c-f8329d68ae9c
Keli Devi,AFSM-DUMMY-010,2024-12-17,Present,0,Generated default Present: no absent/halfday mark,2cb8b972-38db-526c-9418-f4bc0876e67c
Keli Devi,AFSM-DUMMY-010,2024-12-18,Present,0,Generated default Present: no absent/halfday mark,f18c133a-2b67-5a77-80bd-5ca74ba4dc70
Keli Devi,AFSM-DUMMY-010,2024-12-19,Present,0,Generated default Present: no absent/halfday mark,4f363b00-c4eb-52f9-8648-121a7309e9b9
Keli Devi,AFSM-DUMMY-010,2024-12-20,Present,0,Generated default Present: no absent/halfday mark,f4a02123-d8a4-595d-ba93-4a7f65436ae2
Keli Devi,AFSM-DUMMY-010,2024-12-21,Present,0,Generated default Present: no absent/halfday mark,2391bf78-5c4e-5e0f-9e9f-2d68d937e78d
Keli Devi,AFSM-DUMMY-010,2024-12-22,Present,0,Generated default Present: no absent/halfday mark,06bc3896-6495-5e93-ab1f-e3591e2f63bb
Keli Devi,AFSM-DUMMY-010,2024-12-23,Present,0,Generated default Present: no absent/halfday mark,dd6dad7c-cc7e-57bd-b536-2b378f36f81f
Keli Devi,AFSM-DUMMY-010,2024-12-24,Present,0,Generated default Present: no absent/halfday mark,7e969f40-4213-5d6f-b549-1679f3069059
Keli Devi,AFSM-DUMMY-010,2024-12-25,Present,0,Generated default Present: no absent/halfday mark,54cdaa6f-c479-5eff-b553-65d4744ce586
Keli Devi,AFSM-DUMMY-010,2024-12-26,Absent,1,Excel import: Absent,6a9e3292-6988-5144-b55e-3653bd6112fb
Keli Devi,AFSM-DUMMY-010,2024-12-27,Present,0,Generated default Present: no absent/halfday mark,a7fe23ed-9c0c-56ed-a7d9-40e27a3386c6
Keli Devi,AFSM-DUMMY-010,2024-12-28,Present,0,Generated default Present: no absent/halfday mark,1550951c-28bf-5d9a-aa55-58bd210089bb
Keli Devi,AFSM-DUMMY-010,2024-12-29,Present,0,Generated default Present: no absent/halfday mark,266b4eb0-8c75-5b13-9ee7-450c2a59c694
Keli Devi,AFSM-DUMMY-010,2024-12-30,Present,0,Generated default Present: no absent/halfday mark,c227744e-1e86-5180-b2a5-8777f2193d3c
Keli Devi,AFSM-DUMMY-010,2024-12-31,Present,0,Generated default Present: no absent/halfday mark,4d0d710d-ea7f-5e1f-8450-628925125514
Keli Devi,AFSM-DUMMY-010,2025-01-01,Present,0,Generated default Present: no absent/halfday mark,ef961b15-60aa-5844-a852-d44f0b1fd69d
Keli Devi,AFSM-DUMMY-010,2025-01-02,Present,0,Generated default Present: no absent/halfday mark,1db08524-3d4c-5ff6-a474-158b04e9be26
Keli Devi,AFSM-DUMMY-010,2025-01-03,Present,0,Generated default Present: no absent/halfday mark,a72f02b0-4eac-5e4f-8d66-558cebbe5699
Keli Devi,AFSM-DUMMY-010,2025-01-04,Present,0,Generated default Present: no absent/halfday mark,ebb81c8a-78b4-5c1f-8e6e-dc1a2e8d379a
Keli Devi,AFSM-DUMMY-010,2025-01-05,Present,0,Generated default Present: no absent/halfday mark,2d231248-6e40-50de-a365-e499d38e0d1c
Keli Devi,AFSM-DUMMY-010,2025-01-06,Present,0,Generated default Present: no absent/halfday mark,37eaf676-900c-5870-86b1-387dff1c2a46
Keli Devi,AFSM-DUMMY-010,2025-01-07,Present,0,Generated default Present: no absent/halfday mark,8d9d0d13-5787-5757-adf6-341cbe23bce7
Keli Devi,AFSM-DUMMY-010,2025-01-08,Present,0,Generated default Present: no absent/halfday mark,a24cee19-d9e7-5d0d-b693-4f693c051862
Keli Devi,AFSM-DUMMY-010,2025-01-09,Present,0,Generated default Present: no absent/halfday mark,afe36f66-a5ed-5e92-a2f0-bb6f0add7aff
Keli Devi,AFSM-DUMMY-010,2025-01-10,Present,0,Generated default Present: no absent/halfday mark,f5ff5aea-76f3-5f13-a9ee-ad5b438eddf8
Keli Devi,AFSM-DUMMY-010,2025-01-11,Present,0,Generated default Present: no absent/halfday mark,872d8a8f-9a3f-5d0e-85bb-22ea6c891391
Keli Devi,AFSM-DUMMY-010,2025-01-12,Present,0,Generated default Present: no absent/halfday mark,fd5efe9c-a2a3-5438-ad8e-4b95d3f1c54c
Keli Devi,AFSM-DUMMY-010,2025-01-13,Present,0,Generated default Present: no absent/halfday mark,d528fa57-8412-54d8-b080-155ab061737a
Keli Devi,AFSM-DUMMY-010,2025-01-14,Absent,1,Excel import: Absent,279238f4-1bec-50d5-8c10-6c23b12793d9
Keli Devi,AFSM-DUMMY-010,2025-01-15,Present,0,Generated default Present: no absent/halfday mark,792b32d5-75e5-5684-9308-2cf4c029bc7f
Keli Devi,AFSM-DUMMY-010,2025-01-16,Present,0,Generated default Present: no absent/halfday mark,00085e94-722a-5010-9e6e-8a456ac53a32
Keli Devi,AFSM-DUMMY-010,2025-01-17,Present,0,Generated default Present: no absent/halfday mark,2a9268bd-7526-5963-8350-008af7aaa17e
Keli Devi,AFSM-DUMMY-010,2025-01-18,Present,0,Generated default Present: no absent/halfday mark,a6f33809-9eda-5d9c-ac44-d92ce86716ad
Keli Devi,AFSM-DUMMY-010,2025-01-19,Present,0,Generated default Present: no absent/halfday mark,4cffc2bc-4490-543a-93fd-ac4e70414dda
Keli Devi,AFSM-DUMMY-010,2025-01-20,Present,0,Generated default Present: no absent/halfday mark,0240efe2-2cea-5296-b8b7-45235eb95180
Keli Devi,AFSM-DUMMY-010,2025-01-21,Present,0,Generated default Present: no absent/halfday mark,f9dbe51b-262a-5f2c-acb7-3f9161cc88d3
Keli Devi,AFSM-DUMMY-010,2025-01-22,Present,0,Generated default Present: no absent/halfday mark,de96b266-58c5-5a93-9e66-af1dee11209e
Keli Devi,AFSM-DUMMY-010,2025-01-23,Present,0,Generated default Present: no absent/halfday mark,e199c1f5-e5e3-5e03-bdb9-f485846b5437
Keli Devi,AFSM-DUMMY-010,2025-01-24,Present,0,Generated default Present: no absent/halfday mark,afea8223-e1d7-5727-be23-a312ee7fbd6d
Keli Devi,AFSM-DUMMY-010,2025-01-25,Present,0,Generated default Present: no absent/halfday mark,a41f772b-2c24-5238-b848-84dd5857bc7c
Keli Devi,AFSM-DUMMY-010,2025-01-26,Present,0,Generated default Present: no absent/halfday mark,3040cfdf-7358-5139-b8ae-b100eb1707d5
Keli Devi,AFSM-DUMMY-010,2025-01-27,Present,0,Generated default Present: no absent/halfday mark,ee7e1cb9-b18b-5e4b-bf4d-16c2ad010bbc
Keli Devi,AFSM-DUMMY-010,2025-01-28,Present,0,Generated default Present: no absent/halfday mark,26ef4b0b-d77e-5863-b0e0-d1eba3aa6559
Keli Devi,AFSM-DUMMY-010,2025-01-29,Present,0,Generated default Present: no absent/halfday mark,2f05845f-b1af-552c-a0b9-78d26b1e0f1f
Keli Devi,AFSM-DUMMY-010,2025-01-30,Present,0,Generated default Present: no absent/halfday mark,00877093-37b9-574b-a079-b23191f25b73
Keli Devi,AFSM-DUMMY-010,2025-01-31,Present,0,Generated default Present: no absent/halfday mark,482335ba-e663-537e-9703-c4b8b269107f
Keli Devi,AFSM-DUMMY-010,2025-02-01,Present,0,Generated default Present: no absent/halfday mark,1878ced1-00c0-5983-8324-9e34c3b96da6
Keli Devi,AFSM-DUMMY-010,2025-02-02,Present,0,Generated default Present: no absent/halfday mark,20900c5a-52e5-553a-9b92-069a81f4aa34
Keli Devi,AFSM-DUMMY-010,2025-02-03,Present,0,Generated default Present: no absent/halfday mark,d2dbfb0e-90b2-537c-b03b-55d98ce3138b
Keli Devi,AFSM-DUMMY-010,2025-02-04,Present,0,Generated default Present: no absent/halfday mark,0c27ed7a-aa30-57c3-b773-d5329c4c7eb2
Keli Devi,AFSM-DUMMY-010,2025-02-05,Present,0,Generated default Present: no absent/halfday mark,5ff27268-5e70-53ec-9ff7-84283d0d5d82
Keli Devi,AFSM-DUMMY-010,2025-02-06,Present,0,Generated default Present: no absent/halfday mark,739c2ab5-f7d5-5267-b171-e48e72199c54
Keli Devi,AFSM-DUMMY-010,2025-02-07,Present,0,Generated default Present: no absent/halfday mark,c70fc5dc-56dc-5df8-ad7c-e7efa804d1ac
Keli Devi,AFSM-DUMMY-010,2025-02-08,Present,0,Generated default Present: no absent/halfday mark,c734bc30-41db-5489-91eb-e20540d03a5d
Keli Devi,AFSM-DUMMY-010,2025-02-09,Present,0,Generated default Present: no absent/halfday mark,d76f0a6b-cca2-5ed2-b777-cd17dff0b546
Keli Devi,AFSM-DUMMY-010,2025-02-10,Present,0,Generated default Present: no absent/halfday mark,3e7c7382-7654-5b98-81ae-3420e6e46d4c
Keli Devi,AFSM-DUMMY-010,2025-02-11,Present,0,Generated default Present: no absent/halfday mark,d5cbd845-f258-52cd-b43b-c7982d89c426
Keli Devi,AFSM-DUMMY-010,2025-02-12,Present,0,Generated default Present: no absent/halfday mark,bcb2d066-c648-5050-8a15-dd89144cc560
Keli Devi,AFSM-DUMMY-010,2025-02-13,Present,0,Generated default Present: no absent/halfday mark,02d0a2e0-d221-5b4d-8ae0-7ea8c75c0b11
Keli Devi,AFSM-DUMMY-010,2025-02-14,Present,0,Generated default Present: no absent/halfday mark,f920c8bc-3f1e-5d6b-b600-a6b83452a02b
Keli Devi,AFSM-DUMMY-010,2025-02-15,Present,0,Generated default Present: no absent/halfday mark,2e58175e-c315-51d2-a63a-56e2e2993d5e
Keli Devi,AFSM-DUMMY-010,2025-02-16,Present,0,Generated default Present: no absent/halfday mark,6476d08f-7861-55a8-a864-3adc7a2db06b
Keli Devi,AFSM-DUMMY-010,2025-02-17,Present,0,Generated default Present: no absent/halfday mark,d4bd3ab4-3cc7-5b76-88c8-d53cd87c23f6
Keli Devi,AFSM-DUMMY-010,2025-02-18,Present,0,Generated default Present: no absent/halfday mark,32026adf-c03a-515f-869a-e001ddf1d35b
Keli Devi,AFSM-DUMMY-010,2025-02-19,HalfDay,2,Excel import: HalfDay,90aa84e3-f48b-5735-8130-f74532b46453
Keli Devi,AFSM-DUMMY-010,2025-02-20,Present,0,Generated default Present: no absent/halfday mark,87e93553-fdee-5ad9-a049-121c9d7276e6
Keli Devi,AFSM-DUMMY-010,2025-02-21,Present,0,Generated default Present: no absent/halfday mark,cf9041b5-cfa1-509e-b5ad-3ab1c68a77be
Keli Devi,AFSM-DUMMY-010,2025-02-22,Present,0,Generated default Present: no absent/halfday mark,88dc212b-d4b6-5869-a754-35663c3d6c33
Keli Devi,AFSM-DUMMY-010,2025-02-23,Present,0,Generated default Present: no absent/halfday mark,07246222-a2e7-546e-927e-6886d334421e
Keli Devi,AFSM-DUMMY-010,2025-02-24,Present,0,Generated default Present: no absent/halfday mark,36ab7d44-8685-5fe5-b0f6-346514888c17
Keli Devi,AFSM-DUMMY-010,2025-02-25,Present,0,Generated default Present: no absent/halfday mark,e8ef8439-1288-5e1d-8584-f865f12d0272
Keli Devi,AFSM-DUMMY-010,2025-02-26,Present,0,Generated default Present: no absent/halfday mark,835e7aef-247e-5977-820a-18d4644807c1
Keli Devi,AFSM-DUMMY-010,2025-02-27,Present,0,Generated default Present: no absent/halfday mark,a923c8bd-fb7a-54e0-8c31-5492d9cce791
Keli Devi,AFSM-DUMMY-010,2025-02-28,Present,0,Generated default Present: no absent/halfday mark,d6a91f59-5b8e-5d65-b304-9d50ea1d30ef
Keli Devi,AFSM-DUMMY-010,2025-03-01,Present,0,Generated default Present: no absent/halfday mark,9a44d948-ec83-5f2f-82c6-1857fba2f12c
Keli Devi,AFSM-DUMMY-010,2025-03-02,Present,0,Generated default Present: no absent/halfday mark,20758352-2db6-553f-99c3-a9c5b11387df
Keli Devi,AFSM-DUMMY-010,2025-03-03,Present,0,Generated default Present: no absent/halfday mark,0371980a-e67f-527f-8d87-6442f6b1a830
Keli Devi,AFSM-DUMMY-010,2025-03-04,Present,0,Generated default Present: no absent/halfday mark,17c5e39e-e209-5864-80ef-5d1e201c723e
Keli Devi,AFSM-DUMMY-010,2025-03-05,Present,0,Generated default Present: no absent/halfday mark,074cc9a5-0575-51d9-bbb6-a1ba9d362f77
Keli Devi,AFSM-DUMMY-010,2025-03-06,Present,0,Generated default Present: no absent/halfday mark,bfe6f7b5-2d33-5c4f-b5d9-922a03ce0e91
Keli Devi,AFSM-DUMMY-010,2025-03-07,Present,0,Generated default Present: no absent/halfday mark,b5cca060-4ece-55c8-bdbf-cb15ab5e20a1
Keli Devi,AFSM-DUMMY-010,2025-03-08,Present,0,Generated default Present: no absent/halfday mark,2a2c3e7f-d991-52a5-a8cc-c7b6b2110cec
Keli Devi,AFSM-DUMMY-010,2025-03-09,Present,0,Generated default Present: no absent/halfday mark,0acaa755-bc44-58d3-bbcc-30a33b6f2c54
Keli Devi,AFSM-DUMMY-010,2025-03-10,Absent,1,Excel import: Absent,34c8100e-f30d-562d-b0eb-7b9da2bd7171
Keli Devi,AFSM-DUMMY-010,2025-03-11,Absent,1,Excel import: Absent,64bc43f0-4f32-5f3c-9300-6f5bd2affb70
Keli Devi,AFSM-DUMMY-010,2025-03-12,Present,0,Generated default Present: no absent/halfday mark,3d8bb8c4-f362-57af-96a9-57a4e5797b6d
Keli Devi,AFSM-DUMMY-010,2025-03-13,Present,0,Generated default Present: no absent/halfday mark,3bfafee3-a333-5689-af54-8cb17f73bb56
Keli Devi,AFSM-DUMMY-010,2025-03-14,Present,0,Generated default Present: no absent/halfday mark,54ec13cb-d1fd-5b37-b3f0-5fd891e637ee
Keli Devi,AFSM-DUMMY-010,2025-03-15,Present,0,Generated default Present: no absent/halfday mark,3fb3748f-7a5a-5659-bfaf-9aadd8458013
Keli Devi,AFSM-DUMMY-010,2025-03-16,Present,0,Generated default Present: no absent/halfday mark,8610dd4e-a667-5ecf-a773-e52b78d08b19
Keli Devi,AFSM-DUMMY-010,2025-03-17,Present,0,Generated default Present: no absent/halfday mark,c5596e40-7a78-55e3-988c-17353d1bc658
Keli Devi,AFSM-DUMMY-010,2025-03-18,Present,0,Generated default Present: no absent/halfday mark,e46a4620-f23f-5140-a4dd-75302d75ef3c
Keli Devi,AFSM-DUMMY-010,2025-03-19,Present,0,Generated default Present: no absent/halfday mark,71c2c75e-b96f-53c9-9828-c8a95533c620
Keli Devi,AFSM-DUMMY-010,2025-03-20,Present,0,Generated default Present: no absent/halfday mark,993198bd-352f-5015-bb89-e68951167664
Keli Devi,AFSM-DUMMY-010,2025-03-21,Present,0,Generated default Present: no absent/halfday mark,3a6062ea-644c-5b00-9686-bee5d74fb00e
Keli Devi,AFSM-DUMMY-010,2025-03-22,Present,0,Generated default Present: no absent/halfday mark,3c0bedd3-8e02-5e20-8d8c-6c9ccad71283
Keli Devi,AFSM-DUMMY-010,2025-03-23,Present,0,Generated default Present: no absent/halfday mark,b7079eeb-ee1c-5905-95f0-c68103c7303c
Keli Devi,AFSM-DUMMY-010,2025-03-24,Present,0,Generated default Present: no absent/halfday mark,bf010cb8-ff7b-5a03-a07d-1f2b76d49e8c
Keli Devi,AFSM-DUMMY-010,2025-03-25,Present,0,Generated default Present: no absent/halfday mark,a3654c26-1f6c-5285-b3ef-f205ce647bf5
Keli Devi,AFSM-DUMMY-010,2025-03-26,Present,0,Generated default Present: no absent/halfday mark,deeb1fdc-a570-5898-8e6f-45c1110b201d
Keli Devi,AFSM-DUMMY-010,2025-03-27,Present,0,Generated default Present: no absent/halfday mark,a7216d42-73ee-5f29-ae0a-634e8abec590
Keli Devi,AFSM-DUMMY-010,2025-03-28,Present,0,Generated default Present: no absent/halfday mark,c33b10aa-45b4-5110-99f3-2ad33bebaa35
Keli Devi,AFSM-DUMMY-010,2025-03-29,Present,0,Generated default Present: no absent/halfday mark,378a8da3-e6f3-55ff-a7fb-8459e16dd7cc
Keli Devi,AFSM-DUMMY-010,2025-03-30,Present,0,Generated default Present: no absent/halfday mark,3c4d7f50-dfac-571f-9b10-b0b7697e671b
Keli Devi,AFSM-DUMMY-010,2025-03-31,Present,0,Generated default Present: no absent/halfday mark,701fca40-4ac9-5cd7-a59e-8909515ce384
Keli Devi,AFSM-DUMMY-010,2025-04-01,Present,0,Generated default Present: no absent/halfday mark,a2b4770a-c346-5452-b5c3-cccdcaad3250
Keli Devi,AFSM-DUMMY-010,2025-04-02,Present,0,Generated default Present: no absent/halfday mark,a9aefe90-224f-5bf5-8c80-c88dcdd13428
Keli Devi,AFSM-DUMMY-010,2025-04-03,Present,0,Generated default Present: no absent/halfday mark,2764a366-1140-5edc-88ae-3bf61c7c3d02
Keli Devi,AFSM-DUMMY-010,2025-04-04,Present,0,Generated default Present: no absent/halfday mark,a0ebcee0-11a5-5f28-96d2-3677ce5b431d
Keli Devi,AFSM-DUMMY-010,2025-04-05,HalfDay,2,Excel import: HalfDay,7113d665-e961-58ac-89f0-e445c8f46784
Keli Devi,AFSM-DUMMY-010,2025-04-06,Present,0,Generated default Present: no absent/halfday mark,a8c7a6da-44e8-57a6-9562-ce4557135c18
Keli Devi,AFSM-DUMMY-010,2025-04-07,Present,0,Generated default Present: no absent/halfday mark,c5c17ffb-25f4-5bf4-8888-25da5dd2b9fe
Keli Devi,AFSM-DUMMY-010,2025-04-08,Absent,1,Excel import: Absent,196f11c3-8735-5482-b7bd-726cc7e5e2c8
Keli Devi,AFSM-DUMMY-010,2025-04-09,Present,0,Generated default Present: no absent/halfday mark,8571f93a-497f-58ce-b783-50bd5f2be681
Keli Devi,AFSM-DUMMY-010,2025-04-10,Present,0,Generated default Present: no absent/halfday mark,927b8c3a-79a5-51a1-8bda-caf66600211d
Keli Devi,AFSM-DUMMY-010,2025-04-11,Present,0,Generated default Present: no absent/halfday mark,7a790b3a-519b-5d9f-a9e0-6cf1475e43b6
Keli Devi,AFSM-DUMMY-010,2025-04-12,Present,0,Generated default Present: no absent/halfday mark,b5049746-5b90-5503-b6de-a58d7e86789d
Keli Devi,AFSM-DUMMY-010,2025-04-13,Present,0,Generated default Present: no absent/halfday mark,b605beca-60ec-5ed0-ac44-9f8145080973
Keli Devi,AFSM-DUMMY-010,2025-04-14,Present,0,Generated default Present: no absent/halfday mark,ac315512-62c4-5ace-a043-a39aba086e77
Keli Devi,AFSM-DUMMY-010,2025-04-15,Present,0,Generated default Present: no absent/halfday mark,659ccf3b-3103-55c6-9868-1269f80fa679
Keli Devi,AFSM-DUMMY-010,2025-04-16,Present,0,Generated default Present: no absent/halfday mark,2391beeb-baba-5b9d-9dcc-3ba2362491aa
Keli Devi,AFSM-DUMMY-010,2025-04-17,Present,0,Generated default Present: no absent/halfday mark,56acc855-ad82-5143-8581-e1ed7ab3d977
Keli Devi,AFSM-DUMMY-010,2025-04-18,HalfDay,2,Excel import: HalfDay,f99113df-3ba5-5954-ab8a-ceee83a10e8c
Keli Devi,AFSM-DUMMY-010,2025-04-19,Present,0,Generated default Present: no absent/halfday mark,2f358f64-4637-5bb5-a106-ef6ea1b5f914
Keli Devi,AFSM-DUMMY-010,2025-04-20,Present,0,Generated default Present: no absent/halfday mark,8700cd15-0cf0-59ae-b5c8-fa7febeef4ae
Keli Devi,AFSM-DUMMY-010,2025-04-21,Present,0,Generated default Present: no absent/halfday mark,a2369ed1-e98b-5f83-a551-20dd138223c7
Keli Devi,AFSM-DUMMY-010,2025-04-22,Present,0,Generated default Present: no absent/halfday mark,ec71e1de-2331-52bb-b905-7e1215709a71
Keli Devi,AFSM-DUMMY-010,2025-04-23,Present,0,Generated default Present: no absent/halfday mark,d6f592c6-bcb7-57ba-947d-8d5eec021b45
Keli Devi,AFSM-DUMMY-010,2025-04-24,Absent,1,Excel import: Absent,70c99107-b9d8-563f-afde-cae6dc043782
Keli Devi,AFSM-DUMMY-010,2025-04-25,Present,0,Generated default Present: no absent/halfday mark,794d68f4-054a-5a6d-9ca2-5c2343384d4e
Keli Devi,AFSM-DUMMY-010,2025-04-26,Present,0,Generated default Present: no absent/halfday mark,0fb7693a-4736-5f07-a2b4-b4d20d3a27f6
Keli Devi,AFSM-DUMMY-010,2025-04-27,Present,0,Generated default Present: no absent/halfday mark,08fe71b2-dadd-5f76-af9d-8a9b3b015e24
Keli Devi,AFSM-DUMMY-010,2025-04-28,Present,0,Generated default Present: no absent/halfday mark,0efe32c6-f1b1-5592-9e13-4776744c0f07
Keli Devi,AFSM-DUMMY-010,2025-04-29,Present,0,Generated default Present: no absent/halfday mark,ae1425c1-7ae5-5b54-8dd5-7a1acbc69cd3
Keli Devi,AFSM-DUMMY-010,2025-04-30,Present,0,Generated default Present: no absent/halfday mark,b34044b3-3f1c-5664-b2c9-1f4eb1b874b5
Keli Devi,AFSM-DUMMY-010,2025-05-01,Absent,1,Excel import: Absent,dee6c0dc-31d6-524e-b48d-600bd7e1c89f
Keli Devi,AFSM-DUMMY-010,2025-05-02,Present,0,Generated default Present: no absent/halfday mark,15c1346c-03a4-5fe3-bef6-335735104a14
Keli Devi,AFSM-DUMMY-010,2025-05-03,Absent,1,Excel import: Absent,fc8f5b44-b924-52e6-9102-ffd52a17c0d1
Keli Devi,AFSM-DUMMY-010,2025-05-04,Present,0,Generated default Present: no absent/halfday mark,7447b79f-237c-5caa-974e-da2687a91fe4
Keli Devi,AFSM-DUMMY-010,2025-05-05,Absent,1,Excel import: Absent,2d8f2151-f6a0-5d58-b6aa-4afff84d20d7
Keli Devi,AFSM-DUMMY-010,2025-05-06,Absent,1,Excel import: Absent,bf827e94-38ed-50ba-958c-709ec0153401
Keli Devi,AFSM-DUMMY-010,2025-05-07,Absent,1,Excel import: Absent,7ef6cd1b-56f9-5041-b11f-961722445609
Keli Devi,AFSM-DUMMY-010,2025-05-08,Present,0,Generated default Present: no absent/halfday mark,ccfd5d34-9573-545b-89b7-4a85404d60ba
Keli Devi,AFSM-DUMMY-010,2025-05-09,Absent,1,Excel import: Absent,2f1e09be-029d-5659-96ef-a354f1fc48d4
Keli Devi,AFSM-DUMMY-010,2025-05-10,Present,0,Generated default Present: no absent/halfday mark,818e2214-3e83-52aa-b610-0358dda6c2c5
Keli Devi,AFSM-DUMMY-010,2025-05-11,Present,0,Generated default Present: no absent/halfday mark,ea6cb609-dd07-59e1-babe-ee069f5d944f
Keli Devi,AFSM-DUMMY-010,2025-05-12,Present,0,Generated default Present: no absent/halfday mark,684e7428-3e68-5503-81ff-cc3539aa24c8
Keli Devi,AFSM-DUMMY-010,2025-05-13,Present,0,Generated default Present: no absent/halfday mark,a01350b4-58dd-5477-b1dc-66bf92c3c149
Keli Devi,AFSM-DUMMY-010,2025-05-14,Present,0,Generated default Present: no absent/halfday mark,586d2e87-861a-5cf9-81e4-684fbf1672a6
Keli Devi,AFSM-DUMMY-010,2025-05-15,Present,0,Generated default Present: no absent/halfday mark,0648f45b-fd39-5fe8-b314-c60d85ada7e8
Keli Devi,AFSM-DUMMY-010,2025-05-16,Present,0,Generated default Present: no absent/halfday mark,0897c9ca-2c41-593a-99f5-b19da18c9ee9
Keli Devi,AFSM-DUMMY-010,2025-05-17,Present,0,Generated default Present: no absent/halfday mark,35ba6e63-cdb5-5f58-987a-c96b411e2f5c
Keli Devi,AFSM-DUMMY-010,2025-05-18,Present,0,Generated default Present: no absent/halfday mark,f6bb614a-b16e-54b2-bc74-3e5712bfe959
Keli Devi,AFSM-DUMMY-010,2025-05-19,Present,0,Generated default Present: no absent/halfday mark,caeff92d-28ef-52ac-aaf0-f8c207dd30fd
Keli Devi,AFSM-DUMMY-010,2025-05-20,Present,0,Generated default Present: no absent/halfday mark,bdcdcd3b-74e6-5c10-942b-658ee73d9351
Keli Devi,AFSM-DUMMY-010,2025-05-21,Present,0,Generated default Present: no absent/halfday mark,85426c55-896c-558c-8320-f105188abdba
Keli Devi,AFSM-DUMMY-010,2025-05-22,Present,0,Generated default Present: no absent/halfday mark,96c30d30-9c46-528f-97a9-31760f725167
Keli Devi,AFSM-DUMMY-010,2025-05-23,Present,0,Generated default Present: no absent/halfday mark,c69c58ed-4668-58f6-a176-02c79f79492f
Keli Devi,AFSM-DUMMY-010,2025-05-24,Absent,1,Excel import: Absent,3527d50e-7cc5-5c94-a3df-b090bc9bdb48
Keli Devi,AFSM-DUMMY-010,2025-05-25,Present,0,Generated default Present: no absent/halfday mark,83ddcd66-2fa0-50b5-b2e6-6c71e8655392
Keli Devi,AFSM-DUMMY-010,2025-05-26,Present,0,Generated default Present: no absent/halfday mark,6916be6f-420b-532a-833a-c65698aabc79
Keli Devi,AFSM-DUMMY-010,2025-05-27,Present,0,Generated default Present: no absent/halfday mark,9a8617b5-ba4f-552b-8623-e7374d38c8a6
Keli Devi,AFSM-DUMMY-010,2025-05-28,Present,0,Generated default Present: no absent/halfday mark,2f024483-d534-5fa8-995f-0e7313199d1b
Keli Devi,AFSM-DUMMY-010,2025-05-29,Present,0,Generated default Present: no absent/halfday mark,52cee836-b27f-571c-a1d0-990fe1f68f48
Keli Devi,AFSM-DUMMY-010,2025-05-30,Present,0,Generated default Present: no absent/halfday mark,72462acb-8e7e-576a-a608-024c3bcb3a3e
Keli Devi,AFSM-DUMMY-010,2025-05-31,Present,0,Generated default Present: no absent/halfday mark,d6492250-c9ee-5d1f-ae4d-8ff80fcd7a08
Keli Devi,AFSM-DUMMY-010,2025-06-01,Present,0,Generated default Present: no absent/halfday mark,355faffb-b222-55d5-9ee9-0147208fae56
Keli Devi,AFSM-DUMMY-010,2025-06-02,Present,0,Generated default Present: no absent/halfday mark,f0325e33-e3df-5534-8675-69e13d56679e
Keli Devi,AFSM-DUMMY-010,2025-06-03,Absent,1,Excel import: Absent,bc38955a-2a41-5dab-b685-85432868a011
Keli Devi,AFSM-DUMMY-010,2025-06-04,Absent,1,Excel import: Absent,23ea827f-ae4e-5517-a26f-ae9f32f7e4fb
Keli Devi,AFSM-DUMMY-010,2025-06-05,Present,0,Generated default Present: no absent/halfday mark,2dbca1c5-615d-5f1e-8e5f-4acb6afa110b
Keli Devi,AFSM-DUMMY-010,2025-06-06,Present,0,Generated default Present: no absent/halfday mark,1b8a2125-9511-5653-a0a4-2309acef89e1
Keli Devi,AFSM-DUMMY-010,2025-06-07,Present,0,Generated default Present: no absent/halfday mark,3d544cff-1bf5-5c22-a0c6-95f7b39e07bf
Keli Devi,AFSM-DUMMY-010,2025-06-08,Present,0,Generated default Present: no absent/halfday mark,1df862d6-9f51-5ee5-b2ad-3a1fa0847a9d
Keli Devi,AFSM-DUMMY-010,2025-06-09,Present,0,Generated default Present: no absent/halfday mark,f5eaff56-c164-5053-bd56-ce05a335ae48
Keli Devi,AFSM-DUMMY-010,2025-06-10,Present,0,Generated default Present: no absent/halfday mark,6d21a20f-d7fe-5166-ab5e-65e498c339a5
Keli Devi,AFSM-DUMMY-010,2025-06-11,Present,0,Generated default Present: no absent/halfday mark,c2b33083-196b-5ad4-acaa-56bf42e953ea
Keli Devi,AFSM-DUMMY-010,2025-06-12,Present,0,Generated default Present: no absent/halfday mark,52ae4ad8-c86a-5ca1-868b-065fff7dce96
Keli Devi,AFSM-DUMMY-010,2025-06-13,Present,0,Generated default Present: no absent/halfday mark,d7c51b1a-bcad-5bf6-aaae-ecd39b7bc63e
Keli Devi,AFSM-DUMMY-010,2025-06-14,Present,0,Generated default Present: no absent/halfday mark,c8f98afc-938a-55c5-b3d5-5dd86c1e7838
Keli Devi,AFSM-DUMMY-010,2025-06-15,Present,0,Generated default Present: no absent/halfday mark,6270382e-8ea5-518e-b853-91f457ae263b
Keli Devi,AFSM-DUMMY-010,2025-06-16,Present,0,Generated default Present: no absent/halfday mark,2b02c451-81b5-5280-a8c7-258704b785a3
Keli Devi,AFSM-DUMMY-010,2025-06-17,Present,0,Generated default Present: no absent/halfday mark,90986161-1d4d-55fb-a2e6-1d9df58838fe
Keli Devi,AFSM-DUMMY-010,2025-06-18,Present,0,Generated default Present: no absent/halfday mark,11b663dd-e4c0-5e5e-a805-95aa5ee897a3
Keli Devi,AFSM-DUMMY-010,2025-06-19,HalfDay,2,Excel import: HalfDay,9dbd8995-144c-5dda-a489-9a39a454b15d
Keli Devi,AFSM-DUMMY-010,2025-06-20,Present,0,Generated default Present: no absent/halfday mark,34606157-d1fb-5dd3-ab44-64cc00fd13a4
Keli Devi,AFSM-DUMMY-010,2025-06-21,Present,0,Generated default Present: no absent/halfday mark,bc782443-cc84-55de-864f-c20778aaa25e
Keli Devi,AFSM-DUMMY-010,2025-06-22,Present,0,Generated default Present: no absent/halfday mark,49bf05ff-8b8f-59ad-856e-45aeb85e285d
Keli Devi,AFSM-DUMMY-010,2025-06-23,Present,0,Generated default Present: no absent/halfday mark,666be2bc-0b68-5121-8fce-1c7c43eb6f5a
Keli Devi,AFSM-DUMMY-010,2025-06-24,Absent,1,Excel import: Absent,0c59fdb3-3dfd-5466-b10f-78a8b8a526fa
Keli Devi,AFSM-DUMMY-010,2025-06-25,Present,0,Generated default Present: no absent/halfday mark,a6d84a1d-71ff-5c2b-8006-496e69a99a82
Keli Devi,AFSM-DUMMY-010,2025-06-26,Present,0,Generated default Present: no absent/halfday mark,f25961de-24d1-56ae-8327-f9807057c796
Keli Devi,AFSM-DUMMY-010,2025-06-27,Present,0,Generated default Present: no absent/halfday mark,793df4d0-66e6-5360-a2db-b5b703eb6fb4
Keli Devi,AFSM-DUMMY-010,2025-06-28,Present,0,Generated default Present: no absent/halfday mark,f983389a-59b4-571a-a26c-12e79bb74f16
Keli Devi,AFSM-DUMMY-010,2025-06-29,Present,0,Generated default Present: no absent/halfday mark,38e46070-2d3a-55b3-8501-ab95b7413a66
Keli Devi,AFSM-DUMMY-010,2025-06-30,Present,0,Generated default Present: no absent/halfday mark,4a117522-1a34-5309-82f9-93f0b28de6cb
Keli Devi,AFSM-DUMMY-010,2025-07-01,Present,0,Generated default Present: no absent/halfday mark,edfe1d1b-c91d-5fc1-9d77-61d83b43271a
Keli Devi,AFSM-DUMMY-010,2025-07-02,Present,0,Generated default Present: no absent/halfday mark,c2f77f72-84dc-5392-8e0b-f030513bce57
Keli Devi,AFSM-DUMMY-010,2025-07-03,Present,0,Generated default Present: no absent/halfday mark,d21fe2b2-f840-5705-8fae-87e6c4b52b68
Keli Devi,AFSM-DUMMY-010,2025-07-04,Present,0,Generated default Present: no absent/halfday mark,3ee3d20f-f282-5cd6-be74-fe1772dd646e
Keli Devi,AFSM-DUMMY-010,2025-07-05,Present,0,Generated default Present: no absent/halfday mark,a9a7d720-1a51-58aa-86a6-1c778bdb6070
Keli Devi,AFSM-DUMMY-010,2025-07-06,Present,0,Generated default Present: no absent/halfday mark,1c449cca-01a9-5b33-b7ee-64d4e584e1c5
Keli Devi,AFSM-DUMMY-010,2025-07-07,Present,0,Generated default Present: no absent/halfday mark,b6374693-caaf-5cfd-8491-0bbe34c4d515
Keli Devi,AFSM-DUMMY-010,2025-07-08,Present,0,Generated default Present: no absent/halfday mark,11fb2824-b85a-511f-b0b3-e9505f997b05
Keli Devi,AFSM-DUMMY-010,2025-07-09,Present,0,Generated default Present: no absent/halfday mark,bef201c6-86d4-5988-9f75-25c12980f6aa
Keli Devi,AFSM-DUMMY-010,2025-07-10,Present,0,Generated default Present: no absent/halfday mark,a391fc36-a2d8-572d-8f93-bc7dfbf9e0e4
Keli Devi,AFSM-DUMMY-010,2025-07-11,Present,0,Generated default Present: no absent/halfday mark,5094cd73-8636-5083-a66b-f871b978a728
Keli Devi,AFSM-DUMMY-010,2025-07-12,Present,0,Generated default Present: no absent/halfday mark,cf405dea-e42d-52f6-8910-5b40ceed860d
Keli Devi,AFSM-DUMMY-010,2025-07-13,Present,0,Generated default Present: no absent/halfday mark,02cd47bf-6588-5f0f-94d8-20cdca2fb345
Keli Devi,AFSM-DUMMY-010,2025-07-14,Present,0,Generated default Present: no absent/halfday mark,e9996752-3866-50e3-ae20-1c35653a4c00
Keli Devi,AFSM-DUMMY-010,2025-07-15,Present,0,Generated default Present: no absent/halfday mark,108e812f-b4aa-562a-9d6f-a77bfb806240
Keli Devi,AFSM-DUMMY-010,2025-07-16,Present,0,Generated default Present: no absent/halfday mark,afa23050-1d0c-5350-b922-03f8d7771283
Keli Devi,AFSM-DUMMY-010,2025-07-17,Present,0,Generated default Present: no absent/halfday mark,09c2ec01-b2d7-5686-ba38-70cd1b95a96b
Keli Devi,AFSM-DUMMY-010,2025-07-18,Present,0,Generated default Present: no absent/halfday mark,60d5d523-6a9c-5f62-ba7b-e141521f2146
Keli Devi,AFSM-DUMMY-010,2025-07-19,Present,0,Generated default Present: no absent/halfday mark,5843d1fe-e2a5-5d06-808c-326b82db2a67
Keli Devi,AFSM-DUMMY-010,2025-07-20,Present,0,Generated default Present: no absent/halfday mark,66e8b85d-8a7b-5a2e-ac0d-8854f9dcd8a7
Keli Devi,AFSM-DUMMY-010,2025-07-21,Present,0,Generated default Present: no absent/halfday mark,a0ffd14d-f195-53bf-a16a-51c1c6bb1b14
Keli Devi,AFSM-DUMMY-010,2025-07-22,Present,0,Generated default Present: no absent/halfday mark,5feb7912-6672-59b9-be3b-ee40ae8cc619
Keli Devi,AFSM-DUMMY-010,2025-07-23,Present,0,Generated default Present: no absent/halfday mark,2daed877-738d-5fd5-931e-045bc4c6a333
Keli Devi,AFSM-DUMMY-010,2025-07-24,Present,0,Generated default Present: no absent/halfday mark,7d1155ed-1376-55a3-b423-ebcfaebe66fe
Keli Devi,AFSM-DUMMY-010,2025-07-25,Present,0,Generated default Present: no absent/halfday mark,aa2cd036-e92b-57b5-9d50-9294ab21e74b
Keli Devi,AFSM-DUMMY-010,2025-07-26,Present,0,Generated default Present: no absent/halfday mark,c407540c-1a23-5f2e-981a-706798975c73
Keli Devi,AFSM-DUMMY-010,2025-07-27,Present,0,Generated default Present: no absent/halfday mark,f5d9c9bc-2206-54bf-9534-760d8a5f2df9
Keli Devi,AFSM-DUMMY-010,2025-07-28,Present,0,Generated default Present: no absent/halfday mark,ee47b128-42d0-5013-b4d7-3094cd1b1ba1
Keli Devi,AFSM-DUMMY-010,2025-07-29,Present,0,Generated default Present: no absent/halfday mark,5588b427-2522-5baa-9d69-7caf2213fe1d
Keli Devi,AFSM-DUMMY-010,2025-07-30,Present,0,Generated default Present: no absent/halfday mark,d8dccd61-69af-5801-b4c9-24ba90771aab
Keli Devi,AFSM-DUMMY-010,2025-07-31,Present,0,Generated default Present: no absent/halfday mark,421ca493-49cf-55d2-b14e-0c36cbef5c5f
Keli Devi,AFSM-DUMMY-010,2025-08-01,HalfDay,2,Excel import: HalfDay,9ddf2ed1-4eb6-5b92-b261-37dbcb2c01f9
Keli Devi,AFSM-DUMMY-010,2025-08-02,Present,0,Generated default Present: no absent/halfday mark,218a823e-4552-5b1b-87c1-c29a84f317e3
Keli Devi,AFSM-DUMMY-010,2025-08-03,Present,0,Generated default Present: no absent/halfday mark,65beb60e-2941-572b-9f7f-6405779abeb7
Keli Devi,AFSM-DUMMY-010,2025-08-04,Absent,1,Excel import: Absent,11797a96-9376-5b96-81ea-2242422cddbe
Keli Devi,AFSM-DUMMY-010,2025-08-05,Absent,1,Excel import: Absent,5b37caa4-03cd-5cf8-bcb2-fba46cac8474
Keli Devi,AFSM-DUMMY-010,2025-08-06,Present,0,Generated default Present: no absent/halfday mark,79cca94e-a41d-5202-abf9-28d146141f86
Keli Devi,AFSM-DUMMY-010,2025-08-07,Present,0,Generated default Present: no absent/halfday mark,700cbfaf-413e-5e85-a513-233a89bf6190
Keli Devi,AFSM-DUMMY-010,2025-08-08,Present,0,Generated default Present: no absent/halfday mark,7ab8e894-d9c1-5063-ac51-d90df6650001
Keli Devi,AFSM-DUMMY-010,2025-08-09,Absent,1,Excel import: Absent,65b938e2-bd18-52e6-ad2f-f946e7f31441
Keli Devi,AFSM-DUMMY-010,2025-08-10,Present,0,Generated default Present: no absent/halfday mark,b9a52a35-aca0-5c27-a944-3eab7362fd93
Keli Devi,AFSM-DUMMY-010,2025-08-11,Present,0,Generated default Present: no absent/halfday mark,020fcc1a-3433-5b64-a397-e78bd2adb975
Keli Devi,AFSM-DUMMY-010,2025-08-12,Present,0,Generated default Present: no absent/halfday mark,77e3f8d5-66ea-59fe-9b40-b49eb3f17aa7
Keli Devi,AFSM-DUMMY-010,2025-08-13,Present,0,Generated default Present: no absent/halfday mark,3fc0272e-5d73-5371-8520-18651817d6f4
Keli Devi,AFSM-DUMMY-010,2025-08-14,Present,0,Generated default Present: no absent/halfday mark,b00a51cb-7971-5534-98ab-54556f94c83e
Keli Devi,AFSM-DUMMY-010,2025-08-15,Present,0,Generated default Present: no absent/halfday mark,bbc3b759-9f66-5fdb-9dc2-a0244471691d
Keli Devi,AFSM-DUMMY-010,2025-08-16,Present,0,Generated default Present: no absent/halfday mark,a141d1d6-1f8e-5748-a248-ef3a0daf378f
Keli Devi,AFSM-DUMMY-010,2025-08-17,Present,0,Generated default Present: no absent/halfday mark,fe784f18-713e-5c57-9fd3-60eb2a59e0db
Keli Devi,AFSM-DUMMY-010,2025-08-18,HalfDay,2,Excel import: HalfDay,3518ea69-9517-5146-8bec-105123cdcb8b
Keli Devi,AFSM-DUMMY-010,2025-08-19,Present,0,Generated default Present: no absent/halfday mark,664c5332-7fd5-56e6-aa65-79b5323c5d80
Keli Devi,AFSM-DUMMY-010,2025-08-20,Present,0,Generated default Present: no absent/halfday mark,f490113b-f2b1-568d-b122-d732682b63f7
Keli Devi,AFSM-DUMMY-010,2025-08-21,Absent,1,Excel import: Absent,2f565a6c-aada-5746-9f57-67b7abbc5b9d
Keli Devi,AFSM-DUMMY-010,2025-08-22,Present,0,Generated default Present: no absent/halfday mark,b6095703-0f8f-58c2-940a-10ca4dd3b614
Keli Devi,AFSM-DUMMY-010,2025-08-23,Present,0,Generated default Present: no absent/halfday mark,e90466a5-790c-53e8-9f52-5c6ca7df3143
Keli Devi,AFSM-DUMMY-010,2025-08-24,Present,0,Generated default Present: no absent/halfday mark,e8941d41-3cc2-50e2-82f4-ee0d85824c20
Keli Devi,AFSM-DUMMY-010,2025-08-25,Present,0,Generated default Present: no absent/halfday mark,e2a82ce8-f1ef-5434-be7d-713d8732427a
Keli Devi,AFSM-DUMMY-010,2025-08-26,Present,0,Generated default Present: no absent/halfday mark,5cf3a0f4-2886-5b29-8a88-1789babfc3fc
Keli Devi,AFSM-DUMMY-010,2025-08-27,Present,0,Generated default Present: no absent/halfday mark,316ac7eb-cf9c-5e29-b3a4-99548118f11d
Keli Devi,AFSM-DUMMY-010,2025-08-28,Present,0,Generated default Present: no absent/halfday mark,fa7dd68c-2d93-5e48-aae9-0a0700febb40
Keli Devi,AFSM-DUMMY-010,2025-08-29,Absent,1,Excel import: Absent,971bdcc5-1cf5-56b3-85a5-d9053132f609
Keli Devi,AFSM-DUMMY-010,2025-08-30,Absent,1,Excel import: Absent,c38e3f1b-180b-536f-8239-ef73d50a3a36
Keli Devi,AFSM-DUMMY-010,2025-08-31,Present,0,Generated default Present: no absent/halfday mark,b7d078fb-3806-5f0b-aeba-888af723b86e
Keli Devi,AFSM-DUMMY-010,2025-09-01,Present,0,Generated default Present: no absent/halfday mark,1600b136-e623-5364-ba61-cf28c7c69de7
Keli Devi,AFSM-DUMMY-010,2025-09-02,Present,0,Generated default Present: no absent/halfday mark,c3217860-0ad1-529d-bce4-a7ea785553d3
Keli Devi,AFSM-DUMMY-010,2025-09-03,Present,0,Generated default Present: no absent/halfday mark,be3a283a-6d37-5e68-882e-9728097b31a2
Keli Devi,AFSM-DUMMY-010,2025-09-04,Present,0,Generated default Present: no absent/halfday mark,7ae7352b-7f84-58db-af3e-bad54ff022f6
Keli Devi,AFSM-DUMMY-010,2025-09-05,Present,0,Generated default Present: no absent/halfday mark,c533a4c7-4579-56ee-96f9-fbe639c634a0
Keli Devi,AFSM-DUMMY-010,2025-09-06,Present,0,Generated default Present: no absent/halfday mark,ea714329-1b12-5fd3-b3e2-4c92fc2c6241
Keli Devi,AFSM-DUMMY-010,2025-09-07,Present,0,Generated default Present: no absent/halfday mark,9bf71cf2-859b-5491-9160-26a07add4434
Keli Devi,AFSM-DUMMY-010,2025-09-08,Present,0,Generated default Present: no absent/halfday mark,94e6741a-20cb-5571-b19b-4b96a1a00de2
Keli Devi,AFSM-DUMMY-010,2025-09-09,Present,0,Generated default Present: no absent/halfday mark,0daec0ed-d39f-5787-b28a-64cab4839bb9
Keli Devi,AFSM-DUMMY-010,2025-09-10,Absent,1,Excel import: Absent,d73d4914-e726-52de-9cd2-2f85849b20b0
Keli Devi,AFSM-DUMMY-010,2025-09-11,Present,0,Generated default Present: no absent/halfday mark,b7dac7a0-c772-575e-baf2-2bd365d47486
Keli Devi,AFSM-DUMMY-010,2025-09-12,Present,0,Generated default Present: no absent/halfday mark,4fa06549-5368-5073-a4e5-af1fd15a104f
Keli Devi,AFSM-DUMMY-010,2025-09-13,Present,0,Generated default Present: no absent/halfday mark,47a684ef-da83-5543-b2f5-ed8ea26efb73
Keli Devi,AFSM-DUMMY-010,2025-09-14,Absent,1,Excel import: Absent,0126d937-1176-55f0-9e06-442f9914c4fb
Keli Devi,AFSM-DUMMY-010,2025-09-15,Absent,1,Excel import: Absent,5a72756f-19f4-52e2-8d32-de7c6d30e060
Keli Devi,AFSM-DUMMY-010,2025-09-16,Present,0,Generated default Present: no absent/halfday mark,bcc16cee-a598-55a9-9a3e-30df9bd31733
Keli Devi,AFSM-DUMMY-010,2025-09-17,Present,0,Generated default Present: no absent/halfday mark,7199b1e2-0b90-5967-b781-aacd2fb01658
Keli Devi,AFSM-DUMMY-010,2025-09-18,Present,0,Generated default Present: no absent/halfday mark,da52e7cf-7f95-5cec-89e6-3836c43c62cd
Keli Devi,AFSM-DUMMY-010,2025-09-19,Absent,1,Excel import: Absent,2d506082-6b40-5396-a932-b1eb65aeacf7
Keli Devi,AFSM-DUMMY-010,2025-09-20,Absent,1,Excel import: Absent,d94b26fa-c729-56b3-8f48-bc2368c5ed0f
Keli Devi,AFSM-DUMMY-010,2025-09-21,Present,0,Generated default Present: no absent/halfday mark,05ebcea5-fc2d-55b6-ad28-5043ab927bcb
Keli Devi,AFSM-DUMMY-010,2025-09-22,Present,0,Generated default Present: no absent/halfday mark,fe827a2d-c2d4-5b0c-91a7-863df41d8889
Keli Devi,AFSM-DUMMY-010,2025-09-23,Present,0,Generated default Present: no absent/halfday mark,82d590f8-38df-5870-bb17-d70ec093aea3
Keli Devi,AFSM-DUMMY-010,2025-09-24,Present,0,Generated default Present: no absent/halfday mark,8d9f7a96-d43a-5a90-a20b-9cfd167fdbea
Keli Devi,AFSM-DUMMY-010,2025-09-25,Present,0,Generated default Present: no absent/halfday mark,3c40a50d-4b33-5fe0-8cb6-2236a184a059
Keli Devi,AFSM-DUMMY-010,2025-09-26,Present,0,Generated default Present: no absent/halfday mark,42250020-b77c-5055-af71-60f45c0467e9
Keli Devi,AFSM-DUMMY-010,2025-09-27,Present,0,Generated default Present: no absent/halfday mark,87cd3bf4-645c-540b-bbd2-7cedd1df8791
Keli Devi,AFSM-DUMMY-010,2025-09-28,Present,0,Generated default Present: no absent/halfday mark,602d6730-ada9-5c07-b9ea-e82f902aaa92
Keli Devi,AFSM-DUMMY-010,2025-09-29,Present,0,Generated default Present: no absent/halfday mark,a2266144-ab8d-5478-a164-e06afe032766
Keli Devi,AFSM-DUMMY-010,2025-09-30,Present,0,Generated default Present: no absent/halfday mark,61eb849f-1cea-5621-a9e8-1cf0c8946f6b
Keli Devi,AFSM-DUMMY-010,2025-10-01,Present,0,Generated default Present: no absent/halfday mark,c7f1be6c-017a-51c4-ab80-c14cb0a7ad0e
Keli Devi,AFSM-DUMMY-010,2025-10-02,Present,0,Generated default Present: no absent/halfday mark,3942d527-2384-5f52-8123-3d14fa61f34f
Keli Devi,AFSM-DUMMY-010,2025-10-03,Present,0,Generated default Present: no absent/halfday mark,948b71bc-af78-5752-b4e8-439c660fb22f
Keli Devi,AFSM-DUMMY-010,2025-10-04,Present,0,Generated default Present: no absent/halfday mark,d1adeca0-9e6e-544a-93e0-2af0a9d6fb6c
Keli Devi,AFSM-DUMMY-010,2025-10-05,Absent,1,Excel import: Absent,3a9ddf71-98d3-5d2c-8653-12cda21d20a1
Keli Devi,AFSM-DUMMY-010,2025-10-06,Present,0,Generated default Present: no absent/halfday mark,950e37e8-be12-52a1-91b9-c92dadfbd2fb
Keli Devi,AFSM-DUMMY-010,2025-10-07,Present,0,Generated default Present: no absent/halfday mark,b647cf06-d809-5859-8ad2-9860e849244a
Keli Devi,AFSM-DUMMY-010,2025-10-08,Present,0,Generated default Present: no absent/halfday mark,4b0ceb2c-2809-54b9-8531-c82ff80e3efd
Keli Devi,AFSM-DUMMY-010,2025-10-09,Present,0,Generated default Present: no absent/halfday mark,151eaa99-1de7-53af-8f81-2c042dc77da3
Keli Devi,AFSM-DUMMY-010,2025-10-10,Absent,1,Excel import: Absent,0679222f-6c98-5d49-bcd6-d37356f40bed
Keli Devi,AFSM-DUMMY-010,2025-10-11,Present,0,Generated default Present: no absent/halfday mark,ca40b4f0-763c-5c11-a0e3-ae3d915754a6
Keli Devi,AFSM-DUMMY-010,2025-10-12,Present,0,Generated default Present: no absent/halfday mark,c052a10b-09c4-5747-9735-037d8fcea890
Keli Devi,AFSM-DUMMY-010,2025-10-13,Present,0,Generated default Present: no absent/halfday mark,a372bdbd-e9eb-530d-8a64-5e9cd71959fb
Keli Devi,AFSM-DUMMY-010,2025-10-14,Present,0,Generated default Present: no absent/halfday mark,ea088538-9d37-5020-8ec7-4de0053af4a7
Keli Devi,AFSM-DUMMY-010,2025-10-15,Present,0,Generated default Present: no absent/halfday mark,8543b78c-1a9d-5b28-8d8b-dfbe2a935ec0
Keli Devi,AFSM-DUMMY-010,2025-10-16,Present,0,Generated default Present: no absent/halfday mark,13a29dd7-a8af-549b-931d-567d14dbb63c
Keli Devi,AFSM-DUMMY-010,2025-10-17,Present,0,Generated default Present: no absent/halfday mark,0ac10c5a-0728-57fd-86ae-2924fc8e5ae2
Keli Devi,AFSM-DUMMY-010,2025-10-18,Present,0,Generated default Present: no absent/halfday mark,d5aaef0a-77ef-5af8-b4b8-3480fa74b2ab
Keli Devi,AFSM-DUMMY-010,2025-10-19,Present,0,Generated default Present: no absent/halfday mark,95599d9e-8bbb-5b7c-8987-a7e664781a41
Keli Devi,AFSM-DUMMY-010,2025-10-20,Present,0,Generated default Present: no absent/halfday mark,947fd2b8-ef6a-5848-b6fe-715518390292
Keli Devi,AFSM-DUMMY-010,2025-10-21,Present,0,Generated default Present: no absent/halfday mark,4eadef70-49e8-5444-b3f8-cb8b4f6cdac2
Keli Devi,AFSM-DUMMY-010,2025-10-22,Present,0,Generated default Present: no absent/halfday mark,f3f7a22f-b7ed-5e3c-ba66-a0ea742ea076
Keli Devi,AFSM-DUMMY-010,2025-10-23,Present,0,Generated default Present: no absent/halfday mark,255b0462-614d-598e-9aea-06707d6dc3a7
Keli Devi,AFSM-DUMMY-010,2025-10-24,Present,0,Generated default Present: no absent/halfday mark,b6e9d24d-a483-5233-ab21-398bc6c82c11
Keli Devi,AFSM-DUMMY-010,2025-10-25,Present,0,Generated default Present: no absent/halfday mark,5e8f3538-d131-567d-a235-d611b2705a6e
Keli Devi,AFSM-DUMMY-010,2025-10-26,Present,0,Generated default Present: no absent/halfday mark,b2bdbcf4-ad1d-55f7-b8d3-bc59b0337e92
Keli Devi,AFSM-DUMMY-010,2025-10-27,Present,0,Generated default Present: no absent/halfday mark,6e63b11a-04b3-5386-9620-e14bb27e7425
Keli Devi,AFSM-DUMMY-010,2025-10-28,Present,0,Generated default Present: no absent/halfday mark,c201a1e9-212b-559d-820c-5383dceb620f
Keli Devi,AFSM-DUMMY-010,2025-10-29,Present,0,Generated default Present: no absent/halfday mark,9fdceec9-b791-5829-b38c-198043c128e0
Keli Devi,AFSM-DUMMY-010,2025-10-30,Present,0,Generated default Present: no absent/halfday mark,0ff348f3-57fe-5718-84ce-2b70f5f889fd
Keli Devi,AFSM-DUMMY-010,2025-10-31,Present,0,Generated default Present: no absent/halfday mark,0858ad88-d27b-5800-9c6d-d6967eeaffdb
Keli Devi,AFSM-DUMMY-010,2025-11-01,Present,0,Generated default Present: no absent/halfday mark,349e3464-fca5-586c-9b19-58e0fb5ba733
Keli Devi,AFSM-DUMMY-010,2025-11-02,Present,0,Generated default Present: no absent/halfday mark,52bdc238-e76c-516f-ba85-41ede6f7403e
Keli Devi,AFSM-DUMMY-010,2025-11-03,Present,0,Generated default Present: no absent/halfday mark,7da740d4-b104-5af9-a844-92f301089fea
Keli Devi,AFSM-DUMMY-010,2025-11-04,Present,0,Generated default Present: no absent/halfday mark,3fa05db8-67ff-5963-b6aa-80b50dbe1feb
Keli Devi,AFSM-DUMMY-010,2025-11-05,Present,0,Generated default Present: no absent/halfday mark,c942c6fa-20c9-58ae-adaa-7df4500ed11d
Keli Devi,AFSM-DUMMY-010,2025-11-06,Present,0,Generated default Present: no absent/halfday mark,b258adde-4b61-5244-bd1f-bb09cd8f8a7d
Keli Devi,AFSM-DUMMY-010,2025-11-07,Present,0,Generated default Present: no absent/halfday mark,4ab6f288-e86e-5f1c-b51a-21ea7701f700
Keli Devi,AFSM-DUMMY-010,2025-11-08,Present,0,Generated default Present: no absent/halfday mark,503a9545-7380-512f-b77c-a1be4b8a3983
Keli Devi,AFSM-DUMMY-010,2025-11-09,Present,0,Generated default Present: no absent/halfday mark,0aa5a214-abee-5087-89a0-eeb9acdea98b
Keli Devi,AFSM-DUMMY-010,2025-11-10,Present,0,Generated default Present: no absent/halfday mark,275dff4f-42bc-5ae4-9a15-2d86e503473f
Keli Devi,AFSM-DUMMY-010,2025-11-11,Present,0,Generated default Present: no absent/halfday mark,6a2a9d2b-0b1d-5c13-bf83-db55477b472b
Keli Devi,AFSM-DUMMY-010,2025-11-12,Present,0,Generated default Present: no absent/halfday mark,189b4a8e-6de6-5465-97ce-47cf3375f621
Keli Devi,AFSM-DUMMY-010,2025-11-13,Present,0,Generated default Present: no absent/halfday mark,5c3141dd-0c05-5de9-9d37-e8b1538c9264
Keli Devi,AFSM-DUMMY-010,2025-11-14,Present,0,Generated default Present: no absent/halfday mark,670b8185-861e-5951-a2af-f85011259392
Keli Devi,AFSM-DUMMY-010,2025-11-15,Present,0,Generated default Present: no absent/halfday mark,d89697f9-e6e6-51ed-b087-ae78ddaa5a3f
Keli Devi,AFSM-DUMMY-010,2025-11-16,Present,0,Generated default Present: no absent/halfday mark,8365c565-1f1c-55b4-905a-8452746ff666
Keli Devi,AFSM-DUMMY-010,2025-11-17,Present,0,Generated default Present: no absent/halfday mark,99e50fbd-f12e-5576-8d98-de8279f7a349
Keli Devi,AFSM-DUMMY-010,2025-11-18,HalfDay,2,Excel import: HalfDay,a84b4a71-27fc-5a93-b8ee-03ca9dfb4c36
Keli Devi,AFSM-DUMMY-010,2025-11-19,Present,0,Generated default Present: no absent/halfday mark,8c4b3a3c-afad-55ef-8223-8d4b336c808c
Keli Devi,AFSM-DUMMY-010,2025-11-20,HalfDay,2,Excel import: HalfDay,e5928699-452b-53da-9d33-863e69daedf6
Keli Devi,AFSM-DUMMY-010,2025-11-21,Absent,1,Excel import: Absent,4f470e4d-3f6c-5bee-b007-8304e3d2a39a
Keli Devi,AFSM-DUMMY-010,2025-11-22,Absent,1,Excel import: Absent,a5a1b7f9-e2c0-57ce-be9d-6755edc376c4
Keli Devi,AFSM-DUMMY-010,2025-11-23,Present,0,Generated default Present: no absent/halfday mark,22ef047a-62ed-5964-a7da-1b9173ceea84
Keli Devi,AFSM-DUMMY-010,2025-11-24,Present,0,Generated default Present: no absent/halfday mark,692a9c03-c164-57c2-91db-1661e806fee0
Keli Devi,AFSM-DUMMY-010,2025-11-25,Present,0,Generated default Present: no absent/halfday mark,f8b916ff-4912-5f0f-a2d9-126a981c5b8a
Keli Devi,AFSM-DUMMY-010,2025-11-26,Present,0,Generated default Present: no absent/halfday mark,ef57b900-e322-5880-b59c-821eb6c6bb04
Keli Devi,AFSM-DUMMY-010,2025-11-27,Present,0,Generated default Present: no absent/halfday mark,36ccf985-75ca-53a2-aa78-6e328f0c9349
Keli Devi,AFSM-DUMMY-010,2025-11-28,Present,0,Generated default Present: no absent/halfday mark,21c41d3a-0261-529d-bc83-611928ec952e
Keli Devi,AFSM-DUMMY-010,2025-11-29,Present,0,Generated default Present: no absent/halfday mark,d0c6cd68-0123-546b-b838-966378fd1465
Keli Devi,AFSM-DUMMY-010,2025-11-30,Present,0,Generated default Present: no absent/halfday mark,9773083f-f8d4-5e7f-90ba-a64ea79d07a2
Keli Devi,AFSM-DUMMY-010,2025-12-01,Present,0,Generated default Present: no absent/halfday mark,277e2782-5ec5-50be-ab38-b848f0f2fead
Keli Devi,AFSM-DUMMY-010,2025-12-02,Absent,1,Excel import: Absent,03f71106-62d1-52ee-a43d-de6dd3ec7a0b
Keli Devi,AFSM-DUMMY-010,2025-12-03,Present,0,Generated default Present: no absent/halfday mark,37f21b82-49d7-591f-a6cb-61473baa8c53
Keli Devi,AFSM-DUMMY-010,2025-12-04,Present,0,Generated default Present: no absent/halfday mark,0cb2365e-26ea-53e7-9f52-41743958c6db
Keli Devi,AFSM-DUMMY-010,2025-12-05,Present,0,Generated default Present: no absent/halfday mark,379359f2-bb71-5426-9ae7-7c43b53b022e
Keli Devi,AFSM-DUMMY-010,2025-12-06,Present,0,Generated default Present: no absent/halfday mark,cb3b39aa-e0fe-52c6-a9fe-4cfefec881a7
Keli Devi,AFSM-DUMMY-010,2025-12-07,Present,0,Generated default Present: no absent/halfday mark,7be77569-ddd9-52d6-980a-35ca2b800ef9
Keli Devi,AFSM-DUMMY-010,2025-12-08,Present,0,Generated default Present: no absent/halfday mark,013a631e-7aa9-55bf-9d87-bc7353b8595e
Keli Devi,AFSM-DUMMY-010,2025-12-09,Present,0,Generated default Present: no absent/halfday mark,6c6aac8b-8e35-5096-82d9-358180f9b641
Keli Devi,AFSM-DUMMY-010,2025-12-10,Present,0,Generated default Present: no absent/halfday mark,1eb9e2dc-cfaa-5ee7-8540-83cd7093782c
Keli Devi,AFSM-DUMMY-010,2025-12-11,Present,0,Generated default Present: no absent/halfday mark,063fcc06-4f86-51cf-9a5a-f9f90700c3cc
Keli Devi,AFSM-DUMMY-010,2025-12-12,Present,0,Generated default Present: no absent/halfday mark,7c1dd967-bc50-5071-9534-8e1a328b00c2
Keli Devi,AFSM-DUMMY-010,2025-12-13,Present,0,Generated default Present: no absent/halfday mark,3f789a33-446b-535d-b224-d237c951ea0d
Keli Devi,AFSM-DUMMY-010,2025-12-14,Present,0,Generated default Present: no absent/halfday mark,167f10c6-98f3-52fc-9a33-0613296dba5b
Keli Devi,AFSM-DUMMY-010,2025-12-15,Present,0,Generated default Present: no absent/halfday mark,cd71fd22-a07a-5e1d-8f6c-a8e3a76e465f
Keli Devi,AFSM-DUMMY-010,2025-12-16,Present,0,Generated default Present: no absent/halfday mark,8ce86450-e35a-52ef-a640-01b8b79cd66e
Keli Devi,AFSM-DUMMY-010,2025-12-17,Present,0,Generated default Present: no absent/halfday mark,1602fda0-92c5-5576-a5de-150c60d17865
Keli Devi,AFSM-DUMMY-010,2025-12-18,Present,0,Generated default Present: no absent/halfday mark,29b3500e-3a18-5e2b-bb1c-b86449028acd
Keli Devi,AFSM-DUMMY-010,2025-12-19,Present,0,Generated default Present: no absent/halfday mark,e073a4d7-0075-5bd7-b657-93e90eee4c7f
Keli Devi,AFSM-DUMMY-010,2025-12-20,Present,0,Generated default Present: no absent/halfday mark,b3d4bdc1-864b-5e1d-8a37-e2072889b3d8
Keli Devi,AFSM-DUMMY-010,2025-12-21,Present,0,Generated default Present: no absent/halfday mark,4a70ad10-2000-546b-8524-dd128368053f
Keli Devi,AFSM-DUMMY-010,2025-12-22,Present,0,Generated default Present: no absent/halfday mark,ba009e40-4fb0-50f9-bde8-39ae15023667
Keli Devi,AFSM-DUMMY-010,2025-12-23,Present,0,Generated default Present: no absent/halfday mark,14c687a5-25d8-53ab-a9cc-d9add803cb9d
Keli Devi,AFSM-DUMMY-010,2025-12-24,Present,0,Generated default Present: no absent/halfday mark,a46633a3-1fc0-50ed-bda2-ac83bd8f7ea6
Keli Devi,AFSM-DUMMY-010,2025-12-25,Present,0,Generated default Present: no absent/halfday mark,0f70d9c1-582b-5a45-8d6e-3f43e5f31913
Keli Devi,AFSM-DUMMY-010,2025-12-26,Present,0,Generated default Present: no absent/halfday mark,b2300675-1850-5e59-9fbe-c14ef1969f4f
Keli Devi,AFSM-DUMMY-010,2025-12-27,Present,0,Generated default Present: no absent/halfday mark,50f9d808-be0e-553d-950d-021176dd9cae
Keli Devi,AFSM-DUMMY-010,2025-12-28,Present,0,Generated default Present: no absent/halfday mark,0cadfc5c-f7a8-566d-9d47-0973d8f369ee
Keli Devi,AFSM-DUMMY-010,2025-12-29,Present,0,Generated default Present: no absent/halfday mark,479d1b24-1f72-58de-9e76-10d01c3a200d
Keli Devi,AFSM-DUMMY-010,2025-12-30,Present,0,Generated default Present: no absent/halfday mark,9b915fd7-7753-5d8f-992c-dae6b10a582b
Keli Devi,AFSM-DUMMY-010,2025-12-31,Present,0,Generated default Present: no absent/halfday mark,ef3398be-0e4d-5448-ae15-509134f6c24d
Keli Devi,AFSM-DUMMY-010,2026-01-01,Present,0,Generated default Present: no absent/halfday mark,558ea808-ea2a-5bc0-8af1-697441b038a8
Keli Devi,AFSM-DUMMY-010,2026-01-02,Present,0,Generated default Present: no absent/halfday mark,b9baf9f8-359d-58fc-9cce-21af204fdbfb
Keli Devi,AFSM-DUMMY-010,2026-01-03,HalfDay,2,Excel import: HalfDay,e760354e-ffa9-5404-bb21-d55e3b5193bc
Keli Devi,AFSM-DUMMY-010,2026-01-04,Present,0,Generated default Present: no absent/halfday mark,d8ce80df-572e-5a58-a850-1a257d529b11
Keli Devi,AFSM-DUMMY-010,2026-01-05,Present,0,Generated default Present: no absent/halfday mark,f0ddad90-e210-5ab6-8082-100df8bf1fdd
Keli Devi,AFSM-DUMMY-010,2026-01-06,Present,0,Generated default Present: no absent/halfday mark,adb22ec2-49db-5647-9fcf-17609a282b3f
Keli Devi,AFSM-DUMMY-010,2026-01-07,Present,0,Generated default Present: no absent/halfday mark,8303a08b-fbc5-589a-892f-1362d288af4c
Keli Devi,AFSM-DUMMY-010,2026-01-08,Present,0,Generated default Present: no absent/halfday mark,ccb70d1a-af7b-54cf-b6e0-6b151ca4cbbf
Keli Devi,AFSM-DUMMY-010,2026-01-09,Present,0,Generated default Present: no absent/halfday mark,afd9cbae-65b1-598a-8504-a666d22c393e
Keli Devi,AFSM-DUMMY-010,2026-01-10,Present,0,Generated default Present: no absent/halfday mark,5cb6df4e-6de7-50fc-ad28-3f1ae4ad88f0
Keli Devi,AFSM-DUMMY-010,2026-01-11,Present,0,Generated default Present: no absent/halfday mark,4bf6e3f1-38f0-5f49-9f12-20632771ff5d
Keli Devi,AFSM-DUMMY-010,2026-01-12,Present,0,Generated default Present: no absent/halfday mark,824730c7-4664-5d6b-aa29-9e5cc9e4af30
Keli Devi,AFSM-DUMMY-010,2026-01-13,Present,0,Generated default Present: no absent/halfday mark,7ba5130b-4334-5148-9c41-e93429da37ef
Keli Devi,AFSM-DUMMY-010,2026-01-14,HalfDay,2,Excel import: HalfDay,c657ab53-3e73-523b-9982-b24feef7b20a
Keli Devi,AFSM-DUMMY-010,2026-01-15,Absent,1,Excel import: Absent,bdfa52ef-34eb-56a2-b9e2-753b67e457f9
Keli Devi,AFSM-DUMMY-010,2026-01-16,Absent,1,Excel import: Absent,0690dde5-0ecf-5281-97f9-240095c75176
Keli Devi,AFSM-DUMMY-010,2026-01-17,Absent,1,Excel import: Absent,cae77d22-8c81-5410-a263-7f7cd8f16eca
Keli Devi,AFSM-DUMMY-010,2026-01-18,Absent,1,Excel import: Absent,4620f856-92b0-5f80-bb03-352dd574d128
Keli Devi,AFSM-DUMMY-010,2026-01-19,Present,0,Generated default Present: no absent/halfday mark,337ca3a4-8689-58ac-9676-7ad1d2f2ea36
Keli Devi,AFSM-DUMMY-010,2026-01-20,Present,0,Generated default Present: no absent/halfday mark,93ca4e48-d944-5c05-bb9a-f4b06357f0a9
Keli Devi,AFSM-DUMMY-010,2026-01-21,HalfDay,2,Excel import: HalfDay,c9e839f0-5f5e-5672-a840-c563d72b9c64
Keli Devi,AFSM-DUMMY-010,2026-01-22,Present,0,Generated default Present: no absent/halfday mark,631662ad-0849-5db2-9553-ef705e043149
Keli Devi,AFSM-DUMMY-010,2026-01-23,Present,0,Generated default Present: no absent/halfday mark,ffd90902-0c14-5f5f-aad6-cc8ae9d9f5e9
Keli Devi,AFSM-DUMMY-010,2026-01-24,Present,0,Generated default Present: no absent/halfday mark,8fccb2bd-fba3-595d-aaf6-7466055c311d
Keli Devi,AFSM-DUMMY-010,2026-01-25,Present,0,Generated default Present: no absent/halfday mark,5a89f066-13bb-5ad1-82e5-76a1d8f4bdc0
Keli Devi,AFSM-DUMMY-010,2026-01-26,Present,0,Generated default Present: no absent/halfday mark,ff763a9e-e197-50aa-a6c2-74e140cd71cf
Keli Devi,AFSM-DUMMY-010,2026-01-27,Present,0,Generated default Present: no absent/halfday mark,ac218f8b-5ad5-587f-a895-b59321bf1aa7
Keli Devi,AFSM-DUMMY-010,2026-01-28,Present,0,Generated default Present: no absent/halfday mark,fa172e65-7dca-5712-914f-09e117751760
Keli Devi,AFSM-DUMMY-010,2026-01-29,Present,0,Generated default Present: no absent/halfday mark,147334e8-e122-5121-90aa-b5ffa7cb35b7
Keli Devi,AFSM-DUMMY-010,2026-01-30,Absent,1,Excel import: Absent,a43745c6-1794-5e5b-a98f-98c11ab9dcce
Keli Devi,AFSM-DUMMY-010,2026-01-31,Absent,1,Excel import: Absent,7df03fdb-34be-5bc2-9e34-1ef6909cd04d
Keli Devi,AFSM-DUMMY-010,2026-02-01,Absent,1,Excel import: Absent,6fcd0800-f6ce-5306-9b6f-b55944b2e577
Keli Devi,AFSM-DUMMY-010,2026-02-02,Present,0,Generated default Present: no absent/halfday mark,aab24284-74cc-5045-8eb9-5687af87746d
Keli Devi,AFSM-DUMMY-010,2026-02-03,Absent,1,Excel import: Absent,124c1857-146e-544b-ab77-af01e6322074
Keli Devi,AFSM-DUMMY-010,2026-02-04,Absent,1,Excel import: Absent,d9cd7218-0daf-57e9-bf41-1bbbd6c73e4b
Keli Devi,AFSM-DUMMY-010,2026-02-05,HalfDay,2,Excel import: HalfDay,9e6a16cf-1e06-59cf-9590-4e0d75ca91fc
Keli Devi,AFSM-DUMMY-010,2026-02-06,Present,0,Generated default Present: no absent/halfday mark,681596aa-0fa6-5b71-935e-1d746032b289
Keli Devi,AFSM-DUMMY-010,2026-02-07,Present,0,Generated default Present: no absent/halfday mark,a0f758ad-9412-5ebf-98d6-dd843f5cddb8
Keli Devi,AFSM-DUMMY-010,2026-02-08,Present,0,Generated default Present: no absent/halfday mark,e02e1575-534c-5958-86d3-58ffe3f7ad93
Keli Devi,AFSM-DUMMY-010,2026-02-09,Present,0,Generated default Present: no absent/halfday mark,70e65290-80ac-50b7-83fd-06044ee26016
Keli Devi,AFSM-DUMMY-010,2026-02-10,Present,0,Generated default Present: no absent/halfday mark,f2206ede-0eac-5548-ac23-a94d6e0ea4ad
Keli Devi,AFSM-DUMMY-010,2026-02-11,Present,0,Generated default Present: no absent/halfday mark,19c28eef-7771-5a45-95b3-1d7c23b963d0
Keli Devi,AFSM-DUMMY-010,2026-02-12,Absent,1,Excel import: Absent,d2821df4-84b8-584f-8ad2-4779d83daa61
Keli Devi,AFSM-DUMMY-010,2026-02-13,Absent,1,Excel import: Absent,f2c1a1aa-8477-5b1c-82f4-23bec58489a3
Keli Devi,AFSM-DUMMY-010,2026-02-14,Present,0,Generated default Present: no absent/halfday mark,fb97e8a6-1c24-5cf3-ba3e-fbe41e4e61e6
Keli Devi,AFSM-DUMMY-010,2026-02-15,Present,0,Generated default Present: no absent/halfday mark,9b715b61-a6d1-5efa-8115-c24a4a41a932
Keli Devi,AFSM-DUMMY-010,2026-02-16,Present,0,Generated default Present: no absent/halfday mark,56ddb507-5edb-58e0-a4b0-b030421730ba
Keli Devi,AFSM-DUMMY-010,2026-02-17,Present,0,Generated default Present: no absent/halfday mark,e3ef2e6c-5831-5dd1-bd05-d931ffdfe7f7
Keli Devi,AFSM-DUMMY-010,2026-02-18,Present,0,Generated default Present: no absent/halfday mark,2f86d4cf-ec96-5011-adfb-a648fb844eb5
Keli Devi,AFSM-DUMMY-010,2026-02-19,Present,0,Generated default Present: no absent/halfday mark,f09fcf30-3680-5b6a-881c-c864eb065479
Keli Devi,AFSM-DUMMY-010,2026-02-20,Absent,1,Excel import: Absent,0df1fae1-9568-56d8-b9ae-eaeff170a08a
Keli Devi,AFSM-DUMMY-010,2026-02-21,Present,0,Generated default Present: no absent/halfday mark,939d8416-2be0-5689-b0c4-c8b61a4e6c0e
Keli Devi,AFSM-DUMMY-010,2026-02-22,Present,0,Generated default Present: no absent/halfday mark,572db080-805c-5d6b-aec3-c447bb980281
Keli Devi,AFSM-DUMMY-010,2026-02-23,HalfDay,2,Excel import: HalfDay,19981ace-cd3f-58df-80e8-c63d641fd8c3
Keli Devi,AFSM-DUMMY-010,2026-02-24,Present,0,Generated default Present: no absent/halfday mark,5451ada4-7adb-536f-a949-a4b16e37458c
Keli Devi,AFSM-DUMMY-010,2026-02-25,Present,0,Generated default Present: no absent/halfday mark,0a73b3ce-a1d0-5c61-bdf3-f2f3fece315b
Keli Devi,AFSM-DUMMY-010,2026-02-26,Present,0,Generated default Present: no absent/halfday mark,b26394f0-cdf1-5a18-97e0-e01ca3af1d95
Keli Devi,AFSM-DUMMY-010,2026-02-27,Present,0,Generated default Present: no absent/halfday mark,b5e3c44d-f8ab-5916-9c29-8d54ca051bb5
Keli Devi,AFSM-DUMMY-010,2026-02-28,Present,0,Generated default Present: no absent/halfday mark,c2d83d79-ea1e-58b4-8b9a-a56b40b3547e
Keli Devi,AFSM-DUMMY-010,2026-03-01,Present,0,Generated default Present: no absent/halfday mark,915eb43e-1203-5c56-b4dd-3ea01e47aec5
Keli Devi,AFSM-DUMMY-010,2026-03-02,Present,0,Generated default Present: no absent/halfday mark,89ec85b2-5e20-5ce1-b46d-c84267dfb290
Keli Devi,AFSM-DUMMY-010,2026-03-03,Present,0,Generated default Present: no absent/halfday mark,dd60a93d-219e-52a0-9894-c83f2e001bb5
Keli Devi,AFSM-DUMMY-010,2026-03-04,Present,0,Generated default Present: no absent/halfday mark,1507f630-40cf-574a-bb14-508c2ad24f51
Keli Devi,AFSM-DUMMY-010,2026-03-05,Present,0,Generated default Present: no absent/halfday mark,46fe9b07-c300-5de9-a0cb-7dbe7353c718
Keli Devi,AFSM-DUMMY-010,2026-03-06,Present,0,Generated default Present: no absent/halfday mark,317d7fea-703c-55fe-88be-683ff4647eae
Keli Devi,AFSM-DUMMY-010,2026-03-07,Present,0,Generated default Present: no absent/halfday mark,44252178-879c-599f-9b2a-9ee1cbe5c269
Keli Devi,AFSM-DUMMY-010,2026-03-08,Present,0,Generated default Present: no absent/halfday mark,62ae80cb-88e8-5135-a05a-60d2c51e0dfc
Keli Devi,AFSM-DUMMY-010,2026-03-09,Present,0,Generated default Present: no absent/halfday mark,b03dc8f9-2227-501f-b277-3415f3134401
Keli Devi,AFSM-DUMMY-010,2026-03-10,Present,0,Generated default Present: no absent/halfday mark,a8a1296e-d8af-5e35-b7c2-a51d3bb04955
Keli Devi,AFSM-DUMMY-010,2026-03-11,Present,0,Generated default Present: no absent/halfday mark,583c59d8-fbcb-5315-be86-e3b1807ce31f
Keli Devi,AFSM-DUMMY-010,2026-03-12,Present,0,Generated default Present: no absent/halfday mark,2cd1e94a-852e-57ed-b5f3-0d9284e0ed20
Keli Devi,AFSM-DUMMY-010,2026-03-13,Present,0,Generated default Present: no absent/halfday mark,64948b4e-857e-58d2-aae3-c24c1cd6ab75
Keli Devi,AFSM-DUMMY-010,2026-03-14,HalfDay,2,Excel import: HalfDay,1d85a597-4140-5aae-b1da-a9260a0eabd7
Keli Devi,AFSM-DUMMY-010,2026-03-15,Present,0,Generated default Present: no absent/halfday mark,bd10ed93-a637-55a0-ae76-1668507875f8
Keli Devi,AFSM-DUMMY-010,2026-03-16,Present,0,Generated default Present: no absent/halfday mark,6d7712a6-81d2-5dd9-b020-159dd140867e
Keli Devi,AFSM-DUMMY-010,2026-03-17,Present,0,Generated default Present: no absent/halfday mark,e5234a1f-11d6-5499-a8e2-b7b318f0524d
Keli Devi,AFSM-DUMMY-010,2026-03-18,Present,0,Generated default Present: no absent/halfday mark,4d49f7fb-48f4-562f-9ea6-34c2e913317b
Keli Devi,AFSM-DUMMY-010,2026-03-19,Present,0,Generated default Present: no absent/halfday mark,277abf4a-1a1c-5cee-b82e-ecf6c3e46be6
Keli Devi,AFSM-DUMMY-010,2026-03-20,Present,0,Generated default Present: no absent/halfday mark,4a30aa9c-c65f-548a-8db0-055821e2297c
Keli Devi,AFSM-DUMMY-010,2026-03-21,Absent,1,Excel import: Absent,355c5eb8-fa57-5aa7-a1a0-f7e811aaeee3
Keli Devi,AFSM-DUMMY-010,2026-03-22,Present,0,Generated default Present: no absent/halfday mark,6a6082d0-cc83-531d-b1f3-119c3aaa6d80
Keli Devi,AFSM-DUMMY-010,2026-03-23,Present,0,Generated default Present: no absent/halfday mark,cfc91c47-1cf5-5fdc-8e5e-e6139b85feb2
Keli Devi,AFSM-DUMMY-010,2026-03-24,Present,0,Generated default Present: no absent/halfday mark,02ebcc1f-5a09-5dd6-8427-e59f6816cb4f
Keli Devi,AFSM-DUMMY-010,2026-03-25,Present,0,Generated default Present: no absent/halfday mark,39f835e0-fd21-53b3-8330-8d6d1e507c0c
Keli Devi,AFSM-DUMMY-010,2026-03-26,Present,0,Generated default Present: no absent/halfday mark,4b6446eb-dcca-5494-8509-124c4294d926
Keli Devi,AFSM-DUMMY-010,2026-03-27,Present,0,Generated default Present: no absent/halfday mark,d8aa39ce-4e34-5aae-bd08-44e84856b0d0
Keli Devi,AFSM-DUMMY-010,2026-03-28,Present,0,Generated default Present: no absent/halfday mark,d06e9709-a3be-5866-9304-dafa21727d1a
Keli Devi,AFSM-DUMMY-010,2026-03-29,HalfDay,2,Excel import: HalfDay,5603cdc4-570c-5930-9ab2-583c9f67c7e0
Keli Devi,AFSM-DUMMY-010,2026-03-30,Absent,1,Excel import: Absent,f8b9e924-c887-57a9-90c3-44b501e7b1c1
Keli Devi,AFSM-DUMMY-010,2026-03-31,Present,0,Generated default Present: no absent/halfday mark,40825176-4e9a-5a4f-985b-0d751fd2e81d
Keli Devi,AFSM-DUMMY-010,2026-04-01,Present,0,Generated default Present: no absent/halfday mark,7f177016-dd96-53cb-8fe9-3ab8c566cc66
Keli Devi,AFSM-DUMMY-010,2026-04-02,Present,0,Generated default Present: no absent/halfday mark,d1f3990f-bba9-51d4-8543-dc43b6ca3b5c
Keli Devi,AFSM-DUMMY-010,2026-04-03,Present,0,Generated default Present: no absent/halfday mark,e70d92aa-be12-5a13-9b02-49d7fa97af4e
Keli Devi,AFSM-DUMMY-010,2026-04-04,Present,0,Generated default Present: no absent/halfday mark,eef04166-20e6-5761-9780-d3d66f4c5a24
Keli Devi,AFSM-DUMMY-010,2026-04-05,HalfDay,2,Excel import: HalfDay,9528cdfe-e250-50f3-8910-ab3c0dcdfa93
Keli Devi,AFSM-DUMMY-010,2026-04-06,Present,0,Generated default Present: no absent/halfday mark,66acb05f-f4d8-50e6-9ef1-99458e6d8906
Keli Devi,AFSM-DUMMY-010,2026-04-07,Present,0,Generated default Present: no absent/halfday mark,d435ef60-488c-59bf-9c31-9fcb63abfdd2
Keli Devi,AFSM-DUMMY-010,2026-04-08,Present,0,Generated default Present: no absent/halfday mark,da50dbca-d794-52d4-b0ce-d9cf6f8784db
Keli Devi,AFSM-DUMMY-010,2026-04-09,Present,0,Generated default Present: no absent/halfday mark,f76902ca-2db0-560d-abe0-80bf9d341934
Keli Devi,AFSM-DUMMY-010,2026-04-10,Present,0,Generated default Present: no absent/halfday mark,21cfbedc-fe27-59b7-aad3-70148bf50d75
Keli Devi,AFSM-DUMMY-010,2026-04-11,Absent,1,Excel import: Absent,79b1aaac-d15b-5830-9c01-d997fd4cd936
Keli Devi,AFSM-DUMMY-010,2026-04-12,Present,0,Generated default Present: no absent/halfday mark,ce4d705e-cde2-5fcb-89ae-73b39ea13711
Keli Devi,AFSM-DUMMY-010,2026-04-13,Present,0,Generated default Present: no absent/halfday mark,e64f64e5-bb05-55d8-ad06-01b68389de7f
Keli Devi,AFSM-DUMMY-010,2026-04-14,Present,0,Generated default Present: no absent/halfday mark,07bec974-aeac-51d9-8931-0eb4aabf0b73
Keli Devi,AFSM-DUMMY-010,2026-04-15,Present,0,Generated default Present: no absent/halfday mark,16458a2d-e918-50e4-bdf2-e0e9e256f266
Keli Devi,AFSM-DUMMY-010,2026-04-16,Present,0,Generated default Present: no absent/halfday mark,0e3ffd89-2a5f-578e-9ad7-f5b03e611b24
Keli Devi,AFSM-DUMMY-010,2026-04-17,Present,0,Generated default Present: no absent/halfday mark,3ccaad97-e610-51e8-bb39-767a03d24ae5
Keli Devi,AFSM-DUMMY-010,2026-04-18,Present,0,Generated default Present: no absent/halfday mark,d756ba4f-e03b-59de-9145-b053cd5508a1
Keli Devi,AFSM-DUMMY-010,2026-04-19,Absent,1,Excel import: Absent,ccad90c0-e788-515d-8385-94f18c5385c8
Keli Devi,AFSM-DUMMY-010,2026-04-20,Present,0,Generated default Present: no absent/halfday mark,bfb3cb93-6ca7-516d-bb93-8f576ec32c23
Keli Devi,AFSM-DUMMY-010,2026-04-21,Absent,1,Excel import: Absent,2d046757-f431-5d97-b1ea-60d7840b19b0
Keli Devi,AFSM-DUMMY-010,2026-04-22,Absent,1,Excel import: Absent,7f95f9fb-e584-5212-a959-67254428fde7
Keli Devi,AFSM-DUMMY-010,2026-04-23,Present,0,Generated default Present: no absent/halfday mark,7f9ef6d4-cc29-5628-9ff3-c642a094c326
Keli Devi,AFSM-DUMMY-010,2026-04-24,Present,0,Generated default Present: no absent/halfday mark,432e8f15-7da5-5f0b-958f-0a2645dce183
Keli Devi,AFSM-DUMMY-010,2026-04-25,Absent,1,Excel import: Absent,86010202-581a-5c68-8627-9cc2f62d3401
Keli Devi,AFSM-DUMMY-010,2026-04-26,Absent,1,Excel import: Absent,e6cdacbd-52e8-5e6b-8074-2261f1a265f3
Keli Devi,AFSM-DUMMY-010,2026-04-27,Absent,1,Excel import: Absent,e44e9915-e07a-5dcb-bfe0-b54466e7007c
Keli Devi,AFSM-DUMMY-010,2026-04-28,Absent,1,Excel import: Absent,27e3881e-8fc2-5c85-9256-7e1c03d68d98
Keli Devi,AFSM-DUMMY-010,2026-04-29,Absent,1,Excel import: Absent,a182de5f-0946-52e5-8e87-e315168f7216
Keli Devi,AFSM-DUMMY-010,2026-04-30,Absent,1,Excel import: Absent,fba1cade-dec4-5da6-8746-94e9b62f945b
Keli Devi,AFSM-DUMMY-010,2026-05-01,Absent,1,Excel import: Absent,aebb8739-1228-5a28-9c70-ef258e237f49
Keli Devi,AFSM-DUMMY-010,2026-05-02,Absent,1,Excel import: Absent,8924eda4-853b-5fee-ae7d-7c7dbbd9267e
Keli Devi,AFSM-DUMMY-010,2026-05-03,Present,0,Generated default Present: no absent/halfday mark,f2af95dd-51f8-5024-8136-f8b276939533
Keli Devi,AFSM-DUMMY-010,2026-05-04,Present,0,Generated default Present: no absent/halfday mark,5c18eda8-cb85-57fe-8223-fea8143c89ef
Keli Devi,AFSM-DUMMY-010,2026-05-05,Present,0,Generated default Present: no absent/halfday mark,dbe1793d-dcf5-5d20-8bc5-09500d351297
Keli Devi,AFSM-DUMMY-010,2026-05-06,Present,0,Generated default Present: no absent/halfday mark,b4075f79-4c80-56c1-9873-ddc6d60a1ece
Keli Devi,AFSM-DUMMY-010,2026-05-07,Present,0,Generated default Present: no absent/halfday mark,23d67017-0c50-5928-a448-456d68ced005
Keli Devi,AFSM-DUMMY-010,2026-05-08,Present,0,Generated default Present: no absent/halfday mark,bca3227c-f32f-5cbf-950c-26aae12e2ddb
Keli Devi,AFSM-DUMMY-010,2026-05-09,Present,0,Generated default Present: no absent/halfday mark,8ce87756-7d02-501a-a10d-75920c1b6a81
Keli Devi,AFSM-DUMMY-010,2026-05-10,Present,0,Generated default Present: no absent/halfday mark,03bcbd78-74dc-58f1-b8d6-489f6e93a67f
Keli Devi,AFSM-DUMMY-010,2026-05-11,Present,0,Generated default Present: no absent/halfday mark,925f9820-6866-5c21-b34d-cfebb4aff16b
Keli Devi,AFSM-DUMMY-010,2026-05-12,Present,0,Generated default Present: no absent/halfday mark,15381ddf-3833-5615-8fa2-581406199746
Keli Devi,AFSM-DUMMY-010,2026-05-13,Present,0,Generated default Present: no absent/halfday mark,61694ecb-b28b-5dc3-9ca5-3f6d8e9cdbe0
Keli Devi,AFSM-DUMMY-010,2026-05-14,Present,0,Generated default Present: no absent/halfday mark,558b819f-4e87-5804-8135-5a07ea36f32e
Keli Devi,AFSM-DUMMY-010,2026-05-15,Present,0,Generated default Present: no absent/halfday mark,f039f904-fb5e-50ef-9200-63a16663b176
Keli Devi,AFSM-DUMMY-010,2026-05-16,Present,0,Generated default Present: no absent/halfday mark,5b1f7f16-e189-5b0b-9156-983a220e1204
Keli Devi,AFSM-DUMMY-010,2026-05-17,Present,0,Generated default Present: no absent/halfday mark,17c6ad26-f95a-5684-8229-4058066c487a
Keli Devi,AFSM-DUMMY-010,2026-05-18,Present,0,Generated default Present: no absent/halfday mark,06eda116-c0e0-54c9-b709-cb2ece544f15
Keli Devi,AFSM-DUMMY-010,2026-05-19,Present,0,Generated default Present: no absent/halfday mark,08424ceb-df7d-5056-981a-28543eb74cc2
Keli Devi,AFSM-DUMMY-010,2026-05-20,Present,0,Generated default Present: no absent/halfday mark,7178d531-4f5c-5f73-a244-bcf83d3bf469
Keli Devi,AFSM-DUMMY-010,2026-05-21,Present,0,Generated default Present: no absent/halfday mark,a20180f8-ed29-5e2e-93ad-50ca19e2728f
Keli Devi,AFSM-DUMMY-010,2026-05-22,Present,0,Generated default Present: no absent/halfday mark,fabee718-30e9-58d4-9079-b424c260d569
Keli Devi,AFSM-DUMMY-010,2026-05-23,Present,0,Generated default Present: no absent/halfday mark,9eb24e91-a2d9-5218-bc24-41c762cd3d38
Keli Devi,AFSM-DUMMY-010,2026-05-24,Present,0,Generated default Present: no absent/halfday mark,f4faa14e-850d-55f8-9a40-a549c6a2db4e
Keli Devi,AFSM-DUMMY-010,2026-05-25,Present,0,Generated default Present: no absent/halfday mark,736d99b9-2ef7-5cb8-82de-14c0a39bc18b
Keli Devi,AFSM-DUMMY-010,2026-05-26,HalfDay,2,Excel import: HalfDay,2839112d-edb1-567f-92dd-7c84d05e603a
Keli Devi,AFSM-DUMMY-010,2026-05-27,Present,0,Generated default Present: no absent/halfday mark,49a1000b-f788-5fce-96fb-bddf9843d8da
Keli Devi,AFSM-DUMMY-010,2026-05-28,Present,0,Generated default Present: no absent/halfday mark,db071f15-79d7-5c96-afd8-29660d788097
Keli Devi,AFSM-DUMMY-010,2026-05-29,Present,0,Generated default Present: no absent/halfday mark,430ae37b-3e23-53c8-93dc-3357fb2b012f
Keli Devi,AFSM-DUMMY-010,2026-05-30,Present,0,Generated default Present: no absent/halfday mark,16c0bf2a-2496-5927-8717-d19953ba999c
Keli Devi,AFSM-DUMMY-010,2026-05-31,Present,0,Generated default Present: no absent/halfday mark,9ba0f8bb-c5e9-596b-a15d-c3f60bd6614e
Keli Devi,AFSM-DUMMY-010,2026-06-01,Present,0,Generated default Present: no absent/halfday mark,69084065-ff76-5467-b524-a96e08034569
Keli Devi,AFSM-DUMMY-010,2026-06-02,Present,0,Generated default Present: no absent/halfday mark,9e6c46ba-e17a-58c3-9c7a-736820921648
Keli Devi,AFSM-DUMMY-010,2026-06-03,Present,0,Generated default Present: no absent/halfday mark,7d2bceb6-d153-5928-82a9-48a9fa7713af
Keli Devi,AFSM-DUMMY-010,2026-06-04,Present,0,Generated default Present: no absent/halfday mark,196055e5-151c-5f1f-aa43-4c2612c70b92
Keli Devi,AFSM-DUMMY-010,2026-06-05,Present,0,Generated default Present: no absent/halfday mark,36838df5-07bb-58d2-a95c-576f0fff54bf
Keli Devi,AFSM-DUMMY-010,2026-06-06,Present,0,Generated default Present: no absent/halfday mark,22c309e8-8f71-5f0f-b50c-17e4d9bb14a6
Keli Devi,AFSM-DUMMY-010,2026-06-07,Present,0,Generated default Present: no absent/halfday mark,8dac09d6-746c-5e3e-9711-08684b04e1ae
Keli Devi,AFSM-DUMMY-010,2026-06-08,Present,0,Generated default Present: no absent/halfday mark,a5acf960-45ee-552f-a34e-ad037ab514fe
Keli Devi,AFSM-DUMMY-010,2026-06-09,HalfDay,2,Excel import: HalfDay,60ab460a-1400-5f70-a508-574ce28daa5f
Keli Devi,AFSM-DUMMY-010,2026-06-10,Present,0,Generated default Present: no absent/halfday mark,99b23e58-ef1c-51b6-9e04-b2aaa0b30b57
Keli Devi,AFSM-DUMMY-010,2026-06-11,Present,0,Generated default Present: no absent/halfday mark,786beac4-06f9-5c71-a75e-17d46f674e8b
Keli Devi,AFSM-DUMMY-010,2026-06-12,Present,0,Generated default Present: no absent/halfday mark,4b6ec3a6-49a3-5441-b937-e47e177ee42e
Keli Devi,AFSM-DUMMY-010,2026-06-13,Present,0,Generated default Present: no absent/halfday mark,d667eef3-39cb-56b8-8ad8-f94229a6fc6e
Keli Devi,AFSM-DUMMY-010,2026-06-14,Present,0,Generated default Present: no absent/halfday mark,72b5ea95-22d9-5975-b1a6-192c5cdd7827
Keli Devi,AFSM-DUMMY-010,2026-06-15,Present,0,Generated default Present: no absent/halfday mark,6d79c40d-ea8c-5daa-8785-0bb681019d8d
Keli Devi,AFSM-DUMMY-010,2026-06-16,Present,0,Generated default Present: no absent/halfday mark,ab2b9b7d-0196-593a-b918-fa323b40aae8
Keli Devi,AFSM-DUMMY-010,2026-06-17,Present,0,Generated default Present: no absent/halfday mark,3b57e810-f26c-51b3-9ba8-27ef485093bf
Keli Devi,AFSM-DUMMY-010,2026-06-18,Present,0,Generated default Present: no absent/halfday mark,23361b25-6cc5-5207-a90c-da0757267749
Keli Devi,AFSM-DUMMY-010,2026-06-19,Present,0,Generated default Present: no absent/halfday mark,c771bb6a-c072-57f3-8e21-0984f6043272
Keli Devi,AFSM-DUMMY-010,2026-06-20,Present,0,Generated default Present: no absent/halfday mark,c8f2d59f-d691-5555-8da8-e82c26bb6ca8
Keli Devi,AFSM-DUMMY-010,2026-06-21,Absent,1,Excel import: Absent,e23f9b5e-89bc-5e1a-9208-922e53a57434
Keli Devi,AFSM-DUMMY-010,2026-06-22,Present,0,Generated default Present: no absent/halfday mark,4f55b437-5e97-56d1-908a-530a67296095
Keli Devi,AFSM-DUMMY-010,2026-06-23,Present,0,Generated default Present: no absent/halfday mark,1dadbb7f-0941-5de4-a4e4-28f8b9501a46
